{
"type": "FeatureCollection",
"name": "rta2",
"crs": { "type": "name", "properties": { "name": "urn:ogc:def:crs:OGC:1.3:CRS84" } },
"xy_coordinate_resolution": 1e-15,
"features": [
{ "type": "Feature", "properties": { "RTA_ID": "JRTA1", "TIME": 20 }, "geometry": { "type": "MultiPolygon", "coordinates": [ [ [ [ 120.988418459407626, 14.566354987753868 ], [ 120.988324007318852, 14.566236073844379 ], [ 120.988284522000185, 14.566272455000103 ], [ 120.98811568300016, 14.56662139000025 ], [ 120.986863164000169, 14.568932890000042 ], [ 120.986972660000333, 14.568939237000109 ], [ 120.987014633000172, 14.56894685900005 ], [ 120.987152835000074, 14.568990498000176 ], [ 120.987545941000121, 14.569187323000051 ], [ 120.988284756000212, 14.569536177000089 ], [ 120.987876327000095, 14.570228443999952 ], [ 120.98724768, 14.571357131000127 ], [ 120.986590443000068, 14.572493722000104 ], [ 120.986203609000086, 14.573225002999948 ], [ 120.985320800000068, 14.574785266 ], [ 120.984897235000176, 14.57550819 ], [ 120.984462686000143, 14.576298754 ], [ 120.984407310000051, 14.576420281999958 ], [ 120.984515505000331, 14.576479915999926 ], [ 120.98464612100031, 14.576564180000105 ], [ 120.984694305000062, 14.576622411000073 ], [ 120.984708493000312, 14.57668849200013 ], [ 120.984698451000213, 14.576772496000103 ], [ 120.984580452000159, 14.577060598 ], [ 120.984064044000206, 14.578176693000216 ], [ 120.983841437000024, 14.578698883000072 ], [ 120.985404683000183, 14.579520241000182 ], [ 120.986065396000072, 14.579852394999989 ], [ 120.986140136548215, 14.579891973984672 ], [ 120.985329368359999, 14.581356241686422 ], [ 120.984996648092647, 14.581952749963364 ], [ 120.98469649424635, 14.582495523645719 ], [ 120.984079903342831, 14.583539820211001 ], [ 120.983988717364241, 14.583701566768298 ], [ 120.983362899308418, 14.584832164348654 ], [ 120.98294387802548, 14.585584448672591 ], [ 120.982592160679246, 14.586260744680715 ], [ 120.981957115470777, 14.587316982266827 ], [ 120.9814968433883, 14.588054611701523 ], [ 120.981392361742564, 14.588208219077217 ], [ 120.981127580902807, 14.588691278074123 ], [ 120.981141498329293, 14.588782682764702 ], [ 120.981140346600114, 14.588835662307929 ], [ 120.981113856828529, 14.588959761129672 ], [ 120.980924973238984, 14.589937579223374 ], [ 120.980828515918347, 14.590300229956426 ], [ 120.980799722688289, 14.590387185511361 ], [ 120.980853112000091, 14.590402828000265 ], [ 120.982058739000081, 14.590394008999965 ], [ 120.983947689000274, 14.590386752000029 ], [ 120.983968664000145, 14.590249617000097 ], [ 120.9840770200002, 14.589995782000017 ], [ 120.984588866000081, 14.588842601999943 ], [ 120.984641173000114, 14.58874547600027 ], [ 120.984938819000035, 14.588054897000063 ], [ 120.985155778000149, 14.587573328000133 ], [ 120.985778157000027, 14.586209530000247 ], [ 120.98621584100033, 14.585213927000041 ], [ 120.986422629000231, 14.584738593000111 ], [ 120.987115303, 14.583240032000219 ], [ 120.987372598000206, 14.582638326999927 ], [ 120.988214946000085, 14.580869188 ], [ 120.98840962900033, 14.580733756000313 ], [ 120.988528862417752, 14.580665804962109 ], [ 120.98963317100015, 14.580019345000267 ], [ 120.99126428, 14.579157730000134 ], [ 120.993220859000303, 14.578144421000218 ], [ 120.99213934300019, 14.577699579999944 ], [ 120.992624532000264, 14.576599438999949 ], [ 120.99311732000001, 14.575551845000291 ], [ 120.993631299000185, 14.574434537000059 ], [ 120.993734436000068, 14.574206098000047 ], [ 120.994130469690504, 14.57339188853382 ], [ 120.994257017000109, 14.57313795500022 ], [ 120.994428364000328, 14.572777943000119 ], [ 120.994558842000288, 14.572487175000219 ], [ 120.994737667000095, 14.572055872000305 ], [ 120.994888719000528, 14.571663153000259 ], [ 120.994937807000269, 14.571472022000307 ], [ 120.994973690000165, 14.571411812000292 ], [ 120.994629537000151, 14.571280570000283 ], [ 120.99427861800018, 14.571123881 ], [ 120.993910273000324, 14.570981584000094 ], [ 120.993574615000284, 14.57084766800017 ], [ 120.993066701000203, 14.570640840000124 ], [ 120.992522669000095, 14.57046090700004 ], [ 120.991626379000195, 14.570274389000076 ], [ 120.991559180155491, 14.570259149385379 ], [ 120.991367542938974, 14.570023099967329 ], [ 120.991071257706039, 14.569673525620772 ], [ 120.990742429307375, 14.569259523932374 ], [ 120.989841346938874, 14.568151063306857 ], [ 120.989279422092068, 14.567456782872114 ], [ 120.988418459407626, 14.566354987753868 ] ] ] ] } },
{ "type": "Feature", "properties": { "RTA_ID": "JRTA4", "TIME": 20 }, "geometry": { "type": "MultiPolygon", "coordinates": [ [ [ [ 121.073539241846788, 14.566178510843827 ], [ 121.073353048295189, 14.564487174456076 ], [ 121.074100329000089, 14.564457217000154 ], [ 121.074169079000058, 14.564451467000026 ], [ 121.074544954000203, 14.564436465000028 ], [ 121.074789329000055, 14.564440338999987 ], [ 121.075060454000209, 14.564438086999985 ], [ 121.075259079000034, 14.564439711000148 ], [ 121.075537329000099, 14.564447334000135 ], [ 121.07575720400007, 14.56448258000006 ], [ 121.075846954000099, 14.564489704000096 ], [ 121.076550704000169, 14.564523448000216 ], [ 121.076795204000064, 14.564611316000196 ], [ 121.077118455000232, 14.564717932000178 ], [ 121.077466080000136, 14.564860045000103 ], [ 121.077564706000317, 14.56491866600004 ], [ 121.078052707000097, 14.565118776000077 ], [ 121.078255832000423, 14.565205394000145 ], [ 121.078369833000352, 14.56525151500017 ], [ 121.078490208000062, 14.565284137000219 ], [ 121.078745958000127, 14.565326883000182 ], [ 121.079211083000018, 14.565375877000122 ], [ 121.079485208000051, 14.565400749000048 ], [ 121.079837583000312, 14.565457743000195 ], [ 121.080164209000145, 14.565525611999988 ], [ 121.080199707000247, 14.565222256000311 ], [ 121.080295079000166, 14.564836280000179 ], [ 121.080901329000199, 14.564893648000293 ], [ 121.081308704000094, 14.564936767000233 ], [ 121.081590454000093, 14.564969763000136 ], [ 121.081794080000122, 14.565023758999985 ], [ 121.081981455000232, 14.565102128000319 ], [ 121.082316956, 14.565266740000254 ], [ 121.082855332, 14.565538594000202 ], [ 121.083229959000164, 14.565734205000297 ], [ 121.083331459000192, 14.565772077000247 ], [ 121.083417584000131, 14.565773701000012 ], [ 121.083520458000294, 14.565699455000072 ], [ 121.083600082000316, 14.565561838 ], [ 121.083917578000296, 14.564851507000128 ], [ 121.084153074000028, 14.56431666400016 ], [ 121.084299323000209, 14.564116301000013 ], [ 121.084392447000027, 14.56404380500004 ], [ 121.084565321000014, 14.563936811000076 ], [ 121.084711571000184, 14.563872063999952 ], [ 121.084849571000063, 14.563833441000043 ], [ 121.084951571000147, 14.563807941999983 ], [ 121.085477695, 14.563833062000299 ], [ 121.087250197000117, 14.564155781000068 ], [ 121.0878589470002, 14.564180650000083 ], [ 121.089256695000017, 14.563953531000038 ], [ 121.089447569000185, 14.563924407000115 ], [ 121.089626944000202, 14.563889658 ], [ 121.089726694000092, 14.563849785000173 ], [ 121.089863193000269, 14.563748790999966 ], [ 121.089992442000039, 14.563565552 ], [ 121.090039066000031, 14.563473682000222 ], [ 121.090085815000066, 14.563334941000051 ], [ 121.090099690000216, 14.563268195000035 ], [ 121.0900875640001, 14.563132579000012 ], [ 121.09003581200011, 14.562882720000175 ], [ 121.089989437000099, 14.56280272500004 ], [ 121.089901561000261, 14.562679109000101 ], [ 121.089570433000063, 14.56216214400024 ], [ 121.089328681000097, 14.561825042000237 ], [ 121.089185804000067, 14.561574309000036 ], [ 121.089142303000131, 14.561389695 ], [ 121.089171677000081, 14.561167584000202 ], [ 121.089400672000124, 14.560442879 ], [ 121.089524669000184, 14.5600425290001 ], [ 121.089799165000159, 14.55937157000028 ], [ 121.089999286000079, 14.558791356000086 ], [ 121.090149908000285, 14.558310760000268 ], [ 121.090242281000201, 14.557980906000125 ], [ 121.090439654000079, 14.557692298000063 ], [ 121.090851400000247, 14.557153580000261 ], [ 121.091201147000106, 14.556737979000047 ], [ 121.092396139000243, 14.555513175000158 ], [ 121.093330896764769, 14.554544967694369 ], [ 121.093031375236819, 14.554376661793754 ], [ 121.092761513117011, 14.554119178670419 ], [ 121.092417377019387, 14.553611639821042 ], [ 121.092039986636109, 14.552762406724412 ], [ 121.091648158965199, 14.552738192619586 ], [ 121.090372790332822, 14.552072508213826 ], [ 121.089234259316072, 14.552139896855522 ], [ 121.08828466681814, 14.5527962783828 ], [ 121.08758394726965, 14.553034711863916 ], [ 121.086327669065668, 14.553257873735504 ], [ 121.085598949180849, 14.553186384610456 ], [ 121.084000195006638, 14.553098477619983 ], [ 121.082102191044328, 14.553510466931812 ], [ 121.081109926529848, 14.553738146522733 ], [ 121.080613527694254, 14.553802114750226 ], [ 121.079984435719439, 14.553827572349462 ], [ 121.077162587069893, 14.553430143321123 ], [ 121.076021531540277, 14.553664889555989 ], [ 121.074063352960025, 14.554802749293628 ], [ 121.073208266008237, 14.555125941835684 ], [ 121.07242880634044, 14.555409186333975 ], [ 121.071407520831258, 14.555787742598682 ], [ 121.069604480163548, 14.556729781653075 ], [ 121.067380364697328, 14.5578961919976 ], [ 121.067356285867277, 14.55791135277633 ], [ 121.067413565915672, 14.558510325839848 ], [ 121.067386636816195, 14.558524085574334 ], [ 121.067082086185223, 14.55928549630562 ], [ 121.06662518027747, 14.560085040600597 ], [ 121.066177797287082, 14.560502669916616 ], [ 121.066666521974867, 14.561186000128714 ], [ 121.066917402967078, 14.561390666201248 ], [ 121.06733663830903, 14.561565622682565 ], [ 121.067785583242312, 14.561737278098121 ], [ 121.068062872759697, 14.561905632448145 ], [ 121.069112611647483, 14.563265671510351 ], [ 121.069855351426895, 14.564394635974622 ], [ 121.07031419955706, 14.565338740760808 ], [ 121.070479252841324, 14.565738169708538 ], [ 121.070567028689766, 14.566126098711038 ], [ 121.070635205000258, 14.566154943000299 ], [ 121.070913832980636, 14.566243877497925 ], [ 121.071179826664093, 14.566292619795945 ], [ 121.071691466055768, 14.566293161377132 ], [ 121.072439157433564, 14.566248596990135 ], [ 121.073539241846788, 14.566178510843827 ] ] ] ] } },
{ "type": "Feature", "properties": { "RTA_ID": "JRTA175", "TIME": 30 }, "geometry": { "type": "MultiPolygon", "coordinates": [ [ [ [ 121.091464350000138, 14.604792645000316 ], [ 121.09159613900033, 14.604761090000238 ], [ 121.091713041000162, 14.604769369000167 ], [ 121.091805818000012, 14.604783252000288 ], [ 121.091898272000208, 14.604803351000271 ], [ 121.092049359000271, 14.604885468000248 ], [ 121.093528239346369, 14.604720404965349 ], [ 121.093247853000321, 14.60370685900017 ], [ 121.093026378000104, 14.602879030000167 ], [ 121.093066475755904, 14.602538432348183 ], [ 121.093140709247791, 14.602399244550895 ], [ 121.09388304416666, 14.602213660821178 ], [ 121.094736729323699, 14.602185823261721 ], [ 121.096388424518182, 14.602297173499551 ], [ 121.096786301000179, 14.60234780400026 ], [ 121.097260668048079, 14.602352848618466 ], [ 121.097455530964339, 14.602250777567122 ], [ 121.097668952253457, 14.602037356277947 ], [ 121.099096294000333, 14.599491084000306 ], [ 121.099809351269755, 14.598335476380043 ], [ 121.100172270563462, 14.597972557086337 ], [ 121.100667160509488, 14.597642630455766 ], [ 121.100931101814126, 14.597428178145833 ], [ 121.100964094477035, 14.597015769857478 ], [ 121.100733647000311, 14.596209407000288 ], [ 121.100717809235675, 14.596149994890425 ], [ 121.100494691124482, 14.596019110583654 ], [ 121.100443166362425, 14.595094827764456 ], [ 121.100172156740882, 14.595073738079236 ], [ 121.100090771517898, 14.594578019120036 ], [ 121.099986137000315, 14.59460301400037 ], [ 121.099068264000152, 14.594835505000333 ], [ 121.098462515000165, 14.594964750000258 ], [ 121.098029663030047, 14.595067259250413 ], [ 121.097832745548999, 14.593516690279216 ], [ 121.09777144583245, 14.593383913522871 ], [ 121.097760796435182, 14.593340908926734 ], [ 121.097758198948782, 14.593215748457396 ], [ 121.097759458162386, 14.593069205687073 ], [ 121.097735295, 14.5928102331942 ], [ 121.09752812600027, 14.59281764300016 ], [ 121.097465664345918, 14.592823538697075 ], [ 121.09746538749539, 14.592811380354306 ], [ 121.097443724627965, 14.592652001322335 ], [ 121.097430355292659, 14.592498111081511 ], [ 121.097430631701855, 14.592465947567916 ], [ 121.09744201784099, 14.592423212914412 ], [ 121.097442325303859, 14.592387435522312 ], [ 121.097439266749234, 14.592315941151526 ], [ 121.097402093067103, 14.591940220306867 ], [ 121.097357419546256, 14.591582418637699 ], [ 121.09734148315556, 14.591299844400453 ], [ 121.097172370169687, 14.589716710193784 ], [ 121.095970508000164, 14.589816582000253 ], [ 121.095812861000127, 14.58982433600022 ], [ 121.095133455593668, 14.589874226096697 ], [ 121.093333749835665, 14.59004945790781 ], [ 121.092726042639924, 14.590101937013856 ], [ 121.089940417148455, 14.590394150121256 ], [ 121.086739958911494, 14.590658967569198 ], [ 121.085879302205399, 14.59073910969164 ], [ 121.085582177345714, 14.590710834768288 ], [ 121.084427741000127, 14.590551676000359 ], [ 121.083767179000233, 14.590417892000119 ], [ 121.083106371924146, 14.590293330633187 ], [ 121.082975456187, 14.590266972080883 ], [ 121.0829313305901, 14.590479271429444 ], [ 121.082687710152754, 14.591453753178996 ], [ 121.082482847512097, 14.592249672221499 ], [ 121.082372110949564, 14.592836576002526 ], [ 121.082333353152762, 14.593283674873305 ], [ 121.082361037293708, 14.594068520259725 ], [ 121.082455163371606, 14.595146817536602 ], [ 121.082532678965322, 14.596204351707911 ], [ 121.082571436762123, 14.597105470484848 ], [ 121.082665562840248, 14.5976743795743 ], [ 121.082682173324542, 14.598388630402212 ], [ 121.082565899933911, 14.599080733917503 ], [ 121.082369342535685, 14.600165952229361 ], [ 121.082269679629462, 14.601295465166402 ], [ 121.082291826941855, 14.602424978103272 ], [ 121.082546521035852, 14.602967587259286 ], [ 121.083022688254118, 14.603299796946601 ], [ 121.083509929128695, 14.603432680821527 ], [ 121.084207569472142, 14.603443754477837 ], [ 121.084871988846999, 14.603310870602911 ], [ 121.085198094165094, 14.603159396448234 ], [ 121.08570682242032, 14.602915485640949 ], [ 121.085888013305748, 14.602790045797008 ], [ 121.086438554842289, 14.602302224182267 ], [ 121.086738216691401, 14.601981655692498 ], [ 121.08700303413957, 14.601612305041442 ], [ 121.087044847420771, 14.601452020796557 ], [ 121.087065754061427, 14.601235985510016 ], [ 121.087170287264485, 14.600838759337876 ], [ 121.087309664868712, 14.600323062202222 ], [ 121.087469949113597, 14.59975858290511 ], [ 121.087609326717825, 14.599500734337369 ], [ 121.087915957447194, 14.599256823529913 ], [ 121.088348028020164, 14.599054726003828 ], [ 121.088598907708047, 14.598992006081914 ], [ 121.088975227239303, 14.599026850482915 ], [ 121.089295795729186, 14.599040788243371 ], [ 121.089581519817671, 14.598917090619636 ], [ 121.089755741823069, 14.598868308458236 ], [ 121.090083279192868, 14.59888921509895 ], [ 121.090334158880296, 14.599035561583207 ], [ 121.09042475432318, 14.599279472390663 ], [ 121.090389909922123, 14.599948484891001 ], [ 121.090299314479466, 14.601154101167481 ], [ 121.090058719916669, 14.601978276733121 ], [ 121.089240204012071, 14.603558260322245 ], [ 121.089116985019018, 14.603783276783702 ], [ 121.089221929000132, 14.603863607000164 ], [ 121.089469453000333, 14.604070351000189 ], [ 121.090355375000172, 14.604870327000299 ], [ 121.090452184000242, 14.604970987000286 ], [ 121.09055104900051, 14.605046296000239 ], [ 121.090596999000581, 14.605061142000238 ], [ 121.090650837000112, 14.605060073000232 ], [ 121.090746527000306, 14.605028191000258 ], [ 121.091022334000513, 14.604926832000274 ], [ 121.091464350000138, 14.604792645000316 ] ] ] ] } },
{ "type": "Feature", "properties": { "RTA_ID": "JRTA12", "TIME": 20 }, "geometry": { "type": "MultiPolygon", "coordinates": [ [ [ [ 121.046748522211033, 14.556280363802045 ], [ 121.047806707323275, 14.555853674227706 ], [ 121.048944630591336, 14.55619642181091 ], [ 121.049161388000243, 14.555920325000272 ], [ 121.049939136000376, 14.555646337000326 ], [ 121.051801181000656, 14.555066076000401 ], [ 121.052028281000617, 14.555004459000145 ], [ 121.052718177000543, 14.554785501000367 ], [ 121.054487125000492, 14.554219901000067 ], [ 121.054802999000117, 14.554123905000324 ], [ 121.054986624000207, 14.554064407000169 ], [ 121.054935998000019, 14.553893794000373 ], [ 121.055023872000447, 14.553813048000279 ], [ 121.055134747000125, 14.553733178000414 ], [ 121.055232996000655, 14.553691680000327 ], [ 121.055422807196351, 14.553346399879388 ], [ 121.055613164077272, 14.552525485832291 ], [ 121.055632887560478, 14.55211370380141 ], [ 121.055649424000649, 14.551951872000302 ], [ 121.055671204000191, 14.551894775000278 ], [ 121.055671204000191, 14.551771964000295 ], [ 121.055681492146164, 14.551528953044624 ], [ 121.05556945974854, 14.551310489867831 ], [ 121.055285644339165, 14.550526263079405 ], [ 121.054948323646386, 14.549636270509268 ], [ 121.054771338754222, 14.549125244498271 ], [ 121.054325900126287, 14.547734789154163 ], [ 121.0542238310004, 14.547406211000293 ], [ 121.05419349689862, 14.547361356504894 ], [ 121.053421451288955, 14.547297131670575 ], [ 121.052550059811665, 14.547239038905502 ], [ 121.051790704381574, 14.547400868751197 ], [ 121.051359158126388, 14.547541951180847 ], [ 121.050114313159384, 14.547940301570293 ], [ 121.047732509788489, 14.548720404416429 ], [ 121.046168154613497, 14.549226641369785 ], [ 121.044043619202739, 14.549919605068112 ], [ 121.043709041290299, 14.550021886090349 ], [ 121.043584027916154, 14.550959296066651 ], [ 121.043399817681006, 14.551868891463869 ], [ 121.043259490141281, 14.55242661404435 ], [ 121.042801589291685, 14.553831931921025 ], [ 121.042447972597188, 14.554436768603409 ], [ 121.041717701225934, 14.555651711270457 ], [ 121.041640663001658, 14.555820465000352 ], [ 121.044101839383075, 14.555764529794715 ], [ 121.045980475930946, 14.555409928982726 ], [ 121.046748522211033, 14.556280363802045 ] ] ] ] } },
{ "type": "Feature", "properties": { "RTA_ID": "JRTA18", "TIME": 20 }, "geometry": { "type": "MultiPolygon", "coordinates": [ [ [ [ 120.990040639240419, 14.550131930237342 ], [ 120.990360081498011, 14.548857396549863 ], [ 120.990517676536115, 14.54820692496537 ], [ 120.990875409211299, 14.546696557211646 ], [ 120.991080125380677, 14.545810392571127 ], [ 120.991315800209804, 14.54473691247432 ], [ 120.991385266787574, 14.544409676221449 ], [ 120.991623631783909, 14.543183799097733 ], [ 120.991899708177812, 14.541598204339493 ], [ 120.991971322201152, 14.541161358797694 ], [ 120.992012340291581, 14.540880750757083 ], [ 120.992182851189455, 14.539402989638802 ], [ 120.992482325501442, 14.537011815427661 ], [ 120.992759451314441, 14.534676339255896 ], [ 120.993096366542545, 14.532025939460993 ], [ 120.993312283449882, 14.529977370090307 ], [ 120.993418765299907, 14.529098894828508 ], [ 120.993658018140536, 14.52728184213197 ], [ 120.993680686422863, 14.526924800949018 ], [ 120.993728864030913, 14.525982659000022 ], [ 120.993725557724588, 14.524048471781839 ], [ 120.99368021409316, 14.522330451973801 ], [ 120.993579450468133, 14.520642661253305 ], [ 120.993377923217963, 14.517821279750308 ], [ 120.993333736903651, 14.517470872000899 ], [ 120.992768796775863, 14.517500155689788 ], [ 120.992396878798445, 14.517501533163738 ], [ 120.99176048581478, 14.517396845140524 ], [ 120.990594433335104, 14.517185440034098 ], [ 120.978783015286126, 14.517915648744179 ], [ 120.979052710879614, 14.519865981505916 ], [ 120.979243473107886, 14.527041447944043 ], [ 120.979350313553141, 14.529746126433565 ], [ 120.978755493503627, 14.534187943612892 ], [ 120.978752912191226, 14.534187453846073 ], [ 120.978747115401802, 14.5348249899086 ], [ 120.97859950549946, 14.5366726884846 ], [ 120.978552821348671, 14.541804864717903 ], [ 120.978712957347852, 14.542188780401318 ], [ 120.979037794123997, 14.542446546237045 ], [ 120.979756363410388, 14.542612211258131 ], [ 120.9810631325646, 14.542878444537962 ], [ 120.981879478204974, 14.54307692966978 ], [ 120.981820496055775, 14.54344766173989 ], [ 120.981541029979553, 14.544451459587208 ], [ 120.981166199528275, 14.545939784247707 ], [ 120.980327573560658, 14.549107289947585 ], [ 120.981727326544274, 14.549722645865984 ], [ 120.981757544000175, 14.549712070000112 ], [ 120.981842193000148, 14.549720131000129 ], [ 120.981982668, 14.54981750200011 ], [ 120.98313945700022, 14.550365905000092 ], [ 120.983359289000077, 14.550445494000201 ], [ 120.986429871000155, 14.551423345000217 ], [ 120.98772616988299, 14.551810568520807 ], [ 120.987906502469855, 14.551822794458985 ], [ 120.988233546313609, 14.551893093602871 ], [ 120.989468948485637, 14.552268311339219 ], [ 120.989820251109222, 14.551003815025012 ], [ 120.990040639240419, 14.550131930237342 ] ] ] ] } },
{ "type": "Feature", "properties": { "RTA_ID": "JRTA20", "TIME": 20 }, "geometry": { "type": "MultiPolygon", "coordinates": [ [ [ [ 121.046423815093817, 14.628602286331045 ], [ 121.046660259312716, 14.628545822039996 ], [ 121.046867656904737, 14.628565969299018 ], [ 121.046956696850657, 14.628577583203651 ], [ 121.048307975423654, 14.625669848011853 ], [ 121.049416156960206, 14.623224013004631 ], [ 121.050171735280628, 14.62153375631766 ], [ 121.051072832388513, 14.619563655808406 ], [ 121.051302304322803, 14.619087921310381 ], [ 121.052332129588876, 14.616877155113968 ], [ 121.052560255032176, 14.616409280001108 ], [ 121.052449592000016, 14.616412812000135 ], [ 121.052290479000135, 14.616426207000131 ], [ 121.05161562, 14.616409016000205 ], [ 121.051409934189905, 14.616352520033161 ], [ 121.051000305, 14.616105834000166 ], [ 121.050649466000323, 14.61586082600013 ], [ 121.050384960000088, 14.61566336400017 ], [ 121.0501343950001, 14.615458866000097 ], [ 121.04947090600001, 14.614956310000082 ], [ 121.049164698000027, 14.614720548000093 ], [ 121.048943646000225, 14.614571415000114 ], [ 121.04873772100018, 14.614473938000117 ], [ 121.048599156000023, 14.614435652000168 ], [ 121.048467165000147, 14.614411042000086 ], [ 121.048322657000085, 14.614413455000204 ], [ 121.048222717000044, 14.614427063999983 ], [ 121.047996624, 14.614482174000102 ], [ 121.047688157000039, 14.614610614000071 ], [ 121.046969154000067, 14.614937172999987 ], [ 121.046188968000024, 14.612555679000138 ], [ 121.046153148000144, 14.612501194000174 ], [ 121.045451939000031, 14.611869913000078 ], [ 121.044305472000019, 14.610827433000168 ], [ 121.04406872800007, 14.610560066000119 ], [ 121.043133861000115, 14.609766808000074 ], [ 121.043075237000039, 14.609713813000042 ], [ 121.043052983000052, 14.6096859230002 ], [ 121.042947042000037, 14.609775750000097 ], [ 121.04268703900027, 14.609898437000197 ], [ 121.042276911000272, 14.610274540000148 ], [ 121.041918772000031, 14.610595977000173 ], [ 121.04178433300001, 14.610652526000138 ], [ 121.041650902000129, 14.6106959560002 ], [ 121.041513858000144, 14.611120287000062 ], [ 121.041480002000185, 14.611247412000012 ], [ 121.041421933000038, 14.611349015000144 ], [ 121.041343117106862, 14.611405753028464 ], [ 121.041242061000048, 14.611456027000088 ], [ 121.040920601000153, 14.611540935000221 ], [ 121.040734947828355, 14.611586650094864 ], [ 121.03934249200006, 14.612316603000068 ], [ 121.039173154000082, 14.612488986000017 ], [ 121.039114517460007, 14.612540733002788 ], [ 121.039066106000064, 14.612576023000031 ], [ 121.039028356025597, 14.612599895626261 ], [ 121.03897841511764, 14.61262653077722 ], [ 121.038919403226259, 14.612651998276078 ], [ 121.038858304000087, 14.612672433000057 ], [ 121.03850998300004, 14.61275866300025 ], [ 121.039431084000057, 14.613497735000124 ], [ 121.039468258954571, 14.61354079697719 ], [ 121.039502102395545, 14.613586523694039 ], [ 121.039532424000299, 14.613634658000137 ], [ 121.039563076433637, 14.613693399427518 ], [ 121.039583968257034, 14.61374252886776 ], [ 121.03960135300008, 14.613793006000094 ], [ 121.039686351, 14.614118567000162 ], [ 121.039701484140778, 14.614166075400192 ], [ 121.039719606000176, 14.614212526000188 ], [ 121.039746942570105, 14.614269944485102 ], [ 121.03977884200026, 14.614324959000157 ], [ 121.039809411714145, 14.614369591467664 ], [ 121.039842986000053, 14.614412010000194 ], [ 121.039868384000215, 14.614440485000102 ], [ 121.040243114000305, 14.6147974000001 ], [ 121.040663272000074, 14.615176808000058 ], [ 121.039787473000047, 14.616626112000063 ], [ 121.039673264000044, 14.616811493 ], [ 121.039390505000028, 14.617283679000195 ], [ 121.039290902000062, 14.617434703000072 ], [ 121.038931332000175, 14.618028568999989 ], [ 121.03882335000003, 14.618225394000206 ], [ 121.038371088000304, 14.618969870000171 ], [ 121.038026469000101, 14.619518631000176 ], [ 121.037883028000124, 14.619767551000166 ], [ 121.037341856000239, 14.620665166000094 ], [ 121.036963037000078, 14.621274422000056 ], [ 121.036744187000068, 14.621640958 ], [ 121.036484956000209, 14.622086816000149 ], [ 121.036128274000021, 14.622645932000012 ], [ 121.035940785000093, 14.622981552999988 ], [ 121.035663076000105, 14.623468460000083 ], [ 121.035405745000048, 14.623897515000124 ], [ 121.035207720000585, 14.624255868000205 ], [ 121.036174730000653, 14.624312766000116 ], [ 121.037173484000505, 14.624375589000067 ], [ 121.037591278000491, 14.624432199000125 ], [ 121.037516186951507, 14.624673179471642 ], [ 121.037631883387917, 14.62464904136624 ], [ 121.037757532362548, 14.624650706837883 ], [ 121.03789844145615, 14.624708814346945 ], [ 121.038078022165109, 14.624834377624211 ], [ 121.038574626752961, 14.625469837025946 ], [ 121.038962155232412, 14.625781826702337 ], [ 121.039589566977043, 14.626172793955789 ], [ 121.040115611206943, 14.626452463039925 ], [ 121.040967936034917, 14.626812037576656 ], [ 121.041684865512593, 14.627080608681354 ], [ 121.042170957016197, 14.627307007463742 ], [ 121.042396247056558, 14.627430553615056 ], [ 121.042824216538406, 14.627674154546639 ], [ 121.042922656149926, 14.627695386619791 ], [ 121.042958913562643, 14.627710973918738 ], [ 121.042976869881045, 14.627707079777508 ], [ 121.043004196466086, 14.627712973746782 ], [ 121.043212408539262, 14.627667096510152 ], [ 121.043424842726836, 14.627635547518651 ], [ 121.043570826324867, 14.62768023637534 ], [ 121.043599580461205, 14.627690779558748 ], [ 121.043729819890928, 14.627821018987959 ], [ 121.043911154141483, 14.628079991638742 ], [ 121.044094663087094, 14.628319964875743 ], [ 121.044128882655968, 14.628345629552371 ], [ 121.044144177776502, 14.628365754710956 ], [ 121.044182865434891, 14.628386116636477 ], [ 121.04430640417911, 14.628478770694414 ], [ 121.044388966912834, 14.628494591098558 ], [ 121.044439384032216, 14.628521126424516 ], [ 121.044677450035351, 14.628549869301594 ], [ 121.044895750217051, 14.628591699276456 ], [ 121.045120699044446, 14.628603384929932 ], [ 121.04528505007238, 14.628623227836101 ], [ 121.046383903354467, 14.628608572537246 ], [ 121.046406924518692, 14.628602447193657 ], [ 121.046423815093817, 14.628602286331045 ] ] ] ] } },
{ "type": "Feature", "properties": { "RTA_ID": "JRTA233", "TIME": 30 }, "geometry": { "type": "MultiPolygon", "coordinates": [ [ [ [ 121.069705195000211, 14.593004404000226 ], [ 121.069557765000127, 14.592992052000113 ], [ 121.068094634000431, 14.591916130000243 ], [ 121.066698882000196, 14.591589284000236 ], [ 121.062465221000025, 14.590639319000218 ], [ 121.061925252000151, 14.590515882000204 ], [ 121.061900049000315, 14.590499917000216 ], [ 121.061876204000214, 14.590481985000167 ], [ 121.061817515813914, 14.590422253246913 ], [ 121.061390890828307, 14.590785779172904 ], [ 121.058457957788278, 14.593201377571177 ], [ 121.05854786224495, 14.593450311137246 ], [ 121.058851174902202, 14.594360249110707 ], [ 121.059296463698047, 14.595667881606175 ], [ 121.059419079453733, 14.596100263480139 ], [ 121.059557828860306, 14.596687528413327 ], [ 121.0597004262371, 14.597437665963469 ], [ 121.059752288819027, 14.597945919272206 ], [ 121.059773033852139, 14.598433427547604 ], [ 121.059783406368979, 14.598806838141911 ], [ 121.059762661335071, 14.599647011978732 ], [ 121.059901576000357, 14.59966012100034 ], [ 121.059999454000149, 14.599672904000272 ], [ 121.067519352000318, 14.601445296000179 ], [ 121.067961841257102, 14.601547578044347 ], [ 121.068596700001649, 14.598501259000216 ], [ 121.069008378001968, 14.596534624000128 ], [ 121.06939057600141, 14.594847330000107 ], [ 121.069578568001589, 14.594052580000096 ], [ 121.069682265001688, 14.59354722400019 ], [ 121.069705195000211, 14.593004404000226 ] ] ] ] } },
{ "type": "Feature", "properties": { "RTA_ID": "JRTA213", "TIME": 30 }, "geometry": { "type": "MultiPolygon", "coordinates": [ [ [ [ 121.05461324300029, 14.59200849400014 ], [ 121.056023108000318, 14.590552578000086 ], [ 121.055219094000108, 14.588265978000095 ], [ 121.055173593000291, 14.588160734999974 ], [ 121.054915718000188, 14.588166736000233 ], [ 121.054641218000029, 14.588156364000099 ], [ 121.054150718000301, 14.588076372000216 ], [ 121.053494967, 14.58794425900021 ], [ 121.052261840000028, 14.587538168000094 ], [ 121.051785773120173, 14.587317382933065 ], [ 121.051439713000036, 14.587150071999929 ], [ 121.051283096655993, 14.587043018875875 ], [ 121.051060462, 14.586978710000153 ], [ 121.049639711000054, 14.586769982000135 ], [ 121.049468961000116, 14.586755859000107 ], [ 121.049280586, 14.586775984000099 ], [ 121.049177712000073, 14.586807608000015 ], [ 121.049060587000099, 14.586869980000017 ], [ 121.048984463000011, 14.586922602000129 ], [ 121.048905338000054, 14.5870059720001 ], [ 121.048785840000164, 14.587246207000021 ], [ 121.048655967000172, 14.587531690000105 ], [ 121.047503993429245, 14.587379913735617 ], [ 121.047566065699698, 14.587655875650285 ], [ 121.047587135119215, 14.587704841354309 ], [ 121.047653273688638, 14.587805774309459 ], [ 121.047641400518273, 14.587868017214873 ], [ 121.047594340540854, 14.587972430866103 ], [ 121.047591995970151, 14.588004034105609 ], [ 121.047612988907645, 14.588052999170998 ], [ 121.04764369874124, 14.588102045483083 ], [ 121.047650838391405, 14.588142763124097 ], [ 121.047667437571704, 14.588195395839193 ], [ 121.047705128997109, 14.588233658404022 ], [ 121.047785089752097, 14.58830299371607 ], [ 121.047839462318279, 14.588358562421831 ], [ 121.047841839261991, 14.588410082360326 ], [ 121.047830094951223, 14.588431668406372 ], [ 121.047794539773577, 14.588454862389995 ], [ 121.047752069870171, 14.58847257749261 ], [ 121.047702484433671, 14.588490233091022 ], [ 121.047638762058, 14.58852313013665 ], [ 121.047579574570022, 14.588562389651202 ], [ 121.047513530658875, 14.588624269908053 ], [ 121.047480368207061, 14.588697176879521 ], [ 121.047473069832904, 14.588804633503742 ], [ 121.047473067054852, 14.58890040551006 ], [ 121.047485151378623, 14.588979111911669 ], [ 121.04749894205554, 14.589055212403935 ], [ 121.0474869412717, 14.589131910371066 ], [ 121.047446980326526, 14.589194821864851 ], [ 121.047392609673807, 14.589243156684745 ], [ 121.047331512316077, 14.589273365038252 ], [ 121.04726521849409, 14.589285459720656 ], [ 121.047196785513393, 14.589288501395629 ], [ 121.047119246620355, 14.589298563544105 ], [ 121.047027438821033, 14.589358799232002 ], [ 121.046905649432802, 14.589502241012212 ], [ 121.04686283405897, 14.590151955287297 ], [ 121.046693181933392, 14.590418685703753 ], [ 121.046432310277737, 14.590567439124186 ], [ 121.046124353720984, 14.590795095845351 ], [ 121.045982600712023, 14.59083679611831 ], [ 121.045649249177359, 14.591052953577503 ], [ 121.04544240339419, 14.591116680494224 ], [ 121.045238831639722, 14.59107208932312 ], [ 121.045176096552723, 14.591089621563867 ], [ 121.045173161171874, 14.591159569991191 ], [ 121.045197857861922, 14.591250064542749 ], [ 121.045204093319057, 14.591331375731841 ], [ 121.04508663792376, 14.591508710473022 ], [ 121.04493058558171, 14.591857268582316 ], [ 121.044699246999471, 14.592069764335974 ], [ 121.043766929718458, 14.593843274579342 ], [ 121.047194905000083, 14.597356074000118 ], [ 121.047838159000207, 14.597939783000186 ], [ 121.048369119000085, 14.598443871000143 ], [ 121.048473495000167, 14.598529615000132 ], [ 121.04894662200013, 14.598938460999989 ], [ 121.049018052000179, 14.599014717000102 ], [ 121.049102026000014, 14.59908756599998 ], [ 121.049652607000212, 14.599579058000188 ], [ 121.049704362762554, 14.599628330117923 ], [ 121.053524291174199, 14.596806154326543 ], [ 121.054745576087043, 14.59590181186519 ], [ 121.05474412600006, 14.595830875000104 ], [ 121.05468563400018, 14.594563956000172 ], [ 121.05461324300029, 14.59200849400014 ] ] ] ] } },
{ "type": "Feature", "properties": { "RTA_ID": "JRTA23", "TIME": 20 }, "geometry": { "type": "MultiPolygon", "coordinates": [ [ [ [ 121.038559324000175, 14.58764112200015 ], [ 121.038844000000267, 14.587633822000271 ], [ 121.039782846000321, 14.587641737000297 ], [ 121.04121196400024, 14.586602920000189 ], [ 121.041523962000156, 14.586384182000245 ], [ 121.041694962000406, 14.586300436000045 ], [ 121.041751212000122, 14.586335183000187 ], [ 121.042978963000337, 14.586629282000274 ], [ 121.043222463000234, 14.586609532000239 ], [ 121.043401463000123, 14.586564034000219 ], [ 121.04353658700029, 14.58649466199995 ], [ 121.044490708000126, 14.58592344300024 ], [ 121.044552657000168, 14.585893461000239 ], [ 121.044734274000348, 14.586068398999942 ], [ 121.046370965000165, 14.587182726000037 ], [ 121.046502591000376, 14.587247971000181 ], [ 121.048614953000197, 14.585478196000224 ], [ 121.049852321000117, 14.584461878000354 ], [ 121.049763946000098, 14.584388883000429 ], [ 121.049363941000365, 14.583610060000183 ], [ 121.049097688000302, 14.583081971000297 ], [ 121.048945686000138, 14.582766242000389 ], [ 121.048861560000432, 14.582639000000142 ], [ 121.048798185000123, 14.582557131000215 ], [ 121.048645559000192, 14.582405890999951 ], [ 121.048548058000279, 14.582350770000289 ], [ 121.048466683000356, 14.582323898000368 ], [ 121.04838418300028, 14.582315024000195 ], [ 121.048319763711561, 14.582314488066004 ], [ 121.048231183000439, 14.582342648000122 ], [ 121.047376811000277, 14.582653633000234 ], [ 121.04677606200039, 14.582879123000396 ], [ 121.046666938000385, 14.582915246000084 ], [ 121.046580563000134, 14.582916371000124 ], [ 121.044763689000433, 14.583040250000124 ], [ 121.044732938000266, 14.582871136000165 ], [ 121.044486434000305, 14.582174056000042 ], [ 121.044423808000033, 14.582049690000417 ], [ 121.044411432000288, 14.581941197000049 ], [ 121.044411431000412, 14.581742334000239 ], [ 121.044362171000216, 14.580192933000205 ], [ 121.04431116300043, 14.578878642000234 ], [ 121.043731286000366, 14.578575540000202 ], [ 121.042961284000171, 14.57815794600009 ], [ 121.04292340800032, 14.578126949000307 ], [ 121.042661033000172, 14.578048705000413 ], [ 121.041690782000273, 14.577793102000101 ], [ 121.041621032000194, 14.577806977000307 ], [ 121.03955578700004, 14.57844207400035 ], [ 121.039403160000347, 14.578060349000111 ], [ 121.039381409000384, 14.577995104000138 ], [ 121.039375284000357, 14.577900110000087 ], [ 121.03931065800009, 14.577833614000099 ], [ 121.039193533000343, 14.577772119000429 ], [ 121.039001657000199, 14.577694625000049 ], [ 121.038747782000314, 14.57761838100032 ], [ 121.038799530000347, 14.577356773000361 ], [ 121.038817279000114, 14.577192407999974 ], [ 121.038825028000133, 14.577069541000185 ], [ 121.038797026000111, 14.576734062000241 ], [ 121.038792294000018, 14.576473671000088 ], [ 121.038677023000218, 14.576237845000321 ], [ 121.038829768000141, 14.575514390000421 ], [ 121.036767892000285, 14.57511667800037 ], [ 121.036700142000313, 14.575116053000215 ], [ 121.036744641000382, 14.575072181000337 ], [ 121.036996889000307, 14.57467220500007 ], [ 121.037047638000331, 14.574574836000295 ], [ 121.036413763000382, 14.574456597000221 ], [ 121.036103763000142, 14.574456724000299 ], [ 121.035916763000273, 14.574477724000246 ], [ 121.035588139000197, 14.574553596000328 ], [ 121.035602888000085, 14.574488725000379 ], [ 121.035664762000124, 14.574282238000421 ], [ 121.035687261000135, 14.57413149700011 ], [ 121.035694760000297, 14.574002380000366 ], [ 121.035712134000278, 14.573888637000096 ], [ 121.035462509000354, 14.573757397000065 ], [ 121.035395130000211, 14.57318205900043 ], [ 121.035267000000431, 14.572386611000354 ], [ 121.035256499000184, 14.572217497000395 ], [ 121.03531574800013, 14.57211050300026 ], [ 121.035377320000293, 14.571938315000011 ], [ 121.035410547000311, 14.571798023000326 ], [ 121.035423469000079, 14.57165773000014 ], [ 121.035416085000179, 14.571570970000266 ], [ 121.035381012000244, 14.571484210000222 ], [ 121.035323493000419, 14.571402923000107 ], [ 121.035178993000159, 14.571349427000143 ], [ 121.03470599200034, 14.571101321000413 ], [ 121.03462111700037, 14.571086198000103 ], [ 121.034522117000165, 14.571063700000195 ], [ 121.034413866000364, 14.57098770500005 ], [ 121.034332241000243, 14.570933709000201 ], [ 121.034109435000119, 14.570676332000119 ], [ 121.034010262000379, 14.570552031000432 ], [ 121.034046941000042, 14.570525889000407 ], [ 121.033814740000366, 14.570229077000363 ], [ 121.033737728000347, 14.570200704000399 ], [ 121.033680982000305, 14.570152065000173 ], [ 121.033504674000028, 14.56997755999987 ], [ 121.033357236000143, 14.570089269000334 ], [ 121.032939858000191, 14.569666423000342 ], [ 121.032871858000135, 14.56963555100026 ], [ 121.032441106000192, 14.569301449000136 ], [ 121.032141664737992, 14.569056193788469 ], [ 121.029091482671106, 14.571755577805959 ], [ 121.025979879858369, 14.574173678639625 ], [ 121.026214893000429, 14.574671521000027 ], [ 121.026708649000284, 14.575598459000162 ], [ 121.027326406000157, 14.576666512000145 ], [ 121.027881521000154, 14.575254723000171 ], [ 121.028109397000321, 14.575361090000172 ], [ 121.028324397000347, 14.575446083000202 ], [ 121.02827234165045, 14.575512225037471 ], [ 121.028226066253637, 14.575582532335545 ], [ 121.028185902350515, 14.575656501176582 ], [ 121.028152137696452, 14.575733601608931 ], [ 121.028125014199077, 14.575813281245132 ], [ 121.02810472618512, 14.575894969218666 ], [ 121.028091419008092, 14.575978080274297 ], [ 121.02808518800839, 14.576062018961409 ], [ 121.028086077827425, 14.576146183899198 ], [ 121.02809408209032, 14.576229972086423 ], [ 121.028109143450479, 14.576312783220772 ], [ 121.028131154000221, 14.576394024000194 ], [ 121.028103657000202, 14.576921491000235 ], [ 121.028116783000428, 14.577059857000108 ], [ 121.028152159000342, 14.577228221000212 ], [ 121.02820753500032, 14.577386836000073 ], [ 121.028285411000184, 14.577598947000126 ], [ 121.028386037000132, 14.577802183000244 ], [ 121.028469913000094, 14.577954798000178 ], [ 121.028552789000287, 14.578056666000236 ], [ 121.028615164000371, 14.578124035999963 ], [ 121.028642540000078, 14.578169533000278 ], [ 121.029504424000379, 14.579688681000221 ], [ 121.030719063000447, 14.581939155000271 ], [ 121.030926565000186, 14.582306881000306 ], [ 121.030967066000244, 14.582356877000166 ], [ 121.03105994100008, 14.582445246000304 ], [ 121.031285567000396, 14.582603485000163 ], [ 121.03133406700033, 14.582653606000292 ], [ 121.031592320000073, 14.582990208000069 ], [ 121.032718688000273, 14.582096882999963 ], [ 121.032864938000216, 14.58199788900032 ], [ 121.033897430000025, 14.580923826000173 ], [ 121.034720093189208, 14.580627761828055 ], [ 121.036426953919317, 14.580531251454829 ], [ 121.036459195934412, 14.580627868574481 ], [ 121.036592576760427, 14.581127583044463 ], [ 121.036723640409605, 14.581527198680874 ], [ 121.037678401383914, 14.585740600372787 ], [ 121.037883597026962, 14.586533072133875 ], [ 121.037931969653528, 14.586726562639797 ], [ 121.037948093862383, 14.586818700975869 ], [ 121.037973431904788, 14.58699433967945 ], [ 121.037988404384578, 14.587209425108369 ], [ 121.037981494009045, 14.587419903620344 ], [ 121.03796536980019, 14.587565885296897 ], [ 121.037937318000218, 14.587695596000231 ], [ 121.038260049000201, 14.587677619000203 ], [ 121.038559324000175, 14.58764112200015 ] ] ] ] } },
{ "type": "Feature", "properties": { "RTA_ID": "JRTA25", "TIME": 20 }, "geometry": { "type": "MultiPolygon", "coordinates": [ [ [ [ 121.041883302751899, 14.536106117834038 ], [ 121.042228324597659, 14.535880069038399 ], [ 121.042323503038233, 14.535582636412812 ], [ 121.042299630000457, 14.534677845000374 ], [ 121.043121379000354, 14.534621468000239 ], [ 121.04368852600021, 14.534617362000233 ], [ 121.044695503000412, 14.534560588000147 ], [ 121.045186378000153, 14.534523962000321 ], [ 121.045527003000416, 14.53457195700031 ], [ 121.045590503000199, 14.53459420500036 ], [ 121.045719253000016, 14.534659450000163 ], [ 121.045821254000543, 14.534728945000325 ], [ 121.045983880000335, 14.534892059000128 ], [ 121.046359008000422, 14.535426647000349 ], [ 121.046451884000589, 14.535599761000242 ], [ 121.046535233000554, 14.53551559999994 ], [ 121.046638480000638, 14.535433783000542 ], [ 121.046731725000654, 14.535315107000315 ], [ 121.046772756000223, 14.53519616000051 ], [ 121.046794130000308, 14.535066043000313 ], [ 121.046803754000393, 14.534875305000696 ], [ 121.046809127000301, 14.53447820500088 ], [ 121.046808626000711, 14.534396460000778 ], [ 121.046796248000305, 14.533984487 ], [ 121.04679662300066, 14.533925615000101 ], [ 121.046792998000569, 14.533856995000463 ], [ 121.046792372000255, 14.533700130000568 ], [ 121.046790746000624, 14.533653383000512 ], [ 121.046785871000338, 14.533599511000659 ], [ 121.046782745000428, 14.533533265000528 ], [ 121.046783995000624, 14.533522266000034 ], [ 121.046775870000488, 14.533422398000653 ], [ 121.046764993000693, 14.533202537000136 ], [ 121.046759118000523, 14.533124291999968 ], [ 121.046750367000413, 14.533048172000065 ], [ 121.046729867000408, 14.532909681000774 ], [ 121.046723366000492, 14.53284668500072 ], [ 121.04671699000005, 14.532739941000614 ], [ 121.046712865000245, 14.532699444000343 ], [ 121.048114485000838, 14.532214480728669 ], [ 121.048571655391584, 14.532010477920778 ], [ 121.048847474159629, 14.531840028947443 ], [ 121.049231982000492, 14.531538378000562 ], [ 121.049588313434356, 14.531121197815935 ], [ 121.049839272944155, 14.53068408675091 ], [ 121.050051051563059, 14.530237980371339 ], [ 121.050131371980228, 14.529643304199055 ], [ 121.049986823000154, 14.528028439000309 ], [ 121.05040885783194, 14.52804888557381 ], [ 121.051037540613152, 14.526155216833786 ], [ 121.051087073195276, 14.525915174317277 ], [ 121.051102313990214, 14.525739905178341 ], [ 121.051033730414247, 14.524013885179556 ], [ 121.051083262997167, 14.523834805841886 ], [ 121.051170897566635, 14.523701448888346 ], [ 121.051285203526618, 14.523617624517613 ], [ 121.051429991076361, 14.523564281736014 ], [ 121.053183635014989, 14.523201360312612 ], [ 121.054516210576708, 14.522955220222116 ], [ 121.054240061721202, 14.522311535074266 ], [ 121.053930728506316, 14.521663961952925 ], [ 121.053610850913287, 14.521091998320344 ], [ 121.053343949843338, 14.52068499551342 ], [ 121.052922673964417, 14.52008781984631 ], [ 121.052719479604434, 14.51981861862464 ], [ 121.052485340265321, 14.519542062247524 ], [ 121.052239309628476, 14.519296031610054 ], [ 121.050925884534081, 14.518205926632788 ], [ 121.050252139096528, 14.517706295184894 ], [ 121.049990968112638, 14.517547321542281 ], [ 121.049078762211252, 14.5171461023495 ], [ 121.048049218621486, 14.516756238416349 ], [ 121.047095376766151, 14.516487497258481 ], [ 121.046391350634622, 14.516343663963198 ], [ 121.045694894677013, 14.516249036794875 ], [ 121.043022623447996, 14.516131699106666 ], [ 121.041716768527067, 14.516143054366694 ], [ 121.040550961815143, 14.516158194713626 ], [ 121.039354874409469, 14.516108988586268 ], [ 121.038609212323991, 14.516044642111808 ], [ 121.038052804575273, 14.515972725464053 ], [ 121.037360133704055, 14.515809966734537 ], [ 121.036648537399515, 14.515537440490334 ], [ 121.03605427878324, 14.515280054593006 ], [ 121.035569787682221, 14.515045379215906 ], [ 121.035474329004273, 14.515146962000415 ], [ 121.03384914400624, 14.516781037000158 ], [ 121.03353302300593, 14.517427248000274 ], [ 121.033393900005876, 14.517684982000446 ], [ 121.033221277005623, 14.518026461000204 ], [ 121.033137778006108, 14.518201951000322 ], [ 121.032957781005848, 14.518595677000235 ], [ 121.032905031005839, 14.518655673000183 ], [ 121.032782157006068, 14.518745543000193 ], [ 121.032681157006209, 14.518809790000432 ], [ 121.032544907006127, 14.51885253800026 ], [ 121.03244390800603, 14.51893490800029 ], [ 121.032386908005606, 14.518985280000379 ], [ 121.032303409005976, 14.519070900000202 ], [ 121.032228785005941, 14.519186393000041 ], [ 121.032189160005942, 14.519306261000224 ], [ 121.032154161005792, 14.519443252000428 ], [ 121.031913165006017, 14.519934098000363 ], [ 121.031754288654724, 14.520141216872503 ], [ 121.037751949945005, 14.523230424801056 ], [ 121.036923897514839, 14.524772315532971 ], [ 121.036267166277412, 14.525600367962966 ], [ 121.03586741682841, 14.526014394177878 ], [ 121.035524774443729, 14.526357036562729 ], [ 121.03525351588894, 14.526885276906114 ], [ 121.035082194696656, 14.527470624313423 ], [ 121.035010810866424, 14.528170185849262 ], [ 121.034925150270169, 14.529155282705631 ], [ 121.035477105000268, 14.530413658000043 ], [ 121.035405607000143, 14.530735138000182 ], [ 121.034954115000119, 14.531939689000126 ], [ 121.034354079628656, 14.532905313250751 ], [ 121.033595321620282, 14.533993401372925 ], [ 121.033674922943874, 14.534057905893576 ], [ 121.033740799901238, 14.53413750721694 ], [ 121.033823391232545, 14.534232484590291 ], [ 121.033873219407383, 14.534283218732526 ], [ 121.033974687692194, 14.534360225912337 ], [ 121.034068908241579, 14.534402806353569 ], [ 121.034185777962421, 14.53446441209735 ], [ 121.034261426191961, 14.534494459997347 ], [ 121.034331487627014, 14.534517411156912 ], [ 121.034407588840168, 14.534560897564631 ], [ 121.034457115026612, 14.53463216695468 ], [ 121.034598445851429, 14.534853222860136 ], [ 121.034710785737957, 14.535034416225358 ], [ 121.03477480739366, 14.535132260642172 ], [ 121.034913722306328, 14.535269967599845 ], [ 121.035145649813899, 14.535481359859091 ], [ 121.03531113975373, 14.535617858860519 ], [ 121.035747211786088, 14.535791804491225 ], [ 121.035888542610451, 14.535859450014186 ], [ 121.03596585178002, 14.535904144377412 ], [ 121.036419439170231, 14.535948234763168 ], [ 121.036479031654608, 14.535959509017061 ], [ 121.036596606016246, 14.536025543931999 ], [ 121.036754445570068, 14.536110906139811 ], [ 121.036863966892952, 14.536156003154986 ], [ 121.037012142799881, 14.536188215308812 ], [ 121.037068145390322, 14.536189534636037 ], [ 121.037118435817661, 14.536177823166952 ], [ 121.037165970605315, 14.536145444398642 ], [ 121.037249328711141, 14.536084131411769 ], [ 121.037323730987396, 14.536023507334619 ], [ 121.037360932125125, 14.536000084395653 ], [ 121.037415356012389, 14.536002151125729 ], [ 121.037489069379149, 14.536033152074026 ], [ 121.037573116394924, 14.536071731032223 ], [ 121.037634429381797, 14.536110309990534 ], [ 121.037708142748215, 14.536139933118875 ], [ 121.037778985656473, 14.53615979668939 ], [ 121.03789012979712, 14.536197457100855 ], [ 121.038010459404745, 14.536232361872749 ], [ 121.038208865474758, 14.536326053627704 ], [ 121.038246525885938, 14.536352691479806 ], [ 121.038271326644804, 14.536392188984451 ], [ 121.038271326644804, 14.53644362759519 ], [ 121.038258466992261, 14.536518948418347 ], [ 121.038285104844249, 14.536555690283194 ], [ 121.038353995840794, 14.536614477266824 ], [ 121.03850096330018, 14.536783489845163 ], [ 121.038575874057869, 14.536892561714012 ], [ 121.038667996660138, 14.536971220243515 ], [ 121.038801928750786, 14.537115073229756 ], [ 121.039016448433699, 14.537321640448909 ], [ 121.03923313339169, 14.53745265926085 ], [ 121.039257069520659, 14.537482894371124 ], [ 121.03934225407022, 14.537627218684122 ], [ 121.039348495775585, 14.53765368196548 ], [ 121.039346631568719, 14.537674933927292 ], [ 121.039338056215342, 14.537699168620975 ], [ 121.039314567205111, 14.53774875653221 ], [ 121.039298535023136, 14.537775973957139 ], [ 121.039289481645824, 14.537798344443729 ], [ 121.039285858414246, 14.537823697661565 ], [ 121.039289481645824, 14.537882979450103 ], [ 121.039289586828772, 14.537913925289615 ], [ 121.039295552291605, 14.537946362494552 ], [ 121.039328362338324, 14.538078348363683 ], [ 121.039367663556277, 14.538213267782794 ], [ 121.039610917491473, 14.538152454298938 ], [ 121.039777479761938, 14.538128659688937 ], [ 121.040003528557463, 14.538045378553704 ], [ 121.040134398912642, 14.537914508198469 ], [ 121.040205782743101, 14.537747945928004 ], [ 121.040372345013566, 14.536593907340261 ], [ 121.040717366859326, 14.536451139679798 ], [ 121.041883302751899, 14.536106117834038 ] ] ] ] } },
{ "type": "Feature", "properties": { "RTA_ID": "JRTA26", "TIME": 20 }, "geometry": { "type": "MultiPolygon", "coordinates": [ [ [ [ 121.035068719133278, 14.567263079710926 ], [ 121.036115729374728, 14.567186856967965 ], [ 121.037010362042793, 14.567263036539202 ], [ 121.037537408912954, 14.567391618526585 ], [ 121.037540644335763, 14.567388102154325 ], [ 121.037873115304137, 14.565951918037797 ], [ 121.037950013351065, 14.565648849263653 ], [ 121.038040481642156, 14.565325425123888 ], [ 121.038101170786717, 14.565088322811903 ], [ 121.038541572256349, 14.564062618391461 ], [ 121.039046586756399, 14.563006406499312 ], [ 121.039143063936081, 14.562773842372053 ], [ 121.039863968577833, 14.560988836949321 ], [ 121.039907898477054, 14.560903722769979 ], [ 121.039932609046105, 14.560873520964265 ], [ 121.040107278006985, 14.560678087000156 ], [ 121.040380413000207, 14.560367939000059 ], [ 121.040721842000153, 14.559995795000191 ], [ 121.040815014490818, 14.559865669595865 ], [ 121.03857799723653, 14.558029312148619 ], [ 121.034911164719119, 14.554933837897465 ], [ 121.033575220261241, 14.556619412471605 ], [ 121.032461013960869, 14.558047486505927 ], [ 121.031953928893131, 14.558584084461302 ], [ 121.031513918569658, 14.559029460764464 ], [ 121.030817857194393, 14.559626541508749 ], [ 121.030638849001889, 14.559576081000102 ], [ 121.029279412487654, 14.559151770291578 ], [ 121.026275470686187, 14.558277251545462 ], [ 121.026544987358648, 14.558800466033745 ], [ 121.027509444959151, 14.560626284042655 ], [ 121.027714253079694, 14.561036724719486 ], [ 121.027825426911249, 14.561297032907305 ], [ 121.028110875000039, 14.562075220000054 ], [ 121.028127747000212, 14.562109376000194 ], [ 121.028478463000056, 14.562739604000114 ], [ 121.028591595000194, 14.56297792700019 ], [ 121.028742091000026, 14.563283943000101 ], [ 121.028994844000067, 14.563791284000104 ], [ 121.029156222000097, 14.564127887000154 ], [ 121.029316407000124, 14.564441169000133 ], [ 121.02956397700018, 14.564931958000159 ], [ 121.029953481000121, 14.565693532000068 ], [ 121.030123483000125, 14.56602026000013 ], [ 121.030288110000015, 14.566347863000146 ], [ 121.030516613000145, 14.566774460000204 ], [ 121.030588485000067, 14.566963663000138 ], [ 121.030655182000146, 14.567206354 ], [ 121.03067890300008, 14.567372925000029 ], [ 121.030704496, 14.56768351300019 ], [ 121.030711286199789, 14.567970848234893 ], [ 121.030719209403969, 14.568123652887039 ], [ 121.03074524278918, 14.568274193766683 ], [ 121.030799573332274, 14.568415679555642 ], [ 121.030928608371823, 14.568596781365613 ], [ 121.031197687150438, 14.568833130630082 ], [ 121.031384646397669, 14.569000724282944 ], [ 121.031420978917595, 14.56904048079997 ], [ 121.031767860702075, 14.569387007037221 ], [ 121.033393526577925, 14.567948307186555 ], [ 121.034135966982831, 14.56739627573279 ], [ 121.035068719133278, 14.567263079710926 ] ] ] ] } },
{ "type": "Feature", "properties": { "RTA_ID": "JRTA28", "TIME": 20 }, "geometry": { "type": "MultiPolygon", "coordinates": [ [ [ [ 121.046585419947633, 14.568233824116362 ], [ 121.047042287835211, 14.56819580852607 ], [ 121.048450901389629, 14.568405169312712 ], [ 121.049681011958683, 14.568480916132899 ], [ 121.049800476400378, 14.56845641993192 ], [ 121.050544907696121, 14.568290998328393 ], [ 121.051629895481256, 14.567776999460591 ], [ 121.053243102821057, 14.56686180642032 ], [ 121.054632586143043, 14.565929018199938 ], [ 121.054443715000389, 14.564748193000355 ], [ 121.054400843000394, 14.564458620000323 ], [ 121.054226890000336, 14.563409067000407 ], [ 121.054077780000398, 14.562491734000275 ], [ 121.054059417000417, 14.562335146000294 ], [ 121.054111485000362, 14.562186625000152 ], [ 121.054078237000454, 14.561723368000457 ], [ 121.05401565200043, 14.561228047000441 ], [ 121.053823525197345, 14.560685803154513 ], [ 121.053529303251366, 14.559814600509014 ], [ 121.053215975984131, 14.558821123808116 ], [ 121.052451763137128, 14.556597264423658 ], [ 121.052092704742563, 14.556680471180357 ], [ 121.051987276329783, 14.556536691650535 ], [ 121.051356752403308, 14.556741199177395 ], [ 121.050691125287926, 14.556775334462714 ], [ 121.04922331447176, 14.556280360572771 ], [ 121.047806707323275, 14.555853674227649 ], [ 121.046748522211033, 14.556280363801989 ], [ 121.045980475930946, 14.555409928982669 ], [ 121.044101839382847, 14.555764529794658 ], [ 121.041640663000294, 14.555820465000295 ], [ 121.041590288000066, 14.555809091000413 ], [ 121.041235538000024, 14.555815217000202 ], [ 121.040454413000134, 14.55583947100024 ], [ 121.039823914000294, 14.555878472000359 ], [ 121.039093665, 14.556006968000361 ], [ 121.038285792000238, 14.556212460000324 ], [ 121.038231917000189, 14.556245458000376 ], [ 121.037212768000245, 14.556618030000266 ], [ 121.037015897879769, 14.556710615886118 ], [ 121.038577997236757, 14.558029312148847 ], [ 121.040815014491045, 14.559865669596093 ], [ 121.040721842000153, 14.559995795000248 ], [ 121.040380413000321, 14.560367939000344 ], [ 121.040107278007213, 14.560678087000213 ], [ 121.039932609046332, 14.560873520964549 ], [ 121.039907898477168, 14.560903722770206 ], [ 121.039863968578175, 14.560988836949548 ], [ 121.039143063936308, 14.562773842372337 ], [ 121.03904658675674, 14.563006406499369 ], [ 121.038541572256577, 14.564062618391745 ], [ 121.038101170787058, 14.56508832281196 ], [ 121.038040481642497, 14.565325425124172 ], [ 121.037950013351292, 14.56564884926388 ], [ 121.037873115304365, 14.565951918038081 ], [ 121.037540644335991, 14.567388102154553 ], [ 121.037537408913181, 14.567391618526813 ], [ 121.042473662788552, 14.568595620296946 ], [ 121.043768086995783, 14.568747854663059 ], [ 121.045024495353573, 14.568595552351496 ], [ 121.045924953635108, 14.568385425038059 ], [ 121.046585419947633, 14.568233824116362 ] ] ] ] } },
{ "type": "Feature", "properties": { "RTA_ID": "JRTA31", "TIME": 30 }, "geometry": { "type": "MultiPolygon", "coordinates": [ [ [ [ 120.966787293000039, 14.587084227999981 ], [ 120.968009227000152, 14.585854444000063 ], [ 120.968461675000071, 14.585404471 ], [ 120.969255805000216, 14.584622479000132 ], [ 120.969671111000139, 14.584231184000203 ], [ 120.970081300000061, 14.583805510000161 ], [ 120.970777536000128, 14.583074251000141 ], [ 120.971142803000021, 14.582685869000159 ], [ 120.971264533000181, 14.582568735000052 ], [ 120.971439248000138, 14.582705764000082 ], [ 120.971715228000107, 14.582346790000088 ], [ 120.971828634281223, 14.582202850232932 ], [ 120.968471858285966, 14.578834033693624 ], [ 120.963636141008465, 14.583626400046967 ], [ 120.963427418117931, 14.583826053773578 ], [ 120.966723452434053, 14.587077995456298 ], [ 120.966787293000039, 14.587084227999981 ] ] ] ] } },
{ "type": "Feature", "properties": { "RTA_ID": "JRTA31", "TIME": 20 }, "geometry": { "type": "MultiPolygon", "coordinates": [ [ [ [ 120.970572440917522, 14.595741900767507 ], [ 120.974698438734663, 14.595179734224303 ], [ 120.977321500493758, 14.595788363577128 ], [ 120.977636210498531, 14.595237549085653 ], [ 120.977933932497535, 14.594745184851149 ], [ 120.978035817000205, 14.594460143000219 ], [ 120.978195834000189, 14.59414273300024 ], [ 120.978419306000205, 14.593814117000022 ], [ 120.978604832000087, 14.593622803000187 ], [ 120.97905265500026, 14.593184075000124 ], [ 120.979190308000057, 14.593045194000126 ], [ 120.979455997000059, 14.592746932000125 ], [ 120.979622678000055, 14.592536076000101 ], [ 120.97981009937007, 14.592386731374688 ], [ 120.980008772657698, 14.592152066549374 ], [ 120.980231056394018, 14.591790711511749 ], [ 120.980343062058978, 14.591575914015323 ], [ 120.98041446926959, 14.591405746025544 ], [ 120.980592123499264, 14.590934112916671 ], [ 120.980679942851225, 14.590694985140772 ], [ 120.980769201864405, 14.590471693641518 ], [ 120.980799722688289, 14.590387185511247 ], [ 120.980828515918347, 14.590300229956313 ], [ 120.980924973238984, 14.589937579223374 ], [ 120.981113856828529, 14.588959761129672 ], [ 120.981140346600114, 14.588835662307986 ], [ 120.981141498329293, 14.588782682764588 ], [ 120.981127580902694, 14.588691278074009 ], [ 120.981038742400187, 14.58841989838993 ], [ 120.980925845474303, 14.58803561462264 ], [ 120.98077603993795, 14.58751672298223 ], [ 120.980578470317596, 14.586788320700464 ], [ 120.980424322591716, 14.586286255044229 ], [ 120.980357018655013, 14.586097369802701 ], [ 120.980198528739834, 14.585841180624584 ], [ 120.979985761456192, 14.585591504730587 ], [ 120.97983758424084, 14.585453097441587 ], [ 120.979566197399663, 14.585255527821175 ], [ 120.978794915997014, 14.58483270712253 ], [ 120.978025805688958, 14.584388175476533 ], [ 120.977376648364611, 14.584003891709415 ], [ 120.976542405214673, 14.58351376707418 ], [ 120.975748870091024, 14.583067607107239 ], [ 120.975373542089756, 14.582868409165712 ], [ 120.974505292973618, 14.584718352815912 ], [ 120.972711529863091, 14.583088912705932 ], [ 120.971828634281223, 14.582202850232932 ], [ 120.971715228000107, 14.582346790000088 ], [ 120.971439248000138, 14.582705764000082 ], [ 120.971264533000181, 14.582568735000052 ], [ 120.971142803000021, 14.582685869000159 ], [ 120.970777536000128, 14.583074251000141 ], [ 120.970081300000061, 14.583805510000161 ], [ 120.969671111000139, 14.584231184000203 ], [ 120.969255805000216, 14.584622479000132 ], [ 120.968461675000071, 14.585404471 ], [ 120.968009227000152, 14.585854444000063 ], [ 120.966787293000039, 14.587084227999981 ], [ 120.9677721380001, 14.587997327000153 ], [ 120.968604227000128, 14.588832338000032 ], [ 120.969411606000108, 14.589611097000102 ], [ 120.970228625000118, 14.590351251000243 ], [ 120.970254263000015, 14.590368227000226 ], [ 120.970601950800415, 14.590616842716315 ], [ 120.970843213702324, 14.590809663066921 ], [ 120.970607277672798, 14.591115792723656 ], [ 120.970119696383563, 14.59178557014792 ], [ 120.969244745207675, 14.593017666407263 ], [ 120.968599930072742, 14.593947980498967 ], [ 120.968171681637273, 14.59455968643914 ], [ 120.967539350297216, 14.595492171625608 ], [ 120.967664001680987, 14.595540775557708 ], [ 120.968279137338072, 14.595854847615669 ], [ 120.970572440917522, 14.595741900767507 ] ] ] ] } },
{ "type": "Feature", "properties": { "RTA_ID": "JRTA32", "TIME": 20 }, "geometry": { "type": "MultiPolygon", "coordinates": [ [ [ [ 121.070531818000291, 14.629845922000129 ], [ 121.069369373000086, 14.629253621000032 ], [ 121.069591245000197, 14.628630203000171 ], [ 121.069776659000127, 14.628071967000153 ], [ 121.070080628000142, 14.627248940000186 ], [ 121.07055174900006, 14.62590274900009 ], [ 121.070692919000066, 14.625514821000138 ], [ 121.070839028000137, 14.625175658000046 ], [ 121.071002666000027, 14.624694878000071 ], [ 121.071195175000071, 14.624194712000076 ], [ 121.071373811000058, 14.623667531000081 ], [ 121.071549922000031, 14.623155618000226 ], [ 121.071020618000375, 14.623017509000249 ], [ 121.069427388000577, 14.622608606000256 ], [ 121.069041954, 14.6225069420002 ], [ 121.068912727000225, 14.622491430000196 ], [ 121.067394126000409, 14.622478103000219 ], [ 121.066461122000419, 14.622500040000205 ], [ 121.06633134400056, 14.62249430900016 ], [ 121.066241670000295, 14.622481432000257 ], [ 121.066175019000525, 14.622460910000314 ], [ 121.066089872000475, 14.62242499700028 ], [ 121.065404647000378, 14.622121714000343 ], [ 121.065097328000434, 14.622007848000294 ], [ 121.064828830000238, 14.621888649000311 ], [ 121.063652975000196, 14.621384075000151 ], [ 121.06299067900477, 14.621149734000198 ], [ 121.061612493004873, 14.623992858000236 ], [ 121.060482832004823, 14.626386153000283 ], [ 121.060426902374047, 14.626499271454804 ], [ 121.060754501742167, 14.626647411449142 ], [ 121.062068013444105, 14.627281858061508 ], [ 121.062494231835672, 14.627471618049356 ], [ 121.062575623196153, 14.627515362495785 ], [ 121.062554341796044, 14.627564473420193 ], [ 121.062487609474829, 14.627692599476802 ], [ 121.062484940181776, 14.627874111390554 ], [ 121.062474263010358, 14.628154387139489 ], [ 121.062471593717646, 14.628373269152974 ], [ 121.062458247253289, 14.628415977838472 ], [ 121.062434223617402, 14.628453347938375 ], [ 121.062356814125565, 14.628509403088231 ], [ 121.062201995140072, 14.628594820459341 ], [ 121.062065861204815, 14.628704261466169 ], [ 121.0620202130184, 14.628786895186295 ], [ 121.061959089491552, 14.628856411158324 ], [ 121.061756223234624, 14.628984537215104 ], [ 121.061523994756726, 14.629144694786021 ], [ 121.061331805672353, 14.629294175185464 ], [ 121.061222416179135, 14.629294175184953 ], [ 121.061059333027401, 14.629339437480894 ], [ 121.060761436505686, 14.629371339137492 ], [ 121.060760577002952, 14.629374253970866 ], [ 121.060611096603907, 14.629422301242073 ], [ 121.060482970547355, 14.629424970534956 ], [ 121.060337055488958, 14.629371370700142 ], [ 121.059675380160911, 14.628986839443542 ], [ 121.0593645368441, 14.628867088329798 ], [ 121.059126969781232, 14.628765655201619 ], [ 121.058982827967725, 14.628768324494501 ], [ 121.058838686153535, 14.628787009544283 ], [ 121.058710560097211, 14.628781670958688 ], [ 121.058507693840511, 14.62874963944455 ], [ 121.058395583541483, 14.628712269344646 ], [ 121.058150008598886, 14.628653544901908 ], [ 121.057968496685248, 14.628562788945203 ], [ 121.057781586780493, 14.628453670946101 ], [ 121.057642842957875, 14.628370599860091 ], [ 121.057445315287396, 14.628338568345953 ], [ 121.057290496302016, 14.628397292788691 ], [ 121.057186393881125, 14.628458686524084 ], [ 121.057146354488168, 14.628533426723891 ], [ 121.057154362367328, 14.628717607930355 ], [ 121.057201673375062, 14.628901010321101 ], [ 121.057242449030809, 14.628955174993848 ], [ 121.057295834888805, 14.629101986100409 ], [ 121.057234441153014, 14.629240789328492 ], [ 121.057092968631991, 14.629344891749554 ], [ 121.056906118132702, 14.629403616192121 ], [ 121.056620503797717, 14.629430309120551 ], [ 121.056294850070799, 14.629358238213797 ], [ 121.055990550686147, 14.629256805085561 ], [ 121.055879721690417, 14.629210381620339 ], [ 121.055826007000292, 14.629305962000217 ], [ 121.055660744000534, 14.629617027000279 ], [ 121.055472424000413, 14.630021213000305 ], [ 121.055319735000239, 14.630369693000205 ], [ 121.055190254000308, 14.630744462000223 ], [ 121.05513968400021, 14.630913972000201 ], [ 121.05498915800024, 14.63134830800027 ], [ 121.054857845000129, 14.631797249000158 ], [ 121.054591056000163, 14.632646282000167 ], [ 121.054401792001158, 14.633132779000221 ], [ 121.054356760001156, 14.633291525000175 ], [ 121.054286640001237, 14.633514179000315 ], [ 121.054224605001195, 14.633678103000193 ], [ 121.054233301000977, 14.633783189000212 ], [ 121.054224773001124, 14.633876823000321 ], [ 121.054228613001328, 14.633921969000312 ], [ 121.054267043355139, 14.634167946746402 ], [ 121.054551927809825, 14.635558874554363 ], [ 121.054669664285029, 14.636119553718231 ], [ 121.054734691000363, 14.636099566000269 ], [ 121.055492893000178, 14.635936498000262 ], [ 121.055664272000286, 14.635897624000279 ], [ 121.055809624000403, 14.635835618000272 ], [ 121.056045089000122, 14.635642394000286 ], [ 121.056221350000556, 14.635519204000218 ], [ 121.056435465000277, 14.635385364000172 ], [ 121.056581956000173, 14.635308209000243 ], [ 121.056684662000521, 14.635237105000215 ], [ 121.056805908000229, 14.6351651720002 ], [ 121.05709548400057, 14.635166001000186 ], [ 121.057269294000207, 14.635197603000165 ], [ 121.058555283000487, 14.63552964600018 ], [ 121.060454534000314, 14.636072318000345 ], [ 121.061100475000217, 14.636241232000259 ], [ 121.061212530000148, 14.636264528000254 ], [ 121.061440439000307, 14.636304583000253 ], [ 121.062331963000133, 14.63654338400022 ], [ 121.062536164000448, 14.636602009000171 ], [ 121.062694790000364, 14.636678326000208 ], [ 121.063118482082928, 14.636650009049617 ], [ 121.063578475880831, 14.636538720227577 ], [ 121.063934600111565, 14.636301304073811 ], [ 121.064068146698105, 14.635952599097777 ], [ 121.064327820616427, 14.634728422054707 ], [ 121.064491044221995, 14.633890046261513 ], [ 121.064758137395074, 14.633734241910588 ], [ 121.065781994558392, 14.633763918929844 ], [ 121.068052286529337, 14.63399391582891 ], [ 121.068786792755304, 14.633897465516441 ], [ 121.068994531889643, 14.633778757439472 ], [ 121.06931355984625, 14.63351166426645 ], [ 121.069654845567356, 14.633148120781016 ], [ 121.070307739990653, 14.632435872319547 ], [ 121.071019988451781, 14.631478788449442 ], [ 121.071474599000226, 14.630527824000239 ], [ 121.071537909000313, 14.630333781000218 ], [ 121.071157857, 14.630161575000216 ], [ 121.070531818000291, 14.629845922000129 ] ] ] ] } },
{ "type": "Feature", "properties": { "RTA_ID": "JRTA33", "TIME": 20 }, "geometry": { "type": "MultiPolygon", "coordinates": [ [ [ [ 120.988565105000021, 14.637680662000037 ], [ 120.990389778000122, 14.6371036540001 ], [ 120.992306216000088, 14.636510167999973 ], [ 120.993092779000222, 14.636252183999943 ], [ 120.993316394747126, 14.636196947554481 ], [ 120.992936604787474, 14.635054069222804 ], [ 120.992625668203573, 14.63413441616774 ], [ 120.99245901672009, 14.633626567699594 ], [ 120.992250263809296, 14.633013027106301 ], [ 120.992023968636772, 14.632339842824308 ], [ 120.991869596736478, 14.631867078878997 ], [ 120.991420076287341, 14.63051457052336 ], [ 120.991211323376433, 14.629916817965523 ], [ 120.990967485942747, 14.629194953907927 ], [ 120.990733735309504, 14.628495894790319 ], [ 120.990456567578804, 14.627754734245286 ], [ 120.990177207065926, 14.627049096779672 ], [ 120.989805311123632, 14.626128566611499 ], [ 120.989764525365786, 14.626033399843323 ], [ 120.989739966199863, 14.625921129370226 ], [ 120.989745228878178, 14.625840434967586 ], [ 120.989768033818109, 14.625791316635627 ], [ 120.989812406270858, 14.625738182385192 ], [ 120.989884505000191, 14.625659475000248 ], [ 120.990038056, 14.625519981999958 ], [ 120.990347265000082, 14.625263545000166 ], [ 120.990565976000312, 14.62509323400019 ], [ 120.991500249000069, 14.624390694000169 ], [ 120.991906976000109, 14.624095002999923 ], [ 120.992704586000173, 14.623478370000157 ], [ 120.992495734000158, 14.623295795000047 ], [ 120.992226824000113, 14.62304956100013 ], [ 120.99220513, 14.623035831000038 ], [ 120.991957162000176, 14.622819453000091 ], [ 120.99169903200027, 14.622591370000123 ], [ 120.991438747000188, 14.622350531 ], [ 120.990917322000087, 14.621874345000037 ], [ 120.990614621000191, 14.621606928000233 ], [ 120.990357786, 14.621375236000063 ], [ 120.990077699000153, 14.62111341800005 ], [ 120.989826306000055, 14.620885386000054 ], [ 120.989812136000069, 14.620870796999952 ], [ 120.989283757763701, 14.620404745987798 ], [ 120.989208961648274, 14.620471563601257 ], [ 120.988981054008264, 14.620473210716284 ], [ 120.988366323502873, 14.621103773249104 ], [ 120.98775238842552, 14.621705429256281 ], [ 120.987379051958897, 14.621962225883408 ], [ 120.986782910045804, 14.622231552368646 ], [ 120.986203004289791, 14.622356641692079 ], [ 120.983157715408311, 14.622677145212663 ], [ 120.980826012027364, 14.622873692866222 ], [ 120.978954191630919, 14.623074206481874 ], [ 120.978167115463862, 14.623125199774279 ], [ 120.977914774752662, 14.62313737501114 ], [ 120.977364951254231, 14.623219335759018 ], [ 120.977058183204235, 14.623163900618806 ], [ 120.976468106184029, 14.622938068672738 ], [ 120.975805180148882, 14.622551968894129 ], [ 120.974991294766369, 14.621782872165056 ], [ 120.974638091000088, 14.621123047000083 ], [ 120.974476672000151, 14.619974008000099 ], [ 120.974380907000068, 14.619435306000128 ], [ 120.974264254000104, 14.618795721000083 ], [ 120.974013594000326, 14.61745008600019 ], [ 120.973996965000083, 14.617302664999954 ], [ 120.973902306000014, 14.616869002000044 ], [ 120.973805647000063, 14.616466931000105 ], [ 120.973725508000143, 14.616160776000072 ], [ 120.973591091000117, 14.615548764000096 ], [ 120.973502625000037, 14.615197372000125 ], [ 120.973430983000185, 14.614881357 ], [ 120.973349109000196, 14.614548963000061 ], [ 120.973186243000214, 14.61386544800007 ], [ 120.97311602700006, 14.613521329000093 ], [ 120.973037797000188, 14.613177182000129 ], [ 120.971636373000024, 14.613467822000018 ], [ 120.971203536000189, 14.613554400000112 ], [ 120.971097092339505, 14.613603227500732 ], [ 120.971054990912307, 14.614227732007123 ], [ 120.971018152163197, 14.614967138325881 ], [ 120.970983067640304, 14.615589011493057 ], [ 120.970956754248391, 14.615911350546469 ], [ 120.970947983117526, 14.61629903452382 ], [ 120.970919915499394, 14.616927924595416 ], [ 120.970907635916205, 14.617761620569183 ], [ 120.970931897463061, 14.617862457622891 ], [ 120.970793994947599, 14.61794422454642 ], [ 120.97064663995161, 14.617967029486238 ], [ 120.97044665817134, 14.618016147818253 ], [ 120.970227379903577, 14.618100350673046 ], [ 120.969983542470004, 14.618186307753945 ], [ 120.969836187473902, 14.618233671859855 ], [ 120.969666027538096, 14.61830208667925 ], [ 120.969555927905958, 14.618368710181358 ], [ 120.969430084121996, 14.618632758307115 ], [ 120.969259924186304, 14.619266033944371 ], [ 120.969147653713208, 14.619564252388614 ], [ 120.96907046776289, 14.619680031313919 ], [ 120.968905570505513, 14.619844051458244 ], [ 120.968751198604991, 14.619914220503915 ], [ 120.968551216824835, 14.619991406454176 ], [ 120.967996881364002, 14.620135252997727 ], [ 120.967771463304757, 14.620222964304958 ], [ 120.967627616761092, 14.620337866117268 ], [ 120.967494295574284, 14.620604508490885 ], [ 120.967434651885469, 14.620860625507532 ], [ 120.967406584267223, 14.621263220407172 ], [ 120.967420618076403, 14.621733353013269 ], [ 120.967459211051391, 14.622126299669105 ], [ 120.967445177242325, 14.622465742427607 ], [ 120.967413601171984, 14.622679758016886 ], [ 120.96732939831702, 14.623015692323008 ], [ 120.96723116165299, 14.62324725017379 ], [ 120.967136433441283, 14.623419164335814 ], [ 120.967024162968187, 14.623541960165653 ], [ 120.966763660386164, 14.623762115546526 ], [ 120.96631457849378, 14.624074367799892 ], [ 120.96612512207048, 14.624199794969002 ], [ 120.965781293746545, 14.624515555674577 ], [ 120.96537782450298, 14.624898544246093 ], [ 120.965631254597497, 14.625324767587017 ], [ 120.966108788806082, 14.625958755205829 ], [ 120.966348495346438, 14.626354456555418 ], [ 120.966445534000172, 14.62620465800012 ], [ 120.966696404000118, 14.625835456000175 ], [ 120.967008483000086, 14.625361037000062 ], [ 120.967548139000201, 14.624574157000154 ], [ 120.967742760000192, 14.62432729700015 ], [ 120.967937440000128, 14.624184467000077 ], [ 120.969701426000029, 14.62325738200019 ], [ 120.972286382000107, 14.622047304000091 ], [ 120.972347051000042, 14.622233935000168 ], [ 120.97252923900021, 14.622859086000062 ], [ 120.972740101, 14.623674222000204 ], [ 120.972940926000092, 14.624489150000159 ], [ 120.973106220000091, 14.625146683000082 ], [ 120.97325547000014, 14.625853769000173 ], [ 120.973417994000101, 14.626577125000154 ], [ 120.973445588000232, 14.626693106000062 ], [ 120.973682706000091, 14.627609660000019 ], [ 120.973903416144708, 14.628551894700252 ], [ 120.97593457060816, 14.628308438161582 ], [ 120.976043118621988, 14.629870092127931 ], [ 120.976250333597477, 14.629403858432909 ], [ 120.976680362000025, 14.628825855000059 ], [ 120.976907797000081, 14.628593716000125 ], [ 120.977790752000033, 14.627695961000143 ], [ 120.978196363000166, 14.62729373500008 ], [ 120.978323529000022, 14.627163821000181 ], [ 120.978528984000036, 14.626947779000091 ], [ 120.978790538, 14.62697148500007 ], [ 120.97888235008611, 14.626977748704292 ], [ 120.979770485578229, 14.629378191328158 ], [ 120.980475299796922, 14.63140521516641 ], [ 120.980732092574158, 14.63204446527169 ], [ 120.981147331958937, 14.633169982551067 ], [ 120.981562571343488, 14.634131589547053 ], [ 120.982610571879945, 14.636297815557725 ], [ 120.983161618166832, 14.637445737289397 ], [ 120.983219942, 14.637426213000197 ], [ 120.983732260000124, 14.637204198999939 ], [ 120.983838091000052, 14.637145483000097 ], [ 120.984030486000279, 14.637075750000065 ], [ 120.984188089000099, 14.6370554290001 ], [ 120.984451082000078, 14.63703425 ], [ 120.984599065, 14.637031899000078 ], [ 120.985139090000189, 14.637029352000127 ], [ 120.985613480000211, 14.637142763000213 ], [ 120.987019520164154, 14.63751737146589 ], [ 120.987083104000135, 14.637523284000167 ], [ 120.987287443000014, 14.63743099900006 ], [ 120.987465057, 14.637392772 ], [ 120.987569535000148, 14.637390982999932 ], [ 120.987626312000089, 14.637392361999957 ], [ 120.987719950000042, 14.637404937000042 ], [ 120.987786358000221, 14.637422687000083 ], [ 120.987833238, 14.637447775999931 ], [ 120.988020066000331, 14.637593712000125 ], [ 120.988143349000325, 14.637686053000039 ], [ 120.988192080000204, 14.63771628000012 ], [ 120.988227431000041, 14.637725611000121 ], [ 120.988281848000156, 14.637731522000138 ], [ 120.988368628000217, 14.637724130000095 ], [ 120.988565105000021, 14.637680662000037 ] ] ] ] } },
{ "type": "Feature", "properties": { "RTA_ID": "JRTA34", "TIME": 20 }, "geometry": { "type": "MultiPolygon", "coordinates": [ [ [ [ 120.996521047707347, 14.59542708765764 ], [ 120.995975511000324, 14.596078341000123 ], [ 120.995048345000214, 14.597151425000106 ], [ 120.99489302100028, 14.596915205000073 ], [ 120.994748740000205, 14.596617841000182 ], [ 120.992715978921979, 14.59859374555873 ], [ 120.990931383167776, 14.600333726419251 ], [ 120.989750575643484, 14.600881002450535 ], [ 120.988325873366193, 14.601574020468433 ], [ 120.987227922856164, 14.602104783398886 ], [ 120.987305810879661, 14.602329763090665 ], [ 120.987521834804966, 14.603170248138099 ], [ 120.987601351149465, 14.603460903444841 ], [ 120.987762012159578, 14.604094048945683 ], [ 120.987879522661615, 14.604586344675567 ], [ 120.988008160024606, 14.605076197924177 ], [ 120.988117257534782, 14.605370924033821 ], [ 120.988201930229025, 14.60550987409647 ], [ 120.988333401346836, 14.605633929103988 ], [ 120.988623048057093, 14.605901237249384 ], [ 120.988857576586497, 14.606129129819806 ], [ 120.989406694925947, 14.606641710786107 ], [ 120.989939151571889, 14.607127133054519 ], [ 120.990481479204277, 14.607604417745222 ], [ 120.9915992614674, 14.608602636551154 ], [ 120.992165181991254, 14.609137040681333 ], [ 120.992585807881596, 14.60950937314044 ], [ 120.992796635529885, 14.609693691436348 ], [ 120.99286679864349, 14.609758435096012 ], [ 120.993370764007864, 14.609215932800851 ], [ 120.993997667611211, 14.608545878689483 ], [ 120.994754294124959, 14.6077262904289 ], [ 120.995477811443607, 14.60691104435773 ], [ 120.996194815478361, 14.606121851423097 ], [ 120.997100161980711, 14.605187737915458 ], [ 120.997280362843298, 14.604968457347525 ], [ 120.997414970716591, 14.604786085390344 ], [ 120.997551749684476, 14.604576031975341 ], [ 120.997929092951154, 14.603877785674911 ], [ 120.998140456006013, 14.603444633738377 ], [ 120.998707957455963, 14.602348891945269 ], [ 120.999183611711146, 14.601372837040628 ], [ 120.999577650453489, 14.600634252344491 ], [ 120.999754682352318, 14.600287802821867 ], [ 121.000625089188247, 14.59862289395619 ], [ 121.001179027710464, 14.597631134609003 ], [ 121.001331789106757, 14.597160477221962 ], [ 121.00140317293733, 14.596282456110885 ], [ 121.001413858588194, 14.595777489234365 ], [ 121.000311175173579, 14.59635250908957 ], [ 120.998160239444701, 14.596558855558897 ], [ 120.996521047707347, 14.59542708765764 ] ] ] ] } },
{ "type": "Feature", "properties": { "RTA_ID": "JRTA35", "TIME": 20 }, "geometry": { "type": "MultiPolygon", "coordinates": [ [ [ [ 121.049362238000981, 14.648474561000057 ], [ 121.049642465000943, 14.648468990000026 ], [ 121.049765125000818, 14.648470907000103 ], [ 121.050122475000876, 14.648490884000068 ], [ 121.050469962001102, 14.648518048000199 ], [ 121.050646761001076, 14.648534548000157 ], [ 121.050832989001037, 14.648565191000102 ], [ 121.050999625000827, 14.648606327000152 ], [ 121.051079822746146, 14.648646217288558 ], [ 121.051202262541324, 14.648451406411425 ], [ 121.051698007710456, 14.647681198788405 ], [ 121.051971880472479, 14.647267043880674 ], [ 121.052267119775024, 14.646853200097837 ], [ 121.052528879530882, 14.646438479311939 ], [ 121.053120322383961, 14.645532667651423 ], [ 121.053310912103484, 14.645209902437898 ], [ 121.053517852379059, 14.644811041745697 ], [ 121.054006832223195, 14.643669532484182 ], [ 121.054327790360503, 14.642800737917582 ], [ 121.054382328691418, 14.642681559556024 ], [ 121.054487467702188, 14.642329427312973 ], [ 121.054612633191368, 14.641828765356308 ], [ 121.054754289224434, 14.641160746891046 ], [ 121.054814566847085, 14.640830779189002 ], [ 121.05487798402828, 14.640435256243052 ], [ 121.054936394590072, 14.639949614144939 ], [ 121.054954733843942, 14.639260818170044 ], [ 121.054954319936542, 14.638654198604968 ], [ 121.054945033964373, 14.638131088840396 ], [ 121.054904794751565, 14.637580121159317 ], [ 121.054861460214738, 14.637081773987234 ], [ 121.05473764725275, 14.63637294477968 ], [ 121.054669550123549, 14.63611912820744 ], [ 121.054551927809712, 14.635558874554192 ], [ 121.054267043355139, 14.634167946746231 ], [ 121.054228613001328, 14.633921969000141 ], [ 121.054224773001238, 14.633876823000151 ], [ 121.054233301000977, 14.633783189000042 ], [ 121.054224605001195, 14.633678103000079 ], [ 121.054286640001237, 14.633514179000201 ], [ 121.054356760001042, 14.633291525000061 ], [ 121.054401792001045, 14.63313277900005 ], [ 121.0524581300009, 14.632620117000101 ], [ 121.052165898000794, 14.63253565600013 ], [ 121.051424486000997, 14.632313423000141 ], [ 121.049851516000786, 14.631870113000048 ], [ 121.047385344000759, 14.631170813000097 ], [ 121.046644143005324, 14.630962125000053 ], [ 121.046177132009575, 14.630804868000098 ], [ 121.045968467279067, 14.630730577756083 ], [ 121.045455367544605, 14.631810221015485 ], [ 121.044927732835959, 14.632865490432778 ], [ 121.044384734000118, 14.633722972000157 ], [ 121.042475009133909, 14.636674390874589 ], [ 121.040240562885629, 14.640093385518583 ], [ 121.039307780097033, 14.641514768815341 ], [ 121.038178704000416, 14.64325508200011 ], [ 121.037596332311409, 14.64414617493486 ], [ 121.038522385065676, 14.644724995295007 ], [ 121.040083080077125, 14.645690082249359 ], [ 121.041038071980097, 14.6462776142655 ], [ 121.042027387058283, 14.64689341242655 ], [ 121.04306112036511, 14.647531419701863 ], [ 121.044156497001609, 14.648212311 ], [ 121.0465427359361, 14.649679417182369 ], [ 121.04716916100358, 14.65008709763373 ], [ 121.047367471000825, 14.649798043000146 ], [ 121.047495468000875, 14.649640956000042 ], [ 121.047781592000888, 14.649325649000161 ], [ 121.047917342000801, 14.649193536000155 ], [ 121.048016442718449, 14.64911584249603 ], [ 121.048119656000836, 14.649043702000142 ], [ 121.048337730000867, 14.648871307000206 ], [ 121.04859174400076, 14.648709409000105 ], [ 121.048757508000676, 14.648632098000064 ], [ 121.048943108000685, 14.648562238000125 ], [ 121.049051726001039, 14.648528936000048 ], [ 121.049151729136724, 14.648505003718299 ], [ 121.049252978000823, 14.648487058000114 ], [ 121.049362238000981, 14.648474561000057 ] ] ] ] } },
{ "type": "Feature", "properties": { "RTA_ID": "JRTA36", "TIME": 20 }, "geometry": { "type": "MultiPolygon", "coordinates": [ [ [ [ 120.988373148570076, 14.562308917348446 ], [ 120.989086304000125, 14.560984531000088 ], [ 120.989494077000018, 14.560174719999964 ], [ 120.98995230800017, 14.559096932000159 ], [ 120.9903402770002, 14.558165924000036 ], [ 120.990774629000043, 14.557049944000084 ], [ 120.990903656, 14.556690573000083 ], [ 120.991041469000152, 14.556298662000074 ], [ 120.991100226000071, 14.556138271999941 ], [ 120.991117308000071, 14.556086014000073 ], [ 120.991175808000321, 14.555890451000153 ], [ 120.991265328000054, 14.555620092000083 ], [ 120.991312996000147, 14.555449752000186 ], [ 120.991440258000011, 14.555034252000098 ], [ 120.991910869000094, 14.553518630000099 ], [ 120.992043309282167, 14.553104990608404 ], [ 120.990307760247219, 14.552532691064982 ], [ 120.989468948485637, 14.552268311339219 ], [ 120.988233546313609, 14.551893093602871 ], [ 120.987906502469855, 14.551822794458985 ], [ 120.98772616988299, 14.551810568520807 ], [ 120.986429871000155, 14.551423345000217 ], [ 120.983359289000077, 14.550445494000201 ], [ 120.98313945700022, 14.550365905000092 ], [ 120.981982668, 14.54981750200011 ], [ 120.981842193000148, 14.549720131000129 ], [ 120.981757544000175, 14.549712070000112 ], [ 120.981727326544274, 14.549722645865984 ], [ 120.980327573560658, 14.549107289947585 ], [ 120.979793534111536, 14.551124307550822 ], [ 120.97969241358237, 14.551442272602117 ], [ 120.979638160022887, 14.552015513784795 ], [ 120.979536023333935, 14.552445049619223 ], [ 120.979518348518013, 14.552588279209203 ], [ 120.979368116482306, 14.552905819902492 ], [ 120.97837704982669, 14.555718643531463 ], [ 120.978343079957085, 14.555861732071207 ], [ 120.978341192325388, 14.556068973772369 ], [ 120.985772456143309, 14.560047086772613 ], [ 120.985956511112704, 14.560135430823095 ], [ 120.985704448718252, 14.560616679202553 ], [ 120.985289295270832, 14.560359151031491 ], [ 120.985262959007514, 14.56039690037062 ], [ 120.985682680202217, 14.560666164316672 ], [ 120.985218630090799, 14.561305199444291 ], [ 120.984735349681159, 14.560977062271547 ], [ 120.984682937030925, 14.561028096865357 ], [ 120.98516233413909, 14.561362983425965 ], [ 120.984871161232149, 14.561856571165549 ], [ 120.984635672260538, 14.56194311590275 ], [ 120.984634974566347, 14.562019913610186 ], [ 120.984909459105097, 14.561932816584374 ], [ 120.985060369706616, 14.562070550000158 ], [ 120.985268296485856, 14.562466353984064 ], [ 120.985246618771157, 14.562911665925355 ], [ 120.985178558930897, 14.563189503808701 ], [ 120.98471681847775, 14.564211501096054 ], [ 120.984794872000293, 14.564242953999951 ], [ 120.984984225000062, 14.564313448000121 ], [ 120.985443622220259, 14.564501185216102 ], [ 120.986267603305009, 14.564826932705216 ], [ 120.986752792342259, 14.56502659014069 ], [ 120.986897174983369, 14.56508793849622 ], [ 120.986898943723872, 14.565081649041929 ], [ 120.986916466000025, 14.565045922000138 ], [ 120.987111330500511, 14.564659178784382 ], [ 120.988373148570076, 14.562308917348446 ] ] ] ] } },
{ "type": "Feature", "properties": { "RTA_ID": "JRTA37", "TIME": 20 }, "geometry": { "type": "MultiPolygon", "coordinates": [ [ [ [ 121.074372671701212, 14.647485894829572 ], [ 121.074360107357847, 14.646180423489454 ], [ 121.074454141000047, 14.646185704000061 ], [ 121.075529648000156, 14.646145407000063 ], [ 121.075792883000304, 14.646114418000025 ], [ 121.07601300000033, 14.646075112000176 ], [ 121.076185948000102, 14.646027944000025 ], [ 121.07635103500013, 14.645965053000054 ], [ 121.076476816000309, 14.64590216299996 ], [ 121.076719679000121, 14.645763805000058 ], [ 121.076846297000088, 14.645650602000217 ], [ 121.077058286000124, 14.64549388000006 ], [ 121.077335910000215, 14.645186049000245 ], [ 121.077461070000027, 14.645094031999975 ], [ 121.077585911000028, 14.645016369000075 ], [ 121.077735477000147, 14.64496341 ], [ 121.077876126000092, 14.644943085000023 ], [ 121.078041213, 14.644943085000023 ], [ 121.078329086000281, 14.644986714000026 ], [ 121.078622949000192, 14.645021698000221 ], [ 121.078893090000065, 14.645135700999958 ], [ 121.079013569000153, 14.645245113000158 ], [ 121.079128656000194, 14.645358068000178 ], [ 121.079331901000046, 14.645564026000159 ], [ 121.07974809100017, 14.646074425000052 ], [ 121.080372408000244, 14.646823570000095 ], [ 121.08047086800002, 14.646872970000288 ], [ 121.080635440000151, 14.64694771500001 ], [ 121.080824111000084, 14.647018466999953 ], [ 121.081052089000082, 14.647065635 ], [ 121.081280066000204, 14.647081357000047 ], [ 121.081460876000051, 14.647010605000219 ], [ 121.081589908000069, 14.646937998 ], [ 121.081673131000116, 14.646869101999982 ], [ 121.08183821800003, 14.646790489000296 ], [ 121.081948276000048, 14.646704015000239 ], [ 121.082088467000062, 14.646619694000094 ], [ 121.082427815000074, 14.646334534000118 ], [ 121.082545735000053, 14.646248060000119 ], [ 121.082647932000214, 14.646208754000213 ], [ 121.082742267000299, 14.646177308000119 ], [ 121.082875909, 14.646161586000062 ], [ 121.083156430000031, 14.646163091000062 ], [ 121.08350355000016, 14.645501679000233 ], [ 121.083593335000046, 14.645290094000075 ], [ 121.083630040000116, 14.645160281000244 ], [ 121.083663516000229, 14.644987926000283 ], [ 121.083699925000133, 14.644595079 ], [ 121.083740650000209, 14.643855363000114 ], [ 121.082903631001386, 14.641571980000265 ], [ 121.08141689174613, 14.638801935097092 ], [ 121.081267367198393, 14.638420500449683 ], [ 121.081148929550409, 14.638028750810918 ], [ 121.081062399253028, 14.63762913248371 ], [ 121.081008212525717, 14.637224269295018 ], [ 121.080871859268655, 14.636639741010924 ], [ 121.080693393905108, 14.636066159542395 ], [ 121.080473865376575, 14.635506153689846 ], [ 121.080214242922921, 14.634962712984475 ], [ 121.079915805005726, 14.634438468077576 ], [ 121.079580058057786, 14.633936232186329 ], [ 121.077041313069003, 14.632737991236638 ], [ 121.076944045313326, 14.632649456095805 ], [ 121.076937384074313, 14.632640998341174 ], [ 121.076878137676317, 14.63253669452331 ], [ 121.076875630972154, 14.632525741222082 ], [ 121.07687081191159, 14.632516666216475 ], [ 121.076863915645504, 14.63247369203583 ], [ 121.076849546075209, 14.632410055865705 ], [ 121.076851070753378, 14.632393172624575 ], [ 121.076848599469372, 14.632378153773686 ], [ 121.076858040991283, 14.632313449330866 ], [ 121.076860927055804, 14.632280856076363 ], [ 121.076863819177902, 14.632273922854154 ], [ 121.076865041861197, 14.63226534950752 ], [ 121.07691110763551, 14.632160740869665 ], [ 121.077316756910932, 14.631411006087319 ], [ 121.077355805263892, 14.631233334888861 ], [ 121.077358747500057, 14.631211855385175 ], [ 121.077369934802732, 14.631052114915065 ], [ 121.07736835091805, 14.631031862971668 ], [ 121.077369547185867, 14.631008742714471 ], [ 121.077352602758992, 14.630827717947227 ], [ 121.077348885558195, 14.630806364165721 ], [ 121.077297259054944, 14.630609241442414 ], [ 121.07718469928443, 14.630387310912283 ], [ 121.076949047575795, 14.629817140941498 ], [ 121.076870805053431, 14.629679611470692 ], [ 121.076753581265621, 14.629571485908116 ], [ 121.076465281475862, 14.629317113069249 ], [ 121.074548058067421, 14.628520900642741 ], [ 121.074184883206044, 14.628504417568649 ], [ 121.074184048084703, 14.630107711368964 ], [ 121.074194457180738, 14.630794711726026 ], [ 121.07420139657836, 14.631748878888686 ], [ 121.074218745072926, 14.632390773161887 ], [ 121.074256911758539, 14.63332065243344 ], [ 121.074267320855256, 14.633730076888696 ], [ 121.074094792000096, 14.63376565200025 ], [ 121.072972040002355, 14.634129834000021 ], [ 121.071678672002463, 14.63451764600029 ], [ 121.071505241002455, 14.634574139000108 ], [ 121.068456413002764, 14.635469170000135 ], [ 121.066205854002419, 14.636112024999989 ], [ 121.066068247002704, 14.63615425900025 ], [ 121.065921533002438, 14.636189172000059 ], [ 121.065780882002628, 14.636209689999987 ], [ 121.065655619002996, 14.636209546000146 ], [ 121.065597677728306, 14.636195814220855 ], [ 121.064852794692342, 14.63720211303189 ], [ 121.064740913989453, 14.637872674906532 ], [ 121.065626037043899, 14.639295568785201 ], [ 121.066634158509487, 14.640063981983872 ], [ 121.067629470752422, 14.640818913178009 ], [ 121.067684349264141, 14.640906015980704 ], [ 121.067672132925622, 14.641024997911131 ], [ 121.06651792304433, 14.642043882882035 ], [ 121.074258218092268, 14.647395453999081 ], [ 121.074260507815552, 14.647403641313247 ], [ 121.074372671701212, 14.647485894829572 ] ] ] ] } },
{ "type": "Feature", "properties": { "RTA_ID": "JRTA38", "TIME": 20 }, "geometry": { "type": "MultiPolygon", "coordinates": [ [ [ [ 120.960734066294094, 14.643355822776755 ], [ 120.960089383531795, 14.644000957729645 ], [ 120.956942723727821, 14.647287469080368 ], [ 120.953743619593865, 14.650818720638199 ], [ 120.952554881445735, 14.65209486600304 ], [ 120.950940761509173, 14.653871174886149 ], [ 120.950257042835801, 14.654958909139395 ], [ 120.949915183499115, 14.655891252785068 ], [ 120.94948008979793, 14.65753839322565 ], [ 120.949169308582555, 14.659247689909193 ], [ 120.948765293003021, 14.661205611564924 ], [ 120.948330199301495, 14.662945986370119 ], [ 120.947646480628237, 14.664841751782831 ], [ 120.94680737134729, 14.666457814101818 ], [ 120.945533168364705, 14.668291423271569 ], [ 120.944041418531924, 14.670125032441319 ], [ 120.943171231129213, 14.671150610451377 ], [ 120.942031435613671, 14.671998501466362 ], [ 120.942382928000143, 14.672454441000127 ], [ 120.94283580900003, 14.672725051000157 ], [ 120.943548438000107, 14.673143021000101 ], [ 120.94392193800013, 14.673374371000079 ], [ 120.944189069000117, 14.673528611000052 ], [ 120.944928319000155, 14.673947211000041 ], [ 120.944884188000174, 14.674045330000069 ], [ 120.944850700000075, 14.674156191000066 ], [ 120.944823819000021, 14.674257060000173 ], [ 120.944688319000193, 14.674677041 ], [ 120.944599069000105, 14.674996140000019 ], [ 120.944564578000154, 14.675097010000059 ], [ 120.944939078000061, 14.675225121000096 ], [ 120.945102078000218, 14.675277121000136 ], [ 120.94525595000016, 14.675336240000092 ], [ 120.945453828000041, 14.675422980000178 ], [ 120.945739950000075, 14.675539349000132 ], [ 120.946588828000131, 14.675892951000094 ], [ 120.946788882574424, 14.6758561023737 ], [ 120.94895808800004, 14.676813 ], [ 120.94955883800003, 14.677185099000042 ], [ 120.949724588000095, 14.677291961000208 ], [ 120.949795459000029, 14.677123849000168 ], [ 120.950461088000111, 14.677173220000043 ], [ 120.950779293913456, 14.677227882388991 ], [ 120.950785626343645, 14.677093318245852 ], [ 120.950832574833726, 14.676846838674692 ], [ 120.950908866129339, 14.676653176154559 ], [ 120.951231636996454, 14.67634801097114 ], [ 120.951680581929395, 14.67615532654446 ], [ 120.95229873704443, 14.675834511864593 ], [ 120.952619551724297, 14.675490222939743 ], [ 120.953034263383756, 14.674817294586717 ], [ 120.953441150295134, 14.674230438464974 ], [ 120.953722841233457, 14.674011345512838 ], [ 120.954247099369013, 14.673909623785107 ], [ 120.954818305994309, 14.674058294002577 ], [ 120.956101564713663, 14.67449647990685 ], [ 120.957815184589549, 14.674746871852221 ], [ 120.959043670071082, 14.674793820341961 ], [ 120.960115660587007, 14.674559077893207 ], [ 120.961931002190454, 14.674089592995642 ], [ 120.963070364542091, 14.673883004756703 ], [ 120.962996559000317, 14.67371149000013 ], [ 120.962962928000138, 14.673562121000145 ], [ 120.962809428000014, 14.67356162100009 ], [ 120.962584809000191, 14.673538871000176 ], [ 120.962506678000068, 14.673493 ], [ 120.962313559000108, 14.67332964000019 ], [ 120.962443428000142, 14.673142771000073 ], [ 120.962636678000081, 14.672888791000219 ], [ 120.962739549000048, 14.6727025510001 ], [ 120.962941799000077, 14.672356570000147 ], [ 120.9631324180001, 14.672043720000033 ], [ 120.963358168000127, 14.671649861 ], [ 120.963600289000169, 14.671222771000203 ], [ 120.963750918000073, 14.670913160000055 ], [ 120.963864539000042, 14.670716301000027 ], [ 120.963943909000022, 14.670612178999932 ], [ 120.964026039000032, 14.670544179 ], [ 120.964283659000102, 14.670382060000179 ], [ 120.964364289000173, 14.67028882000011 ], [ 120.964582659000143, 14.669948211000076 ], [ 120.964371523387854, 14.669809576328362 ], [ 120.964911271646884, 14.667897827463719 ], [ 120.96475564900004, 14.66790659000003 ], [ 120.9646943313669, 14.667906339306342 ], [ 120.964581941289566, 14.667627102291135 ], [ 120.965324858614622, 14.666018756621497 ], [ 120.965383920421573, 14.665938865423811 ], [ 120.965400327120506, 14.665853089573602 ], [ 120.96539558157076, 14.665703976308919 ], [ 120.965364672597275, 14.665569992854387 ], [ 120.965345841557564, 14.665445962924593 ], [ 120.965340908295843, 14.665342021262177 ], [ 120.965376580929728, 14.66519235843748 ], [ 120.965463823260279, 14.664953523398594 ], [ 120.965709029000436, 14.664426239595684 ], [ 120.966225522671152, 14.663439478201838 ], [ 120.966256283183725, 14.663407222639705 ], [ 120.96633167921857, 14.663373550747053 ], [ 120.966341270890894, 14.663370924286085 ], [ 120.966407252690828, 14.663328948446178 ], [ 120.966447471379297, 14.663308520670114 ], [ 120.966487642484481, 14.663260085035404 ], [ 120.966527744896553, 14.66316105471401 ], [ 120.966534809992595, 14.663059024913764 ], [ 120.966494443101283, 14.662772182747233 ], [ 120.966426003553011, 14.662524937780347 ], [ 120.96636900412193, 14.662381601111008 ], [ 120.966333880021807, 14.662264746700998 ], [ 120.96632408729522, 14.662189673365503 ], [ 120.966324112848611, 14.662095713164661 ], [ 120.96636192431049, 14.662020966026205 ], [ 120.966437459636381, 14.661914114535023 ], [ 120.966536737109209, 14.661714413762638 ], [ 120.96654378621929, 14.661614100390125 ], [ 120.966540960303973, 14.66150565977415 ], [ 120.966503290977471, 14.661374327667716 ], [ 120.966437235319972, 14.661183931580752 ], [ 120.966389918577988, 14.661028121484719 ], [ 120.966304730145339, 14.660796088904874 ], [ 120.966290650474093, 14.660663065908182 ], [ 120.966287851441621, 14.659896721786708 ], [ 120.966269048540994, 14.659794465645859 ], [ 120.966198173994258, 14.659620380117872 ], [ 120.96617200381354, 14.659495382525677 ], [ 120.966117572268104, 14.659206610363583 ], [ 120.966087098403023, 14.659174722428588 ], [ 120.966032710350078, 14.659129976725637 ], [ 120.965992530721564, 14.659079934543172 ], [ 120.965995542049768, 14.65901075542223 ], [ 120.96597831400004, 14.658831186000157 ], [ 120.964701858000126, 14.659024356000145 ], [ 120.961825788155807, 14.659483178894106 ], [ 120.961810320691484, 14.659313009125526 ], [ 120.961711229563434, 14.658627228968783 ], [ 120.961701905810173, 14.658293293977295 ], [ 120.961707760627064, 14.658018788314337 ], [ 120.961740694456807, 14.657636193805331 ], [ 120.961778208384885, 14.657439119130174 ], [ 120.961858807137446, 14.657123649425614 ], [ 120.961906227767713, 14.656970711533575 ], [ 120.961974982510924, 14.656798093242003 ], [ 120.962053977322171, 14.656618160616233 ], [ 120.962131509266783, 14.656471873928581 ], [ 120.962259108464309, 14.65626102492206 ], [ 120.962438824619539, 14.656004526013021 ], [ 120.962757236945208, 14.655601879087044 ], [ 120.963159945080065, 14.655120456903546 ], [ 120.964446567061714, 14.653751143981822 ], [ 120.966231098192225, 14.651840543527783 ], [ 120.966429233000326, 14.651625297373528 ], [ 120.966554797830099, 14.65149423807253 ], [ 120.966900380380252, 14.651141638617844 ], [ 120.967056506506879, 14.650978934143041 ], [ 120.967200791607183, 14.650805704311495 ], [ 120.96730955362807, 14.650654840863353 ], [ 120.967544619931004, 14.650307942643735 ], [ 120.967695921935956, 14.650071560670881 ], [ 120.967780124790693, 14.64992069722274 ], [ 120.967899412168435, 14.649661510310125 ], [ 120.967971335440211, 14.649456265851313 ], [ 120.96801694531996, 14.649298824055222 ], [ 120.96805378406907, 14.649093579596467 ], [ 120.96807132633046, 14.648837901136176 ], [ 120.968080097461097, 14.648578275667148 ], [ 120.968073080556678, 14.648258129396027 ], [ 120.968059403366965, 14.648024477408171 ], [ 120.966414260000079, 14.648105982 ], [ 120.96603742700006, 14.648111724000159 ], [ 120.965869903, 14.64806873800012 ], [ 120.965725827000028, 14.648005098000056 ], [ 120.965520404000017, 14.647880352000186 ], [ 120.965248716000019, 14.64768013000014 ], [ 120.964590491000081, 14.647128580000185 ], [ 120.964261960000158, 14.646834715000068 ], [ 120.963792863000094, 14.646404098000062 ], [ 120.962928316000102, 14.645648488000063 ], [ 120.962265049000052, 14.645021181000118 ], [ 120.962504643000102, 14.64474087900004 ], [ 120.962017438000089, 14.644440256000109 ], [ 120.961358164000217, 14.64390948099998 ], [ 120.960978527000179, 14.643581362000134 ], [ 120.960775369000203, 14.643389577000164 ], [ 120.960734066294094, 14.643355822776755 ] ] ] ] } },
{ "type": "Feature", "properties": { "RTA_ID": "JRTA40", "TIME": 20 }, "geometry": { "type": "MultiPolygon", "coordinates": [ [ [ [ 121.054800046076934, 14.630295160003016 ], [ 121.054904148498167, 14.630143010310746 ], [ 121.054901479205341, 14.630001537789894 ], [ 121.054878030460145, 14.629924326755543 ], [ 121.054801235688046, 14.629771805244388 ], [ 121.054770683855281, 14.629723931333672 ], [ 121.054743990926909, 14.629611821034189 ], [ 121.054750283749854, 14.629592313274998 ], [ 121.054829408297678, 14.629400946899125 ], [ 121.054912156376645, 14.629235450742613 ], [ 121.055026935968158, 14.629101986100238 ], [ 121.055205778587151, 14.629019238022011 ], [ 121.055252797663229, 14.628999509739344 ], [ 121.055427329895451, 14.629024576607549 ], [ 121.055622854784701, 14.629102786564658 ], [ 121.055990550685806, 14.629256805085447 ], [ 121.056294850070799, 14.629358238213626 ], [ 121.056620503797717, 14.62943030912038 ], [ 121.056906118132588, 14.629403616192008 ], [ 121.057092968631878, 14.62934489174944 ], [ 121.0572344411529, 14.629240789328378 ], [ 121.057295834888464, 14.629101986100238 ], [ 121.057242449030809, 14.628955174993678 ], [ 121.057201673374834, 14.628901010320931 ], [ 121.057154362367328, 14.628717607930241 ], [ 121.057146354487941, 14.628533426723777 ], [ 121.057186393880897, 14.62845868652397 ], [ 121.057290496301789, 14.62839729278852 ], [ 121.057445315287168, 14.628338568345839 ], [ 121.057642842957648, 14.628370599859977 ], [ 121.057968496685135, 14.628562788945032 ], [ 121.058150008598773, 14.628653544901738 ], [ 121.058395583541142, 14.628712269344476 ], [ 121.058507693840284, 14.628749639444379 ], [ 121.058710560097097, 14.628781670958574 ], [ 121.058838686153308, 14.628787009544112 ], [ 121.058982827967611, 14.628768324494331 ], [ 121.059126969780891, 14.628765655201448 ], [ 121.059364536843987, 14.628867088329685 ], [ 121.059675380160797, 14.628986839443428 ], [ 121.060337055488617, 14.629371370700028 ], [ 121.060482970547127, 14.629424970534842 ], [ 121.060611096603793, 14.629422301241959 ], [ 121.060760577002839, 14.629374253970695 ], [ 121.060761436505345, 14.629371339137379 ], [ 121.061059333027174, 14.62933943748078 ], [ 121.061222416178794, 14.629294175184782 ], [ 121.061331805672012, 14.62929417518535 ], [ 121.061523994756612, 14.629144694785907 ], [ 121.061756223234397, 14.62898453721499 ], [ 121.061959089491211, 14.628856411158154 ], [ 121.062020213018059, 14.628786895186181 ], [ 121.062065861204587, 14.628704261466055 ], [ 121.062201995139844, 14.628594820459227 ], [ 121.062356814125224, 14.62850940308806 ], [ 121.062434223617402, 14.628453347938205 ], [ 121.062458247253289, 14.628415977838301 ], [ 121.062471593717419, 14.62837326915286 ], [ 121.062474263010131, 14.628154387139375 ], [ 121.062484940181662, 14.62787411139044 ], [ 121.062487609474715, 14.627692599476688 ], [ 121.062554341795703, 14.62756447342008 ], [ 121.062575623196039, 14.627515362495672 ], [ 121.062494231835558, 14.627471618049185 ], [ 121.062068013443877, 14.627281858061394 ], [ 121.060754501742053, 14.626647411448971 ], [ 121.060426902373933, 14.626499271454691 ], [ 121.060482832004595, 14.626386153000169 ], [ 121.061612493004759, 14.623992858000122 ], [ 121.06299067900477, 14.621149734000028 ], [ 121.063328266004532, 14.620367225000052 ], [ 121.063861980004503, 14.619160577000059 ], [ 121.064065861004565, 14.618678079000119 ], [ 121.064407330571612, 14.617889786492185 ], [ 121.062748255000315, 14.617232263 ], [ 121.062193296000146, 14.617031020000127 ], [ 121.061690637000083, 14.616841606000094 ], [ 121.06111082200016, 14.616625549000105 ], [ 121.060345376000214, 14.616326277000042 ], [ 121.059394088000204, 14.615935177000154 ], [ 121.058089453000321, 14.615431947000104 ], [ 121.057634116000031, 14.615236547000109 ], [ 121.057030572000031, 14.614990888000079 ], [ 121.056421422000085, 14.614731402000132 ], [ 121.055841667000323, 14.614470985000139 ], [ 121.055201578000037, 14.614209100000096 ], [ 121.054655766, 14.613961501000119 ], [ 121.054038522000042, 14.613689825 ], [ 121.053883707992441, 14.613612592703362 ], [ 121.053210839191024, 14.615074960898255 ], [ 121.052332129588876, 14.616877155113968 ], [ 121.051302304322803, 14.619087921310381 ], [ 121.051072832388513, 14.619563655808406 ], [ 121.050171735280628, 14.62153375631766 ], [ 121.049416156960206, 14.623224013004631 ], [ 121.048307975423654, 14.625669848011853 ], [ 121.046956696850657, 14.628577583203651 ], [ 121.047075913835897, 14.628601374116727 ], [ 121.047223235392153, 14.628613650913223 ], [ 121.047374649213339, 14.628605466382282 ], [ 121.04753015529991, 14.628560451462306 ], [ 121.047820706146808, 14.62847042162258 ], [ 121.04825039401851, 14.628421314437219 ], [ 121.048557313927063, 14.628421314437219 ], [ 121.048731853672734, 14.628476036927566 ], [ 121.048874215957881, 14.628604162984175 ], [ 121.048978614966813, 14.628732289040784 ], [ 121.049135213480326, 14.628903123783061 ], [ 121.049306048222775, 14.629026504430271 ], [ 121.049453155917377, 14.629197339172549 ], [ 121.049609754431231, 14.629425118828806 ], [ 121.049771098353972, 14.629728825037262 ], [ 121.049861261134879, 14.629828478636966 ], [ 121.04997515096295, 14.629866441913009 ], [ 121.050131749476463, 14.629890168960571 ], [ 121.050297838809342, 14.629909150598507 ], [ 121.05038800159025, 14.629937623055639 ], [ 121.050587308789432, 14.630004058788643 ], [ 121.050740051657726, 14.630070939403993 ], [ 121.050849492664724, 14.630105640211013 ], [ 121.050953595085616, 14.630102970918131 ], [ 121.051281918105587, 14.63000687637566 ], [ 121.051423771636451, 14.629952552212899 ], [ 121.051814737661402, 14.629860773980965 ], [ 121.051938564146099, 14.629868073147577 ], [ 121.052039997274278, 14.629921459004549 ], [ 121.052181469794959, 14.630081616575296 ], [ 121.052330950194005, 14.630201734753484 ], [ 121.052485037352881, 14.630298326705486 ], [ 121.052726005535533, 14.630417947474086 ], [ 121.052822100078174, 14.630441971109803 ], [ 121.052966241891681, 14.630391254545657 ], [ 121.053102375827052, 14.63029249071036 ], [ 121.05312221000122, 14.63025701267685 ], [ 121.053226694935347, 14.630195585888032 ], [ 121.053417352383349, 14.630185718996358 ], [ 121.053566832782053, 14.630220419803436 ], [ 121.053684281666847, 14.630377908081471 ], [ 121.05376169115948, 14.630498026259431 ], [ 121.053847108531045, 14.630556750702169 ], [ 121.054100691351323, 14.630668861001709 ], [ 121.05421013235798, 14.630647506658875 ], [ 121.054286412977149, 14.630622496248463 ], [ 121.054352336345801, 14.630591082670207 ], [ 121.054477061642388, 14.63056742787353 ], [ 121.054560705886047, 14.630491791132897 ], [ 121.054800046076934, 14.630295160003016 ] ] ] ] } },
{ "type": "Feature", "properties": { "RTA_ID": "JRTA160", "TIME": 30 }, "geometry": { "type": "MultiPolygon", "coordinates": [ [ [ [ 120.976440954314171, 14.612572618360275 ], [ 120.976211829845624, 14.611567453500129 ], [ 120.975964754165375, 14.610196942675145 ], [ 120.975663289092154, 14.608374162684356 ], [ 120.97562136511533, 14.608177585186411 ], [ 120.975328715964906, 14.607320242028891 ], [ 120.97487540773875, 14.606010047512825 ], [ 120.97693903830816, 14.605230128600454 ], [ 120.979347882580441, 14.604254537198642 ], [ 120.98007282510423, 14.60400860435692 ], [ 120.980634827548442, 14.603836772077273 ], [ 120.980659048, 14.603938632000109 ], [ 120.980867852000074, 14.605293042000085 ], [ 120.981092267000122, 14.6066252560002 ], [ 120.981275269000093, 14.608750307000037 ], [ 120.981353509000087, 14.609744173000024 ], [ 120.981455314000073, 14.610916207 ], [ 120.981465476000153, 14.611077115 ], [ 120.981958958000178, 14.611028976000057 ], [ 120.982513491000077, 14.610957907000113 ], [ 120.983333054000127, 14.61089081700004 ], [ 120.983823743000016, 14.610857113000122 ], [ 120.984314327000106, 14.610828825000056 ], [ 120.984720844000208, 14.610801628000047 ], [ 120.985075589000189, 14.610769448000042 ], [ 120.985532855000201, 14.610739975 ], [ 120.985860794000018, 14.610721119999937 ], [ 120.986232967000205, 14.610707154999943 ], [ 120.986147637000045, 14.609668192000242 ], [ 120.986123654000153, 14.609400450000123 ], [ 120.986104051000211, 14.60909935400025 ], [ 120.98599795500013, 14.608140559000049 ], [ 120.985943108175434, 14.607908351610547 ], [ 120.985876447581973, 14.607518913407091 ], [ 120.985736109490745, 14.606645308788586 ], [ 120.985623839017649, 14.605913796487528 ], [ 120.985560686876511, 14.605517341379482 ], [ 120.985374738905534, 14.604451648998577 ], [ 120.985192299386767, 14.603502612655916 ], [ 120.985123108470702, 14.603107240871168 ], [ 120.984793582889097, 14.603209870616411 ], [ 120.984577558963565, 14.603265233531943 ], [ 120.984345251827335, 14.603303227689764 ], [ 120.982838783471607, 14.603521151323207 ], [ 120.982092741045221, 14.603617765038848 ], [ 120.98205808336013, 14.603632685532659 ], [ 120.98198961404546, 14.602357444548034 ], [ 120.981914250000159, 14.602362576000075 ], [ 120.98075781600005, 14.602541425000027 ], [ 120.980359101000204, 14.602799136000158 ], [ 120.979791915000192, 14.602983956000173 ], [ 120.979068865000045, 14.603212697000174 ], [ 120.977597903000174, 14.60364902300023 ], [ 120.977090185000066, 14.603797340000142 ], [ 120.976457621, 14.604010010000138 ], [ 120.97486011400008, 14.604572306000136 ], [ 120.974532040000099, 14.604705889000059 ], [ 120.974451363000071, 14.604425102999926 ], [ 120.974356015000012, 14.604449550000083 ], [ 120.974238355000011, 14.604472032 ], [ 120.973826372000076, 14.604529891000084 ], [ 120.97313998900006, 14.604646779000177 ], [ 120.973215320405416, 14.605181078156193 ], [ 120.972659627000098, 14.605375952000202 ], [ 120.971333206000054, 14.605954561000203 ], [ 120.971229692000065, 14.606064753000055 ], [ 120.972073874000102, 14.609226400000125 ], [ 120.97263302500005, 14.611490235000076 ], [ 120.97288198900003, 14.61248095600007 ], [ 120.972954742000297, 14.612833142999989 ], [ 120.973037797000188, 14.613177182000129 ], [ 120.974969192, 14.61288044700018 ], [ 120.975509276000139, 14.61276588000004 ], [ 120.976440954314171, 14.612572618360275 ] ] ] ] } },
{ "type": "Feature", "properties": { "RTA_ID": "JRTA44", "TIME": 20 }, "geometry": { "type": "MultiPolygon", "coordinates": [ [ [ [ 121.039373090273443, 14.649706807131622 ], [ 121.039582328663073, 14.648985620148608 ], [ 121.041716068325513, 14.649480313564254 ], [ 121.042049981282389, 14.648217981244159 ], [ 121.042217455392347, 14.647906356004626 ], [ 121.044156497005361, 14.648212311000179 ], [ 121.043061120368634, 14.647531419701977 ], [ 121.042027387061808, 14.646893412426721 ], [ 121.041038071983508, 14.646277614265614 ], [ 121.040083080080649, 14.64569008224953 ], [ 121.038522385068859, 14.644724995295178 ], [ 121.037596332315047, 14.644146174934974 ], [ 121.038178704004054, 14.64325508200028 ], [ 121.039307780100671, 14.641514768815512 ], [ 121.040240562889494, 14.640093385518753 ], [ 121.042475009137434, 14.636674390874703 ], [ 121.044384734003643, 14.633722972000271 ], [ 121.044927732839483, 14.632865490432891 ], [ 121.045455367548698, 14.631810221015655 ], [ 121.045968467279181, 14.630730577756253 ], [ 121.045727435004551, 14.630644764000294 ], [ 121.04489899500436, 14.630438742000308 ], [ 121.041012683004851, 14.629317104000222 ], [ 121.038697786004377, 14.628635237000196 ], [ 121.03645207500449, 14.627989319000221 ], [ 121.036225874004685, 14.628674046000299 ], [ 121.034109472004729, 14.629100307000158 ], [ 121.034247383004526, 14.629647209000268 ], [ 121.03434537300484, 14.630083583000157 ], [ 121.034471941005108, 14.63061305400015 ], [ 121.034588139004995, 14.631143562000204 ], [ 121.034707268004809, 14.631670471000177 ], [ 121.0348370710052, 14.632206544000212 ], [ 121.03495035400465, 14.632710821000273 ], [ 121.035083243005147, 14.633266866000213 ], [ 121.035259011004769, 14.634018725000317 ], [ 121.035361680005167, 14.634395332000281 ], [ 121.035454542117805, 14.634809363696149 ], [ 121.035000842004592, 14.634905789000186 ], [ 121.033333525004764, 14.635252154000341 ], [ 121.031268242004444, 14.635717951000231 ], [ 121.029119061004394, 14.636165358000198 ], [ 121.02698263700529, 14.636683665000191 ], [ 121.026682463005272, 14.636822677000168 ], [ 121.026189295005679, 14.636938099000304 ], [ 121.025952372005349, 14.637085895000268 ], [ 121.02594816700514, 14.637690437000174 ], [ 121.026011658003881, 14.637967077000326 ], [ 121.026030675850052, 14.638033091490911 ], [ 121.026055372908104, 14.638097198017249 ], [ 121.026085561349873, 14.638158909032541 ], [ 121.026121011584792, 14.638217755207222 ], [ 121.026162789003365, 14.638274958000295 ], [ 121.026188656003569, 14.638436144000309 ], [ 121.02625432600405, 14.638708723000207 ], [ 121.026531668003599, 14.639914184000247 ], [ 121.026607991003743, 14.640192645000241 ], [ 121.026756906003698, 14.640841106000209 ], [ 121.027204487003701, 14.642720443000314 ], [ 121.027540131003434, 14.644219727000234 ], [ 121.027678419003109, 14.644870963000301 ], [ 121.02784783600373, 14.645621797000217 ], [ 121.027895557953116, 14.645846803030736 ], [ 121.027924860282383, 14.645840147514093 ], [ 121.028077566041929, 14.645840147514093 ], [ 121.028224603744434, 14.645817232547245 ], [ 121.028419380961736, 14.645760899920731 ], [ 121.028581695308844, 14.64569215502064 ], [ 121.028735416543782, 14.645612907427449 ], [ 121.028858584490422, 14.645574715816281 ], [ 121.028993209920031, 14.645572806235748 ], [ 121.029072457512825, 14.645609088266269 ], [ 121.029176529653114, 14.645698838552562 ], [ 121.029304251656527, 14.645778631301141 ], [ 121.029399950579091, 14.645817232547245 ], [ 121.0295078418809, 14.645832509191735 ], [ 121.029651060422452, 14.645825825659813 ], [ 121.029795233754498, 14.645804820273725 ], [ 121.029872571767669, 14.645769493033242 ], [ 121.02996709600518, 14.645710296036043 ], [ 121.030162828012521, 14.645609088266269 ], [ 121.030335645053128, 14.645532705044047 ], [ 121.030479818385516, 14.645475417627097 ], [ 121.030683188715102, 14.645401898775617 ], [ 121.030906609640738, 14.645371345486637 ], [ 121.03106796919792, 14.645351294890816 ], [ 121.031222645223011, 14.645375164647817 ], [ 121.031388778731525, 14.645433406854806 ], [ 121.031470890695687, 14.645499287384098 ], [ 121.031553002659848, 14.645589037670391 ], [ 121.031596923012785, 14.64566351131225 ], [ 121.031655165219945, 14.645789543629292 ], [ 121.031681899348087, 14.645824870869603 ], [ 121.031721045749237, 14.645853514577993 ], [ 121.03181843435766, 14.645898389721026 ], [ 121.03197788433431, 14.645967134621287 ], [ 121.032143063052786, 14.646061658858969 ], [ 121.032304422609968, 14.646190555546639 ], [ 121.032350252543779, 14.646232566318929 ], [ 121.032398946847707, 14.646262164817699 ], [ 121.032538346228762, 14.646338548040092 ], [ 121.032654830643764, 14.646426388745795 ], [ 121.032688248302975, 14.646519958193323 ], [ 121.032777998589268, 14.646967754834463 ], [ 121.032819054571064, 14.647177808695915 ], [ 121.032838150377074, 14.647285699997497 ], [ 121.032859155762935, 14.647335349092089 ], [ 121.032892573422828, 14.647362083219889 ], [ 121.032956544371359, 14.647394546089458 ], [ 121.033052023399478, 14.647406958362978 ], [ 121.033125730851339, 14.647413588851123 ], [ 121.033436544556253, 14.647389447980856 ], [ 121.03361156586584, 14.647392465589576 ], [ 121.033762446305218, 14.647416606459842 ], [ 121.033859009786511, 14.647446782547831 ], [ 121.033949538050251, 14.647489029070698 ], [ 121.034236210884615, 14.647676120815447 ], [ 121.034356915236003, 14.647730437773532 ], [ 121.034456496325788, 14.647739490599918 ], [ 121.034553008881517, 14.647712334335097 ], [ 121.034783739234513, 14.647670588532776 ], [ 121.034950441164597, 14.647716481332907 ], [ 121.03508057659667, 14.647812567885126 ], [ 121.035155884790356, 14.647872295073626 ], [ 121.034499738724435, 14.648940507495638 ], [ 121.03447586931668, 14.648974815208021 ], [ 121.034254625633935, 14.649338629416661 ], [ 121.03257370577694, 14.651935114131561 ], [ 121.031354783551024, 14.653799050615646 ], [ 121.030756881761477, 14.654703267257275 ], [ 121.030563754799346, 14.655039451228618 ], [ 121.03044930919225, 14.655246883891834 ], [ 121.030349169285614, 14.65538278805036 ], [ 121.030211897773597, 14.655519004797043 ], [ 121.030697732788212, 14.655470723056453 ], [ 121.031066149481148, 14.65541761911868 ], [ 121.034319810918305, 14.654697636604908 ], [ 121.036393927805079, 14.654200333725498 ], [ 121.03841367791108, 14.653755659981414 ], [ 121.038753084147856, 14.653678772169201 ], [ 121.038771278155082, 14.65315721061296 ], [ 121.038850118855407, 14.652386997616986 ], [ 121.038947153563868, 14.651719883998283 ], [ 121.039032058933572, 14.651155869757247 ], [ 121.039116964302707, 14.650719213570483 ], [ 121.039201869672411, 14.650349268745686 ], [ 121.039373090273443, 14.649706807131622 ] ] ] ] } },
{ "type": "Feature", "properties": { "RTA_ID": "JRTA48", "TIME": 20 }, "geometry": { "type": "MultiPolygon", "coordinates": [ [ [ [ 121.008926662319595, 14.596227225409905 ], [ 121.012140265098196, 14.594377886434415 ], [ 121.012424251247126, 14.594267240551915 ], [ 121.012096291230932, 14.593868803169642 ], [ 121.011671552671942, 14.593378350342846 ], [ 121.010041518277262, 14.591610075568269 ], [ 121.00952114954282, 14.591036494335242 ], [ 121.009179859000369, 14.59113653500026 ], [ 121.009140387000457, 14.591145406000351 ], [ 121.00910780900017, 14.591148364000276 ], [ 121.008991094000294, 14.591151657000069 ], [ 121.007079030000341, 14.591077963000373 ], [ 121.006743661000314, 14.591074914000217 ], [ 121.006454836000216, 14.591057463000254 ], [ 121.006236971000135, 14.591018368000334 ], [ 121.005651969000041, 14.590894917000355 ], [ 121.005223497000316, 14.590728603000059 ], [ 121.00514139700033, 14.590689683000221 ], [ 121.005021743000384, 14.590620785000226 ], [ 121.004768437000394, 14.590421657000263 ], [ 121.004577897000445, 14.590262709000058 ], [ 121.004335960000049, 14.590026628000317 ], [ 121.004278836000026, 14.589961667000182 ], [ 121.004153587000246, 14.589799841000342 ], [ 121.003866411000104, 14.589333546000375 ], [ 121.003776958000344, 14.589192678000074 ], [ 121.003719747000218, 14.589075636000359 ], [ 121.003671359000123, 14.588946005000366 ], [ 121.003650876000393, 14.588873575000264 ], [ 121.00363495400029, 14.588663077000206 ], [ 121.003636060000417, 14.58858817800035 ], [ 121.00364345100013, 14.588525445000187 ], [ 121.00366823900049, 14.588401335000242 ], [ 121.003741120000313, 14.588159492000216 ], [ 121.003798527000185, 14.587980189000234 ], [ 121.003832472000227, 14.587769890000288 ], [ 121.003871361000165, 14.587455858000283 ], [ 121.003883607000375, 14.587392491000287 ], [ 121.003949342000396, 14.587120211000297 ], [ 121.00403764000032, 14.586883341000259 ], [ 121.004555749000133, 14.585796100000266 ], [ 121.004669571916793, 14.585515207975789 ], [ 121.004583227096077, 14.585445756707031 ], [ 121.004166502472231, 14.585016209786886 ], [ 121.003775422440299, 14.584625129755011 ], [ 121.003522182091615, 14.584429589739216 ], [ 121.00300740643172, 14.584112729892581 ], [ 121.002715980223343, 14.583947952241147 ], [ 121.002491590041245, 14.583656245004306 ], [ 121.002071659843182, 14.583060008234668 ], [ 121.001551909012619, 14.582491943589389 ], [ 120.999920095445646, 14.580569429241677 ], [ 120.999325180582332, 14.579873988598081 ], [ 120.998398082953599, 14.578707951296337 ], [ 120.998454355000035, 14.578706456000191 ], [ 120.998760138000193, 14.578705208000088 ], [ 120.999568059000126, 14.578663339000286 ], [ 121.000023076000161, 14.578678090000153 ], [ 121.000950182000224, 14.578704079000261 ], [ 121.001203824955724, 14.578717816342191 ], [ 121.001225363146887, 14.578187303978552 ], [ 121.001232501529898, 14.577484887089668 ], [ 121.00125677203232, 14.576736784549212 ], [ 121.001269621121764, 14.576619715067807 ], [ 121.001331011215825, 14.576419840343192 ], [ 121.001412388782001, 14.576282783389331 ], [ 121.001563722502169, 14.576098613107092 ], [ 121.002266139391281, 14.575411900660924 ], [ 121.003195556860305, 14.574499615311083 ], [ 121.003890835366519, 14.573805764481449 ], [ 121.004614667404553, 14.573114769005144 ], [ 121.005742531921555, 14.572042583875714 ], [ 121.006917509766708, 14.570914719358711 ], [ 121.007546952920848, 14.570332177011892 ], [ 121.006368495607603, 14.569162166826629 ], [ 121.004786240902718, 14.567645893717952 ], [ 121.004387153000266, 14.56723431300037 ], [ 121.004125765000481, 14.566980778000413 ], [ 121.003587996000306, 14.566392523000161 ], [ 121.003264690278911, 14.566108201709596 ], [ 121.003052439003341, 14.565907596000272 ], [ 121.003024011000207, 14.565964511000459 ], [ 121.002835690711777, 14.566400673531803 ], [ 121.002612999687585, 14.566809484296073 ], [ 120.999411412000427, 14.572630552000362 ], [ 120.999109181000335, 14.572513515000367 ], [ 120.999073395000437, 14.57249515500024 ], [ 120.998513103000278, 14.57240903800033 ], [ 120.998122080000257, 14.572363233000374 ], [ 120.997457224000414, 14.57227846300043 ], [ 120.996822888000224, 14.572191265000356 ], [ 120.996526709000364, 14.57213724400043 ], [ 120.996377593000489, 14.572090694000451 ], [ 120.996025766, 14.571949433000384 ], [ 120.995844920000309, 14.571859345000405 ], [ 120.995374323000192, 14.571614908000356 ], [ 120.995138324000322, 14.571482778000245 ], [ 120.994973690000165, 14.571411812000235 ], [ 120.994937807000383, 14.571472022000421 ], [ 120.994888719000755, 14.571663153000372 ], [ 120.994737667000095, 14.572055872000419 ], [ 120.994558842000401, 14.572487175000333 ], [ 120.994428364000441, 14.572777943000233 ], [ 120.994257017000109, 14.573137955000334 ], [ 120.994130469690504, 14.573391888533934 ], [ 120.993734436000409, 14.574206098000332 ], [ 120.993631299000299, 14.574434537000343 ], [ 120.993117320000238, 14.575551845000405 ], [ 120.992624532000377, 14.576599439000233 ], [ 120.992139343000417, 14.577699580000228 ], [ 120.993220859000417, 14.578144421000331 ], [ 120.991264280000223, 14.579157730000247 ], [ 120.989633171000605, 14.58001934500038 ], [ 120.988528862417866, 14.580665804962223 ], [ 120.988409629000444, 14.580733756000427 ], [ 120.988214946000426, 14.580869188000293 ], [ 120.98737259800032, 14.582638327000211 ], [ 120.98711530300011, 14.583240032000333 ], [ 120.986422629000458, 14.584738593000225 ], [ 120.986215841000444, 14.585213927000325 ], [ 120.985778157000141, 14.58620953000036 ], [ 120.985155778000603, 14.587573328000417 ], [ 120.984938819000149, 14.588054897000347 ], [ 120.984641173000568, 14.588745476000383 ], [ 120.984588866000422, 14.588842602000227 ], [ 120.984077020000313, 14.589995782000301 ], [ 120.983968664000258, 14.590249617000381 ], [ 120.983947689000388, 14.590386752000313 ], [ 120.985503630000608, 14.590361358000337 ], [ 120.985815695000383, 14.590225808000469 ], [ 120.985901370000647, 14.590146276000269 ], [ 120.985967950697614, 14.590216635107822 ], [ 120.990598701619547, 14.590154677395276 ], [ 120.993832905592853, 14.591912121564974 ], [ 120.996245042904206, 14.595236522167625 ], [ 120.998160239444587, 14.59655885555884 ], [ 121.00031117517392, 14.596352509089684 ], [ 121.001551395023739, 14.595705845941438 ], [ 121.003292793898027, 14.596611500126301 ], [ 121.004663941803187, 14.597202635100871 ], [ 121.006084849009312, 14.59720619715182 ], [ 121.008926662319595, 14.596227225409905 ] ] ] ] } },
{ "type": "Feature", "properties": { "RTA_ID": "JRTA49", "TIME": 20 }, "geometry": { "type": "MultiPolygon", "coordinates": [ [ [ [ 120.984079903342831, 14.583539820210888 ], [ 120.98469649424635, 14.582495523645719 ], [ 120.984996648092533, 14.581952749963364 ], [ 120.985329368359999, 14.581356241686308 ], [ 120.986140136548102, 14.579891973984559 ], [ 120.986065396000072, 14.579852394999989 ], [ 120.98540468300007, 14.579520241000239 ], [ 120.983841437000024, 14.578698883000129 ], [ 120.984064044000093, 14.578176693000103 ], [ 120.984580452000159, 14.577060598 ], [ 120.984698451000213, 14.57677249600016 ], [ 120.984708493000198, 14.57668849200013 ], [ 120.984694305000062, 14.576622411000073 ], [ 120.984646121000196, 14.576564180000162 ], [ 120.984515505000218, 14.576479915999926 ], [ 120.984407310000051, 14.576420281999958 ], [ 120.984462686000029, 14.576298754000049 ], [ 120.984897235000176, 14.57550819 ], [ 120.985320800000068, 14.574785266000049 ], [ 120.986203609000086, 14.573225003 ], [ 120.986590443000068, 14.572493722000161 ], [ 120.98724768, 14.571357131000184 ], [ 120.987876327000095, 14.570228443999952 ], [ 120.988284756000212, 14.569536177000145 ], [ 120.987545941000121, 14.569187323000051 ], [ 120.987152835000074, 14.568990498000062 ], [ 120.987014633000058, 14.56894685900005 ], [ 120.98697266000022, 14.568939237 ], [ 120.985979934000284, 14.568876502000194 ], [ 120.985783792, 14.568856749000076 ], [ 120.985408971000084, 14.568812837000166 ], [ 120.985281745000179, 14.568786729000124 ], [ 120.98455114, 14.568648248000159 ], [ 120.984303118000071, 14.568594624000127 ], [ 120.984103075677126, 14.568539068497728 ], [ 120.98390471925677, 14.568477765355794 ], [ 120.983708213843101, 14.568410765600504 ], [ 120.983513723000101, 14.568338125000139 ], [ 120.982940009731692, 14.568108428433504 ], [ 120.979603147534363, 14.574888027339966 ], [ 120.979342175064744, 14.575221003680838 ], [ 120.977500752267929, 14.575773601384242 ], [ 120.976965121080184, 14.576018584223959 ], [ 120.975727899126127, 14.578196520579866 ], [ 120.975482249285392, 14.578473622532783 ], [ 120.975204381083358, 14.578321198092226 ], [ 120.974990825767691, 14.578130466578273 ], [ 120.974765935632377, 14.577766153904747 ], [ 120.974695667034666, 14.577936362483172 ], [ 120.974609711859443, 14.578001575506448 ], [ 120.974487165646224, 14.578007730659976 ], [ 120.974453204760266, 14.577864674772854 ], [ 120.974400707444602, 14.577720532822013 ], [ 120.974347053763267, 14.577702893296646 ], [ 120.97407588045246, 14.578136117704446 ], [ 120.973776781559422, 14.57847689861336 ], [ 120.973363057167035, 14.578871834808922 ], [ 120.972924967919312, 14.579395772981741 ], [ 120.972656042813696, 14.579885941452744 ], [ 120.97249280418896, 14.580588448243418 ], [ 120.972367470535801, 14.58110247774664 ], [ 120.972234103608344, 14.581277504371485 ], [ 120.972243842645298, 14.5815297251537 ], [ 120.972594967645136, 14.581896024280411 ], [ 120.972744407798359, 14.581991298869468 ], [ 120.97323744796563, 14.582054318488701 ], [ 120.973287755388355, 14.582116011727692 ], [ 120.972711529863091, 14.583088912705932 ], [ 120.974505292973618, 14.584718352815912 ], [ 120.975373542089756, 14.582868409165712 ], [ 120.975748870091024, 14.583067607107239 ], [ 120.976542405214673, 14.58351376707418 ], [ 120.977376648364611, 14.584003891709415 ], [ 120.978025805688958, 14.584388175476533 ], [ 120.978794915997014, 14.58483270712253 ], [ 120.979566197399663, 14.585255527821175 ], [ 120.97983758424084, 14.585453097441587 ], [ 120.979985761456192, 14.585591504730587 ], [ 120.980198528739834, 14.585841180624584 ], [ 120.980357018655013, 14.586097369802701 ], [ 120.980424322591716, 14.586286255044229 ], [ 120.980578470317596, 14.586788320700464 ], [ 120.98077603993795, 14.58751672298223 ], [ 120.980925845474303, 14.58803561462264 ], [ 120.981038742400187, 14.58841989838993 ], [ 120.981127580902694, 14.588691278074009 ], [ 120.981392361742564, 14.588208219077273 ], [ 120.9814968433883, 14.588054611701409 ], [ 120.981957115470777, 14.587316982266884 ], [ 120.982592160679246, 14.586260744680771 ], [ 120.98294387802548, 14.585584448672591 ], [ 120.983362899308418, 14.584832164348711 ], [ 120.983988717364241, 14.583701566768184 ], [ 120.984079903342831, 14.583539820210888 ] ] ] ] } },
{ "type": "Feature", "properties": { "RTA_ID": "JRTA50", "TIME": 20 }, "geometry": { "type": "MultiPolygon", "coordinates": [ [ [ [ 120.96907046776289, 14.619680031313919 ], [ 120.969147653713208, 14.619564252388614 ], [ 120.969259924186304, 14.619266033944371 ], [ 120.969430084121996, 14.618632758307115 ], [ 120.969555927905958, 14.618368710181358 ], [ 120.969666027538096, 14.61830208667925 ], [ 120.969836187473902, 14.618233671859855 ], [ 120.969983542470004, 14.618186307753945 ], [ 120.970227379903577, 14.618100350673046 ], [ 120.97044665817134, 14.618016147818253 ], [ 120.97064663995161, 14.617967029486238 ], [ 120.970793994947599, 14.61794422454642 ], [ 120.970931897462947, 14.617862457622891 ], [ 120.970907635916205, 14.617761620569183 ], [ 120.970919915499394, 14.616927924595416 ], [ 120.970947983117526, 14.61629903452382 ], [ 120.970956754248391, 14.615911350546469 ], [ 120.970983067640304, 14.615589011493057 ], [ 120.971018152163197, 14.614967138325881 ], [ 120.971054990912307, 14.614227732007123 ], [ 120.971097092339505, 14.613603227500732 ], [ 120.971203536000189, 14.613554400000112 ], [ 120.971636373000024, 14.613467822000018 ], [ 120.973037797000188, 14.613177182000129 ], [ 120.972954742000297, 14.612833142999989 ], [ 120.97288198900003, 14.61248095600007 ], [ 120.97263302500005, 14.611490235000076 ], [ 120.972073874000102, 14.609226400000125 ], [ 120.971229692000065, 14.606064753000055 ], [ 120.971279312580009, 14.606011046399317 ], [ 120.971002364127912, 14.605958419615149 ], [ 120.970977945000072, 14.606007127000112 ], [ 120.97065274900001, 14.606815674000131 ], [ 120.969947796000042, 14.60648593500008 ], [ 120.968878536000034, 14.606010330000117 ], [ 120.968674750000218, 14.605912795000108 ], [ 120.967856228000187, 14.605452033000176 ], [ 120.967384847000176, 14.605153335000182 ], [ 120.967097945000205, 14.604938526000069 ], [ 120.966643778000048, 14.604602890000194 ], [ 120.966158815000085, 14.604425217000141 ], [ 120.966076153000017, 14.60465124100017 ], [ 120.966046344, 14.604739516000109 ], [ 120.96582602, 14.605357569000205 ], [ 120.965728148000153, 14.605663078000134 ], [ 120.96553000900019, 14.606200783000133 ], [ 120.964390017000142, 14.605639627000073 ], [ 120.96403748500029, 14.605473839000013 ], [ 120.963697493000041, 14.605300128000124 ], [ 120.963284912000063, 14.605100388000153 ], [ 120.962960480000106, 14.604937620000157 ], [ 120.96266069800015, 14.604751604000057 ], [ 120.962003366996669, 14.604695037627323 ], [ 120.961616422776729, 14.604677200870867 ], [ 120.961354048064322, 14.604717822452358 ], [ 120.960200911145989, 14.604543490526908 ], [ 120.958218314311353, 14.604435616565411 ], [ 120.957396148178645, 14.604432845106999 ], [ 120.95498901043527, 14.619216988858511 ], [ 120.958030647181545, 14.620188323678235 ], [ 120.958409614991183, 14.620509031398512 ], [ 120.959548930012375, 14.620440228731127 ], [ 120.959546992668152, 14.620335138774294 ], [ 120.959687982339688, 14.620323363432533 ], [ 120.959820167000089, 14.620329344000197 ], [ 120.960903450000046, 14.620128942000122 ], [ 120.961455925, 14.620009005000099 ], [ 120.961577032000037, 14.619989258000146 ], [ 120.963050275, 14.619705750000151 ], [ 120.963111182000148, 14.619700831000159 ], [ 120.963299606000078, 14.619679906000101 ], [ 120.963435408000123, 14.619678381000085 ], [ 120.963610111000094, 14.619719660000044 ], [ 120.964139994000334, 14.619942114000139 ], [ 120.965032220000126, 14.620329447000131 ], [ 120.965440221000222, 14.620426062000206 ], [ 120.965856432000237, 14.620509974000072 ], [ 120.966598036000164, 14.620740941000065 ], [ 120.967428938759895, 14.620942573157436 ], [ 120.967434651885469, 14.620860625507532 ], [ 120.967494295574284, 14.620604508490885 ], [ 120.967627616761092, 14.620337866117268 ], [ 120.967771463304757, 14.620222964304958 ], [ 120.967996881364002, 14.620135252997727 ], [ 120.968551216824835, 14.619991406454176 ], [ 120.968751198604991, 14.619914220503915 ], [ 120.968905570505513, 14.619844051458244 ], [ 120.96907046776289, 14.619680031313919 ] ] ] ] } },
{ "type": "Feature", "properties": { "RTA_ID": "JRTA54", "TIME": 30 }, "geometry": { "type": "MultiPolygon", "coordinates": [ [ [ [ 121.013028219537887, 14.628775541742357 ], [ 121.013493399800382, 14.62827679013651 ], [ 121.013892261600745, 14.628658533404746 ], [ 121.014561596210342, 14.629261105738692 ], [ 121.01486630608315, 14.629548697079997 ], [ 121.014986135813274, 14.629654831979622 ], [ 121.015111591860432, 14.629496979579301 ], [ 121.015328038309462, 14.629242890269381 ], [ 121.015925618723259, 14.628889988450112 ], [ 121.016410270554957, 14.628626488425311 ], [ 121.016725529513451, 14.628320640182039 ], [ 121.016941975962482, 14.628033613369041 ], [ 121.017276056351648, 14.627459559743102 ], [ 121.017652484958603, 14.626871390044528 ], [ 121.017883047480382, 14.626631416807527 ], [ 121.018161380440688, 14.626475062034672 ], [ 121.018339467166697, 14.626523193583012 ], [ 121.018857056501588, 14.626556131086033 ], [ 121.019172315460082, 14.626513782867789 ], [ 121.019534627994517, 14.62635380070958 ], [ 121.019798128019602, 14.62605736318153 ], [ 121.019991047680605, 14.625695050647266 ], [ 121.020113386978096, 14.625450372052569 ], [ 121.020301601281744, 14.625398613119046 ], [ 121.020602744167263, 14.625398613119046 ], [ 121.020903887053237, 14.625436255979821 ], [ 121.021322663878664, 14.625553889919559 ], [ 121.021604985334193, 14.6256432917138 ], [ 121.021906128219939, 14.625760925653537 ], [ 121.02222609253613, 14.625822095302055 ], [ 121.02263545864605, 14.625887970308327 ], [ 121.022917780101466, 14.625972666745042 ], [ 121.023171869411613, 14.62606677389681 ], [ 121.023378905145591, 14.626184407836547 ], [ 121.023661226600666, 14.626236166770013 ], [ 121.023929431983333, 14.626217345339569 ], [ 121.02415058379006, 14.626099711400002 ], [ 121.024291744517654, 14.625897381023549 ], [ 121.024498780251633, 14.625704461362488 ], [ 121.024719409241015, 14.625587088831423 ], [ 121.025012187046627, 14.625294311025868 ], [ 121.025480631535515, 14.624608374452919 ], [ 121.026763356005745, 14.624153254000305 ], [ 121.026863390942026, 14.624130846048899 ], [ 121.026961958516722, 14.624102676245172 ], [ 121.02705872715444, 14.624068839350969 ], [ 121.027153371330883, 14.624029449191767 ], [ 121.027245572666629, 14.623984638274123 ], [ 121.027335021001818, 14.62393455733968 ], [ 121.027421415436834, 14.623879374858006 ], [ 121.027504465345032, 14.623819276460267 ], [ 121.027583891351583, 14.623754464314231 ], [ 121.027659426270134, 14.623685156444935 ], [ 121.027730816005828, 14.623611586000266 ], [ 121.027800046741277, 14.623538056422944 ], [ 121.027864849852335, 14.623460596431471 ], [ 121.027925002633879, 14.623379472228123 ], [ 121.027980298362195, 14.623294962608043 ], [ 121.028030547006438, 14.623207358000343 ], [ 121.028181360001781, 14.622868188000382 ], [ 121.027277640000307, 14.622608761000322 ], [ 121.024863780000487, 14.621882124000308 ], [ 121.024417153000741, 14.62174944200035 ], [ 121.024114818366229, 14.621674921520764 ], [ 121.024123141992845, 14.621660903981308 ], [ 121.023409115000618, 14.621445883000376 ], [ 121.02255292266409, 14.621191128017756 ], [ 121.021710067000754, 14.620925272000363 ], [ 121.021379603000355, 14.620809698000414 ], [ 121.020694267000522, 14.620581057000379 ], [ 121.019702035000705, 14.620280073000345 ], [ 121.016672872000981, 14.619372214000293 ], [ 121.015027346000693, 14.618847492000384 ], [ 121.014861835000374, 14.618814938000355 ], [ 121.014808812794399, 14.618817676668698 ], [ 121.014639338373627, 14.618797259605458 ], [ 121.012518165203005, 14.61862197176896 ], [ 121.01168488141434, 14.618553426473113 ], [ 121.010640799000953, 14.618473346000371 ], [ 121.010486935000586, 14.618464344000301 ], [ 121.01013240700081, 14.61843939500028 ], [ 121.009777903000781, 14.618441778000431 ], [ 121.009487470000977, 14.61840738400042 ], [ 121.009169808000593, 14.618382063000354 ], [ 121.008818344000815, 14.618356984000343 ], [ 121.008463420000794, 14.61832323900046 ], [ 121.007945335000613, 14.618263548000414 ], [ 121.005401205000794, 14.61807154800033 ], [ 121.004335426000807, 14.617965420000246 ], [ 121.00316669400047, 14.617857479000463 ], [ 121.002041751117076, 14.617723466151858 ], [ 121.001755812255965, 14.617741008413532 ], [ 121.001978355581286, 14.617923208328932 ], [ 121.003565216701531, 14.619296847413921 ], [ 121.00588232526286, 14.62142966451745 ], [ 121.008055272341153, 14.6234344983867 ], [ 121.007195042000149, 14.624324176999949 ], [ 121.00651094300099, 14.625041679000162 ], [ 121.005687362001822, 14.62591330700053 ], [ 121.004888555001799, 14.626791901000558 ], [ 121.004319408001606, 14.627351182000382 ], [ 121.004268887002581, 14.62742253900052 ], [ 121.004223194001725, 14.62749708000058 ], [ 121.004182527002513, 14.627574478000383 ], [ 121.004147066002361, 14.627654395000548 ], [ 121.003959878001524, 14.628048993000505 ], [ 121.003312728001447, 14.629405265000457 ], [ 121.002951616001951, 14.630103672000587 ], [ 121.002634728002022, 14.630760664000604 ], [ 121.002328591001287, 14.63141136700051 ], [ 121.00200938400144, 14.632017869000435 ], [ 121.001731183006655, 14.632557763000534 ], [ 121.003046059012604, 14.633157726000491 ], [ 121.003633582012981, 14.63342304700069 ], [ 121.00427049701284, 14.633707992000723 ], [ 121.00482796501251, 14.633966437000709 ], [ 121.005469869013041, 14.634254840000494 ], [ 121.006146314012881, 14.634551998000745 ], [ 121.00682457201242, 14.634891703000164 ], [ 121.007957799012843, 14.635400984000114 ], [ 121.008804631012026, 14.635770734000687 ], [ 121.008908044689292, 14.635827411806076 ], [ 121.00897049338289, 14.635284134494952 ], [ 121.009047590179307, 14.634436069728793 ], [ 121.009128744700888, 14.633709736746937 ], [ 121.009209899226221, 14.63300369239613 ], [ 121.009218014677458, 14.632829210171224 ], [ 121.009327573284622, 14.632508649805061 ], [ 121.009481766878253, 14.632224608974354 ], [ 121.009773923161333, 14.631818836358491 ], [ 121.010074194896447, 14.631486102814165 ], [ 121.010378524358885, 14.631206119709361 ], [ 121.011121088244636, 14.630605576238565 ], [ 121.011253617202669, 14.630494163491448 ], [ 121.011563380395273, 14.630211976801434 ], [ 121.012508830590036, 14.629303046142695 ], [ 121.013028219537887, 14.628775541742357 ] ] ] ] } },
{ "type": "Feature", "properties": { "RTA_ID": "JRTA52", "TIME": 20 }, "geometry": { "type": "MultiPolygon", "coordinates": [ [ [ [ 121.007546952920734, 14.570332177011949 ], [ 121.006917509766595, 14.570914719358598 ], [ 121.005742531921442, 14.5720425838756 ], [ 121.004614667404439, 14.573114769005088 ], [ 121.003890835366406, 14.573805764481392 ], [ 121.003195556860192, 14.57449961531097 ], [ 121.002266139391168, 14.575411900660811 ], [ 121.001563722502055, 14.576098613107149 ], [ 121.001412388781887, 14.576282783389217 ], [ 121.001331011215711, 14.576419840343078 ], [ 121.001269621121651, 14.576619715067693 ], [ 121.001256772032207, 14.576736784549098 ], [ 121.001232501529785, 14.577484887089554 ], [ 121.001225363146773, 14.578187303978609 ], [ 121.00120382495561, 14.578717816342248 ], [ 121.000950182000111, 14.578704079000147 ], [ 121.000023076000161, 14.578678090000039 ], [ 120.999568059000012, 14.578663339000173 ], [ 120.99876013800008, 14.578705208000144 ], [ 120.998454355000035, 14.578706456000077 ], [ 120.998398082953486, 14.578707951296224 ], [ 120.999325180582218, 14.579873988598138 ], [ 120.999920095445532, 14.580569429241564 ], [ 121.001551909012505, 14.582491943589275 ], [ 121.002071659843295, 14.583060008234554 ], [ 121.002491590040904, 14.583656245004192 ], [ 121.002715980223456, 14.583947952241033 ], [ 121.003007406431607, 14.584112729892468 ], [ 121.003522182091615, 14.584429589739102 ], [ 121.003775422440299, 14.584625129754954 ], [ 121.004166502472117, 14.585016209786772 ], [ 121.004583227095964, 14.585445756706918 ], [ 121.004669571916679, 14.585515207975675 ], [ 121.004555749000247, 14.585796100000152 ], [ 121.00403764000032, 14.586883341000146 ], [ 121.003949342000283, 14.587120211000183 ], [ 121.003883607000262, 14.587392491000173 ], [ 121.003871361000279, 14.587455858000169 ], [ 121.003832472000227, 14.587769890000231 ], [ 121.003798527000299, 14.58798018900012 ], [ 121.003741120000427, 14.588159492000102 ], [ 121.003668239000376, 14.588401335000128 ], [ 121.00364345100013, 14.58852544500013 ], [ 121.003636060000304, 14.588588178000236 ], [ 121.003634954000177, 14.588663077000149 ], [ 121.003650876000279, 14.58887357500015 ], [ 121.003671359000123, 14.588946005000253 ], [ 121.003719747000218, 14.589075636000246 ], [ 121.00377695800023, 14.589192678000131 ], [ 121.003866411000104, 14.589333546000262 ], [ 121.00415358700036, 14.589799841000229 ], [ 121.004278836000026, 14.589961667000125 ], [ 121.004335960000049, 14.59002662800026 ], [ 121.004577897000331, 14.590262709000115 ], [ 121.00476843700028, 14.590421657000149 ], [ 121.00502174300027, 14.590620785000112 ], [ 121.005141397000216, 14.590689683000107 ], [ 121.005223497000429, 14.590728603000116 ], [ 121.005651969000041, 14.590894917000242 ], [ 121.006236971000135, 14.591018368000221 ], [ 121.006454836000216, 14.591057463000197 ], [ 121.006743661000314, 14.591074914000103 ], [ 121.007079030000227, 14.591077963000259 ], [ 121.00899109400018, 14.591151657000125 ], [ 121.00910780900017, 14.591148364000162 ], [ 121.009140387000343, 14.591145406000237 ], [ 121.009179859000255, 14.591136535000146 ], [ 121.009521149542707, 14.591036494335299 ], [ 121.010041518276921, 14.591610075568155 ], [ 121.011671552672055, 14.593378350342903 ], [ 121.012096291231046, 14.593868803169698 ], [ 121.012424461872115, 14.594267496439784 ], [ 121.015268433501546, 14.593159131825644 ], [ 121.015787383555448, 14.592722457897878 ], [ 121.016102821840946, 14.592206171797613 ], [ 121.016122585387052, 14.591990223864457 ], [ 121.016037708778754, 14.591548416477679 ], [ 121.015792847336343, 14.591122506081319 ], [ 121.012411912260063, 14.588853805405108 ], [ 121.010839070105931, 14.587975587899621 ], [ 121.009401943830085, 14.587816251952177 ], [ 121.008399305463968, 14.587721237982691 ], [ 121.007280355960916, 14.586734475781327 ], [ 121.006920295646523, 14.585287173202175 ], [ 121.007279017766677, 14.583915121422251 ], [ 121.008100153008058, 14.582477895249156 ], [ 121.008902846228921, 14.582086841434602 ], [ 121.010431787996595, 14.581918267610206 ], [ 121.010971517710686, 14.582130486864457 ], [ 121.012660811040746, 14.583883187407707 ], [ 121.013061994765962, 14.58469956436204 ], [ 121.01456111453399, 14.585871135636523 ], [ 121.018220513279289, 14.586792976124173 ], [ 121.019116037821277, 14.586947663824333 ], [ 121.019614972560817, 14.586761619434867 ], [ 121.02035076333209, 14.585911614346116 ], [ 121.020336036902904, 14.585316356016222 ], [ 121.019388140716387, 14.583420552836742 ], [ 121.018061174822947, 14.582093534866715 ], [ 121.017136919208156, 14.580987943306013 ], [ 121.017266720173325, 14.579982273423013 ], [ 121.016436273685486, 14.57915777953724 ], [ 121.016079367005545, 14.578847497000311 ], [ 121.015644249005732, 14.578409145000251 ], [ 121.014525256006095, 14.577288979000343 ], [ 121.013233845005743, 14.5759857500002 ], [ 121.012780055005919, 14.575522843000215 ], [ 121.012779471813019, 14.575527189451066 ], [ 121.007546952920734, 14.570332177011949 ] ] ] ] } },
{ "type": "Feature", "properties": { "RTA_ID": "JRTA54", "TIME": 20 }, "geometry": { "type": "MultiPolygon", "coordinates": [ [ [ [ 121.021652800238826, 14.639209619988094 ], [ 121.021737251664263, 14.639198207633513 ], [ 121.021869634979794, 14.639218749872157 ], [ 121.022061362540853, 14.639252986936526 ], [ 121.022214288095256, 14.639275811646144 ], [ 121.022385473417444, 14.63927809411706 ], [ 121.022552093797344, 14.639273529175227 ], [ 121.022768928538881, 14.639273529175227 ], [ 121.022944678803128, 14.639252986936526 ], [ 121.023063367292707, 14.639218749872157 ], [ 121.023166078486042, 14.639184512807617 ], [ 121.023255094853653, 14.639175382923895 ], [ 121.023325851453365, 14.639182230336701 ], [ 121.023412585350229, 14.639198207633513 ], [ 121.023517579014538, 14.639248421994694 ], [ 121.023624855149478, 14.639280376588147 ], [ 121.02383027753649, 14.639323743536409 ], [ 121.023992332973876, 14.639319178594405 ], [ 121.024111021464023, 14.639307766239597 ], [ 121.024211450186613, 14.639268964233167 ], [ 121.024316443850807, 14.639179947865557 ], [ 121.024394047863325, 14.639086366556285 ], [ 121.024439697282673, 14.638985937834093 ], [ 121.024483064230935, 14.638878661698698 ], [ 121.024519583766164, 14.63876453815061 ], [ 121.02453099612103, 14.638691499079812 ], [ 121.024505888940439, 14.638613895067181 ], [ 121.024465466347692, 14.638560840870412 ], [ 121.024414590101628, 14.638483794222395 ], [ 121.024423719985862, 14.638369670674081 ], [ 121.024451604012143, 14.638319163390065 ], [ 121.024521591528014, 14.63818124120013 ], [ 121.024556103301279, 14.6381345761651 ], [ 121.024626859900877, 14.638120881339376 ], [ 121.024770655571729, 14.638082079332946 ], [ 121.025092483976891, 14.638038712384684 ], [ 121.025359533079722, 14.637986215552587 ], [ 121.02565625430509, 14.63789491671406 ], [ 121.02582515715585, 14.637846984823966 ], [ 121.025973344761724, 14.637800140329261 ], [ 121.025948167004913, 14.637690437000174 ], [ 121.025952372005008, 14.637085895000268 ], [ 121.026189295005338, 14.636938099000304 ], [ 121.026682463004931, 14.636822677000168 ], [ 121.026982637005062, 14.636683665000191 ], [ 121.029119061004167, 14.636165358000198 ], [ 121.03126824200433, 14.635717951000231 ], [ 121.033333525004537, 14.635252154000341 ], [ 121.035000842004365, 14.634905789000186 ], [ 121.035454542117577, 14.634809363696149 ], [ 121.035361680004485, 14.634395332000281 ], [ 121.035259011003973, 14.634018725000317 ], [ 121.035083243004351, 14.633266866000213 ], [ 121.034950354003968, 14.632710821000273 ], [ 121.034837071004404, 14.632206544000212 ], [ 121.034707268004126, 14.631670471000177 ], [ 121.034588139004427, 14.631143562000204 ], [ 121.034471941004426, 14.63061305400015 ], [ 121.034345373004044, 14.630083583000157 ], [ 121.034247383003844, 14.629647209000268 ], [ 121.034109472004616, 14.629100307000158 ], [ 121.034089066000206, 14.629004712000153 ], [ 121.033887361701204, 14.628117359244982 ], [ 121.033675945111099, 14.627302264062337 ], [ 121.03348523000011, 14.626406028000247 ], [ 121.033420424000269, 14.626114224000275 ], [ 121.033354116000282, 14.625827742000183 ], [ 121.032974276000573, 14.624052531000302 ], [ 121.032108695000602, 14.62399844000015 ], [ 121.031574739000575, 14.623946551000245 ], [ 121.031076618000498, 14.623790710000208 ], [ 121.030590338000479, 14.623644191000267 ], [ 121.029392654000503, 14.623255872000357 ], [ 121.029086393000853, 14.623168040000223 ], [ 121.028181360001554, 14.622868188000268 ], [ 121.028030547005983, 14.623207358000286 ], [ 121.027980298362195, 14.623294962607929 ], [ 121.027925002633651, 14.623379472228009 ], [ 121.027864849852335, 14.623460596431357 ], [ 121.027800046741277, 14.623538056422888 ], [ 121.027730816005828, 14.623611586000152 ], [ 121.027659426269906, 14.623685156444822 ], [ 121.027583891351355, 14.623754464314118 ], [ 121.027504465345032, 14.623819276460154 ], [ 121.027421415436834, 14.623879374857893 ], [ 121.027335021001591, 14.623934557339567 ], [ 121.027245572666629, 14.62398463827401 ], [ 121.027153371330655, 14.624029449191653 ], [ 121.027058727154213, 14.624068839350855 ], [ 121.026961958516495, 14.624102676245059 ], [ 121.026863390941799, 14.624130846048786 ], [ 121.026763356005517, 14.624153254000191 ], [ 121.025480631535515, 14.624608374452805 ], [ 121.025012187046627, 14.625294311025755 ], [ 121.024719409240788, 14.62558708883131 ], [ 121.024498780251406, 14.625704461362375 ], [ 121.024291744517427, 14.625897381023435 ], [ 121.02415058379006, 14.626099711399888 ], [ 121.023929431983333, 14.626217345339455 ], [ 121.023661226600439, 14.6262361667699 ], [ 121.023378905145364, 14.626184407836433 ], [ 121.023171869411499, 14.626066773896696 ], [ 121.022917780101238, 14.625972666744929 ], [ 121.02263545864605, 14.625887970308213 ], [ 121.022226092536016, 14.625822095302112 ], [ 121.021906128219825, 14.625760925653424 ], [ 121.021604985334079, 14.625643291713686 ], [ 121.021322663878436, 14.625553889919445 ], [ 121.020903887053009, 14.625436255979707 ], [ 121.020602744167263, 14.625398613119103 ], [ 121.020301601281517, 14.625398613119103 ], [ 121.020113386978096, 14.625450372052455 ], [ 121.019991047680378, 14.625695050647153 ], [ 121.019798128019602, 14.626057363181474 ], [ 121.01953462799429, 14.626353800709637 ], [ 121.019172315459855, 14.626513782867676 ], [ 121.018857056501361, 14.62655613108592 ], [ 121.018339467166697, 14.626523193582898 ], [ 121.018161380440461, 14.626475062034558 ], [ 121.017883047480154, 14.626631416807413 ], [ 121.017652484958376, 14.626871390044414 ], [ 121.017276056351648, 14.627459559742988 ], [ 121.016941975962254, 14.628033613368927 ], [ 121.016725529513224, 14.628320640181926 ], [ 121.016410270554729, 14.628626488425198 ], [ 121.015925618723259, 14.628889988450169 ], [ 121.015328038309349, 14.629242890269268 ], [ 121.015111591860318, 14.629496979579187 ], [ 121.01498613581316, 14.629654831979508 ], [ 121.0149008542827, 14.629744567579451 ], [ 121.014784880350703, 14.629926807045422 ], [ 121.014738408624225, 14.63027777866381 ], [ 121.014817938251554, 14.630531434203931 ], [ 121.014985027339321, 14.630673441786826 ], [ 121.015335990013, 14.631252770396088 ], [ 121.015439886269974, 14.631469138601972 ], [ 121.015413288746458, 14.631754686294641 ], [ 121.015302511646041, 14.632029457706835 ], [ 121.015178074711002, 14.632262100673074 ], [ 121.015140202600264, 14.632408178814671 ], [ 121.015128248622204, 14.632485879655803 ], [ 121.015188557169495, 14.63262036407815 ], [ 121.015410717676218, 14.632845567879713 ], [ 121.01570896054875, 14.633089031449003 ], [ 121.015940250940162, 14.633229023001206 ], [ 121.016068069313519, 14.633268585831388 ], [ 121.016208060865893, 14.633295975483009 ], [ 121.016341965829042, 14.633265542536719 ], [ 121.016457644930597, 14.633228052297511 ], [ 121.016687838947973, 14.633132293613016 ], [ 121.016739496187029, 14.633105508036238 ], [ 121.01690126631695, 14.633058004109387 ], [ 121.017039926427515, 14.633083681907749 ], [ 121.017106649147308, 14.633136916839419 ], [ 121.017166698669712, 14.633189460171423 ], [ 121.017273075454227, 14.633388322828978 ], [ 121.017244064923034, 14.633852731967465 ], [ 121.017238929363316, 14.634114645510408 ], [ 121.017222238794034, 14.634409940191063 ], [ 121.017227089045264, 14.634596746173997 ], [ 121.017259043638887, 14.634733694431702 ], [ 121.017343495064438, 14.634829558212061 ], [ 121.01752152779909, 14.634907162224522 ], [ 121.017788576901467, 14.634971071411655 ], [ 121.018073885771969, 14.635005308476195 ], [ 121.018286155571218, 14.634980201295491 ], [ 121.018461905835238, 14.634984766237551 ], [ 121.018710695170057, 14.635030415656729 ], [ 121.018861338253487, 14.635149104146706 ], [ 121.019009698866171, 14.635340831707424 ], [ 121.019008329270946, 14.635355668993157 ], [ 121.019220000049586, 14.635355394032842 ], [ 121.019175118000476, 14.635742605000473 ], [ 121.019142196000416, 14.635966157000325 ], [ 121.019129922000388, 14.636377349000441 ], [ 121.01914833300043, 14.636616699000342 ], [ 121.019179019000262, 14.636721031000434 ], [ 121.019264940000085, 14.636929695000447 ], [ 121.019418369000391, 14.637205868000478 ], [ 121.01979134300052, 14.637848009000436 ], [ 121.020007539000517, 14.638390345000346 ], [ 121.020075048000422, 14.638549912000485 ], [ 121.0201793800004, 14.638684930000466 ], [ 121.020253026000432, 14.638783125000543 ], [ 121.0203634960003, 14.638869045000547 ], [ 121.02044327900046, 14.638936554000338 ], [ 121.020547611000438, 14.638991789000386 ], [ 121.020645806000402, 14.639022475000445 ], [ 121.020768550000639, 14.639071572000489 ], [ 121.020946528000309, 14.639102258000378 ], [ 121.021124506000206, 14.639126807000366 ], [ 121.021346949130475, 14.63938993519406 ], [ 121.021449660323128, 14.63933287342013 ], [ 121.021584326109519, 14.639248421994694 ], [ 121.021652800238826, 14.639209619988094 ] ] ] ] } },
{ "type": "Feature", "properties": { "RTA_ID": "JRTA55", "TIME": 20 }, "geometry": { "type": "MultiPolygon", "coordinates": [ [ [ [ 120.971554178000019, 14.673649941000122 ], [ 120.971639678000201, 14.673560320000092 ], [ 120.972142299000097, 14.673564691000195 ], [ 120.972173799000075, 14.673341580000113 ], [ 120.972199299000067, 14.673013599000058 ], [ 120.97221679900008, 14.672697240000105 ], [ 120.972247668000023, 14.672362640000131 ], [ 120.972265168000263, 14.672074660000078 ], [ 120.972289418000173, 14.671756929000196 ], [ 120.972305668000104, 14.671463570000128 ], [ 120.972300659000098, 14.671121840000126 ], [ 120.972352409000109, 14.670374890000119 ], [ 120.973097028000211, 14.670641621000073 ], [ 120.973294028000169, 14.670717490000072 ], [ 120.973499659000026, 14.670781611000109 ], [ 120.973636539000154, 14.670794599000146 ], [ 120.973843789000057, 14.670782849000034 ], [ 120.974011289000032, 14.670770730000186 ], [ 120.974002159000179, 14.671066090000124 ], [ 120.974061659000313, 14.6710530900001 ], [ 120.974339539000084, 14.67093809 ], [ 120.974404289000063, 14.670927720000066 ], [ 120.974469159000137, 14.670938220000039 ], [ 120.974516789000177, 14.670996461000129 ], [ 120.974572539000178, 14.671146201000113 ], [ 120.974724159000061, 14.671314371000165 ], [ 120.974998799000218, 14.672648099000185 ], [ 120.974982299000089, 14.672693099000185 ], [ 120.974997668000015, 14.672772720000125 ], [ 120.975028799000029, 14.672885961000134 ], [ 120.975213799000244, 14.673146951000092 ], [ 120.975418428000012, 14.673316810000188 ], [ 120.975481928000136, 14.673328310000045 ], [ 120.977371418000189, 14.6726027200001 ], [ 120.977748289000033, 14.672455220000131 ], [ 120.978229918000011, 14.672276480000107 ], [ 120.979123010915714, 14.672058668207455 ], [ 120.979475612461329, 14.671682214204395 ], [ 120.979687173388697, 14.671441615502715 ], [ 120.979923623836839, 14.671176127280035 ], [ 120.98014348127117, 14.671035086661902 ], [ 120.980301114903227, 14.670972862859628 ], [ 120.980819646587975, 14.670868119459385 ], [ 120.981578776974288, 14.670749894235257 ], [ 120.981815227422658, 14.67071878233412 ], [ 120.982065554969267, 14.670705295245682 ], [ 120.982077396770251, 14.670317194220218 ], [ 120.982087922126993, 14.669430432905187 ], [ 120.982094939031526, 14.66909712993828 ], [ 120.982126515102209, 14.668624365992798 ], [ 120.982154582720455, 14.668347198262438 ], [ 120.982189667243347, 14.668164758743444 ], [ 120.982273870098084, 14.668010386842923 ], [ 120.982428241998605, 14.667782337444407 ], [ 120.982533495567168, 14.667656910275298 ], [ 120.983586908365737, 14.666549116466228 ], [ 120.983828991573318, 14.666285982544991 ], [ 120.98396582121245, 14.666121962400723 ], [ 120.984113176208439, 14.665925489072777 ], [ 120.984242988943038, 14.665711473483384 ], [ 120.984288598822786, 14.665574643844195 ], [ 120.984320174893242, 14.665372030724825 ], [ 120.984344734059505, 14.665035219305366 ], [ 120.984351750963924, 14.664652798006273 ], [ 120.984337717154631, 14.664334405961483 ], [ 120.984278073465816, 14.66375200288212 ], [ 120.984239480490828, 14.663324848816387 ], [ 120.984214921324678, 14.662757356659483 ], [ 120.98419036215887, 14.662284592714002 ], [ 120.98417632834969, 14.661660088207384 ], [ 120.984144752279008, 14.660871563556327 ], [ 120.984120193112972, 14.660087424470532 ], [ 120.984099142399259, 14.658677903765067 ], [ 120.984067566328804, 14.657428894751718 ], [ 120.984052535977071, 14.657099897052035 ], [ 120.983858810327547, 14.651523536299862 ], [ 120.983755655343771, 14.651531403331319 ], [ 120.983372176000216, 14.65153566500004 ], [ 120.982545384000332, 14.65157013400011 ], [ 120.981559274000119, 14.651595888000145 ], [ 120.980934617, 14.651614858000073 ], [ 120.980583694000075, 14.651617256000122 ], [ 120.979866319000052, 14.651656172000116 ], [ 120.978921224000146, 14.651699487000087 ], [ 120.978758982000045, 14.651705299000014 ], [ 120.97873096100011, 14.650996539000175 ], [ 120.978698437000048, 14.64993001400012 ], [ 120.978685855000094, 14.649588308000091 ], [ 120.978676210000117, 14.649223123000183 ], [ 120.978674448000106, 14.648871586000155 ], [ 120.978661722000197, 14.648497347000159 ], [ 120.978652492000151, 14.647509594000041 ], [ 120.978589293000141, 14.64611475200013 ], [ 120.978541373000098, 14.644726367000089 ], [ 120.977824642000201, 14.644743503000086 ], [ 120.971987232378524, 14.644906981117344 ], [ 120.967804265846326, 14.645021189559714 ], [ 120.967805464000207, 14.645129312000108 ], [ 120.967843276931831, 14.645520659500676 ], [ 120.967873098776181, 14.645862733598392 ], [ 120.967904674846864, 14.646275853855002 ], [ 120.967943267822079, 14.646747740687374 ], [ 120.968045012938205, 14.647830536773768 ], [ 120.96805729252128, 14.647988417126612 ], [ 120.968073080556678, 14.648258129396027 ], [ 120.968080097461097, 14.648578275667148 ], [ 120.96807132633046, 14.648837901136176 ], [ 120.96805378406907, 14.649093579596467 ], [ 120.96801694531996, 14.649298824055222 ], [ 120.967971335440211, 14.649456265851313 ], [ 120.967899412168435, 14.649661510310125 ], [ 120.967780124790693, 14.64992069722274 ], [ 120.967695921935956, 14.650071560670881 ], [ 120.967544619931004, 14.650307942643735 ], [ 120.96730955362807, 14.650654840863353 ], [ 120.967200791607183, 14.650805704311495 ], [ 120.967056506506879, 14.650978934143041 ], [ 120.966900380380252, 14.651141638617844 ], [ 120.966554797830099, 14.65149423807253 ], [ 120.966429233000326, 14.651625297373528 ], [ 120.966231098192225, 14.651840543527783 ], [ 120.964446567061714, 14.653751143981822 ], [ 120.963159945080065, 14.655120456903546 ], [ 120.962757236945208, 14.655601879087044 ], [ 120.962438824619539, 14.656004526013021 ], [ 120.962259108464309, 14.65626102492206 ], [ 120.962131509266783, 14.656471873928581 ], [ 120.962053977322171, 14.656618160616233 ], [ 120.961974982510924, 14.656798093242003 ], [ 120.961906227767713, 14.656970711533575 ], [ 120.961858807137446, 14.657123649425614 ], [ 120.961778208384885, 14.657439119130174 ], [ 120.961740694456807, 14.657636193805331 ], [ 120.961707760627064, 14.658018788314337 ], [ 120.961701905810173, 14.658293293977295 ], [ 120.961711229563434, 14.658627228968783 ], [ 120.961810320691484, 14.659313009125526 ], [ 120.961825788155807, 14.659483178894106 ], [ 120.964701858000126, 14.659024356000145 ], [ 120.96597831400004, 14.658831186000157 ], [ 120.965995542049768, 14.65901075542223 ], [ 120.965992530721564, 14.659079934543172 ], [ 120.966032710350078, 14.659129976725637 ], [ 120.966087098403023, 14.659174722428588 ], [ 120.966117572268104, 14.659206610363583 ], [ 120.96617200381354, 14.659495382525677 ], [ 120.966198173994258, 14.659620380117872 ], [ 120.966269048540994, 14.659794465645859 ], [ 120.966287851441621, 14.659896721786708 ], [ 120.966290650474093, 14.660663065908182 ], [ 120.966304730145339, 14.660796088904874 ], [ 120.966389918577988, 14.661028121484719 ], [ 120.966437235319972, 14.661183931580752 ], [ 120.966503290977471, 14.661374327667716 ], [ 120.966540960303973, 14.66150565977415 ], [ 120.96654378621929, 14.661614100390125 ], [ 120.966536737109209, 14.661714413762638 ], [ 120.966437459636381, 14.661914114535023 ], [ 120.96636192431049, 14.662020966026205 ], [ 120.966324112848611, 14.662095713164661 ], [ 120.96632408729522, 14.662189673365503 ], [ 120.966333880021807, 14.662264746700998 ], [ 120.96636900412193, 14.662381601111008 ], [ 120.966426003553011, 14.662524937780347 ], [ 120.966494443101283, 14.662772182747233 ], [ 120.966534809992595, 14.663059024913764 ], [ 120.966527744896553, 14.66316105471401 ], [ 120.966487642484481, 14.663260085035404 ], [ 120.966447471379297, 14.663308520670114 ], [ 120.966407252690828, 14.663328948446178 ], [ 120.966341270890894, 14.663370924286085 ], [ 120.96633167921857, 14.663373550747053 ], [ 120.966256283183725, 14.663407222639705 ], [ 120.966225522671152, 14.663439478201838 ], [ 120.965709029000436, 14.664426239595684 ], [ 120.965463823260279, 14.664953523398594 ], [ 120.965376580929728, 14.66519235843748 ], [ 120.965340908295843, 14.665342021262177 ], [ 120.965345841557564, 14.665445962924593 ], [ 120.965364672597275, 14.665569992854387 ], [ 120.96539558157076, 14.665703976308919 ], [ 120.965400327120506, 14.665853089573602 ], [ 120.965383920421573, 14.665938865423811 ], [ 120.965324858614622, 14.666018756621497 ], [ 120.964581941289566, 14.667627102291135 ], [ 120.9646943313669, 14.667906339306342 ], [ 120.96475564900004, 14.66790659000003 ], [ 120.964911271646884, 14.667897827463719 ], [ 120.964371523387854, 14.669809576328362 ], [ 120.964582659000143, 14.669948211000076 ], [ 120.964364289000173, 14.67028882000011 ], [ 120.964283659000102, 14.670382060000179 ], [ 120.964026039000032, 14.670544179 ], [ 120.963943909000022, 14.670612178999932 ], [ 120.963864539000042, 14.670716301000027 ], [ 120.963750918000073, 14.670913160000055 ], [ 120.963600289000169, 14.671222771000203 ], [ 120.963358168000127, 14.671649861 ], [ 120.9631324180001, 14.672043720000033 ], [ 120.962941799000077, 14.672356570000147 ], [ 120.962739549000048, 14.6727025510001 ], [ 120.962636678000081, 14.672888791000219 ], [ 120.962443428000142, 14.673142771000073 ], [ 120.962313559000108, 14.67332964000019 ], [ 120.962506678000068, 14.673493 ], [ 120.962584809000191, 14.673538871000176 ], [ 120.962809428000014, 14.67356162100009 ], [ 120.962962928000138, 14.673562121000145 ], [ 120.963126178000152, 14.673526499999923 ], [ 120.963474059000077, 14.673490621000099 ], [ 120.964007309000067, 14.673479121000014 ], [ 120.964214809000055, 14.673502621000182 ], [ 120.965493809, 14.673629480000102 ], [ 120.965575809000029, 14.673629349 ], [ 120.966184059000057, 14.673721470000089 ], [ 120.966634059000057, 14.67373984 ], [ 120.966749178000214, 14.673727211000141 ], [ 120.967038678000222, 14.673659340000086 ], [ 120.967279178000013, 14.673596220000206 ], [ 120.967522178000081, 14.673506220000036 ], [ 120.967644309000093, 14.673448599000153 ], [ 120.967826549000051, 14.673371599000177 ], [ 120.967864678000183, 14.673359230000131 ], [ 120.968173299, 14.673390848999986 ], [ 120.968433178000282, 14.673396849000142 ], [ 120.968635799000253, 14.673389470000131 ], [ 120.968762678000189, 14.673369849000039 ], [ 120.968847299, 14.673350720000144 ], [ 120.969685678000019, 14.6734899610002 ], [ 120.970992309000053, 14.673932420000142 ], [ 120.971046678000334, 14.673921170000085 ], [ 120.971387678000156, 14.673745179000036 ], [ 120.971554178000019, 14.673649941000122 ] ] ] ] } },
{ "type": "Feature", "properties": { "RTA_ID": "JRTA141", "TIME": 30 }, "geometry": { "type": "MultiPolygon", "coordinates": [ [ [ [ 121.020272760886201, 14.601543359852315 ], [ 121.020287545000201, 14.601558959000101 ], [ 121.020327069000132, 14.601617467000096 ], [ 121.02045707100001, 14.601836702000071 ], [ 121.020534696000141, 14.601956069000096 ], [ 121.02113695100013, 14.602801636000152 ], [ 121.021225202000096, 14.602928003000045 ], [ 121.021534205000307, 14.603329100000053 ], [ 121.021656206000216, 14.603514463000067 ], [ 121.021853208000152, 14.603787319000048 ], [ 121.022583339000107, 14.604767627000342 ], [ 121.022652588000028, 14.604712131000042 ], [ 121.023256961000016, 14.604402772000071 ], [ 121.023794959000156, 14.604185156999961 ], [ 121.02429758300002, 14.604011415000116 ], [ 121.02504983200015, 14.603855919999944 ], [ 121.025278307000121, 14.603791936 ], [ 121.025336111608681, 14.603772313500485 ], [ 121.025393076000114, 14.603750371000046 ], [ 121.025463868661632, 14.603719308701329 ], [ 121.025600226000051, 14.603646529000116 ], [ 121.02568370500012, 14.603604682000309 ], [ 121.025842204000014, 14.603513812000074 ], [ 121.026106328000196, 14.603322698000056 ], [ 121.026742364000029, 14.602839518000053 ], [ 121.026906003000022, 14.602706714000078 ], [ 121.026999933000297, 14.60262249200008 ], [ 121.027090697000176, 14.602534866999974 ], [ 121.027155046000075, 14.602462370000296 ], [ 121.027214023000056, 14.602385440000148 ], [ 121.027267323000046, 14.602304473000288 ], [ 121.027445319000208, 14.602014648000022 ], [ 121.027636066000241, 14.60164666999998 ], [ 121.027754440000081, 14.601398184999937 ], [ 121.027857938000125, 14.601143451000326 ], [ 121.027970936000088, 14.60078834799998 ], [ 121.028404175000105, 14.5990967030001 ], [ 121.028442424000218, 14.599010207999982 ], [ 121.028713922000065, 14.598735974000022 ], [ 121.028966420000188, 14.598483738000084 ], [ 121.029013866619835, 14.598447899121538 ], [ 121.029063974944052, 14.598415887205249 ], [ 121.029116437000084, 14.598387899000045 ], [ 121.02915818800011, 14.59836921900029 ], [ 121.029218789301694, 14.598347231587184 ], [ 121.029281038876434, 14.598330469888822 ], [ 121.029344487000117, 14.598319055000047 ], [ 121.029816170381196, 14.598254261631894 ], [ 121.029857369980277, 14.598242096233037 ], [ 121.029896860021267, 14.598225186456034 ], [ 121.029934096287775, 14.598203765336734 ], [ 121.029968565622539, 14.598178128081372 ], [ 121.029999793, 14.598148628000104 ], [ 121.030061667000155, 14.598076881999987 ], [ 121.030222664000235, 14.59764815900013 ], [ 121.030071538000016, 14.597449797000252 ], [ 121.029829287000098, 14.597162191999985 ], [ 121.029298409000035, 14.596662477000109 ], [ 121.028267777000224, 14.595660672000122 ], [ 121.028079767335498, 14.595357095881013 ], [ 121.027878237504069, 14.595480568383266 ], [ 121.027676684893208, 14.59561416897111 ], [ 121.027523216976988, 14.595707746968912 ], [ 121.027244210577464, 14.595871292515596 ], [ 121.027167044720841, 14.595906996121016 ], [ 121.027100244427174, 14.59592427205888 ], [ 121.027031140674808, 14.595921968600635 ], [ 121.026964340381141, 14.59590469266243 ], [ 121.026852622648448, 14.595848257931607 ], [ 121.026758180853676, 14.595765621361295 ], [ 121.026714415143829, 14.595710338359652 ], [ 121.026617669890811, 14.595575586042798 ], [ 121.026399705138942, 14.595290245132617 ], [ 121.026061562738278, 14.594858974304486 ], [ 121.025864347088259, 14.595256833532005 ], [ 121.025549297087196, 14.596091621509231 ], [ 121.024934947368024, 14.597272987609813 ], [ 121.02413159913317, 14.598564513607073 ], [ 121.023785183114455, 14.599131506375556 ], [ 121.023123691429191, 14.599840298304173 ], [ 121.02148559885245, 14.600879890382373 ], [ 121.020272760886201, 14.601543359852315 ] ] ] ] } },
{ "type": "Feature", "properties": { "RTA_ID": "JRTA58", "TIME": 20 }, "geometry": { "type": "MultiPolygon", "coordinates": [ [ [ [ 120.967539350297216, 14.595492171625608 ], [ 120.966827795537256, 14.596543844196844 ], [ 120.96643179900002, 14.596528759000137 ], [ 120.96351099400033, 14.596516837000195 ], [ 120.963287003, 14.596525728000131 ], [ 120.962775467000142, 14.596561898000118 ], [ 120.962405140000101, 14.596592092000094 ], [ 120.961107638000044, 14.596584198000187 ], [ 120.956026777564944, 14.596377619075554 ], [ 120.952443170354854, 14.595927658041603 ], [ 120.952285152000059, 14.596843352000121 ], [ 120.952254366000147, 14.596890440000095 ], [ 120.95212688100014, 14.597262931000103 ], [ 120.951907811000183, 14.598216362000016 ], [ 120.951705008000317, 14.599139288 ], [ 120.951467096000215, 14.600104107 ], [ 120.951319769126485, 14.600534385400294 ], [ 120.95369194950058, 14.601110840264198 ], [ 120.953616265570304, 14.601619557971276 ], [ 120.954012567586233, 14.604218973618629 ], [ 120.957396148178645, 14.604432845106999 ], [ 120.958218314311353, 14.604435616565411 ], [ 120.960200911145989, 14.604543490526908 ], [ 120.961354048064322, 14.604717822452358 ], [ 120.961616422776729, 14.604677200870867 ], [ 120.962003366996669, 14.604695037627323 ], [ 120.96266069800015, 14.604751604000057 ], [ 120.962960480000106, 14.604937620000157 ], [ 120.963284912000063, 14.605100388000153 ], [ 120.963697493000041, 14.605300128000124 ], [ 120.96403748500029, 14.605473839000013 ], [ 120.964390017000142, 14.605639627000073 ], [ 120.96553000900019, 14.606200783000133 ], [ 120.965728148000153, 14.605663078000134 ], [ 120.96582602, 14.605357569000205 ], [ 120.966046344, 14.604739516000109 ], [ 120.966076153000017, 14.60465124100017 ], [ 120.966158815000085, 14.604425217000141 ], [ 120.966643778000048, 14.604602890000194 ], [ 120.967097945000205, 14.604938526000069 ], [ 120.967384847000176, 14.605153335000182 ], [ 120.967856228000187, 14.605452033000176 ], [ 120.968674750000218, 14.605912795000108 ], [ 120.968878536000034, 14.606010330000117 ], [ 120.969947796000042, 14.60648593500008 ], [ 120.97065274900001, 14.606815674000131 ], [ 120.970977945000072, 14.606007127000112 ], [ 120.971002364127912, 14.605958419615149 ], [ 120.971279312580009, 14.606011046399317 ], [ 120.971333206000054, 14.605954561000203 ], [ 120.972659627000098, 14.605375952000202 ], [ 120.973215320405416, 14.605181078156193 ], [ 120.97313998900006, 14.604646779000177 ], [ 120.973073211000042, 14.604082376000122 ], [ 120.972664973000064, 14.603926027000227 ], [ 120.971581260000335, 14.603559837000091 ], [ 120.971081478466544, 14.603240664176496 ], [ 120.971161282026173, 14.603155131528865 ], [ 120.971358863922774, 14.602987087500026 ], [ 120.971279492837425, 14.602814195459075 ], [ 120.971217985629096, 14.602779328599468 ], [ 120.971164761000068, 14.602768123000146 ], [ 120.971075709663637, 14.602768870625596 ], [ 120.971057328781058, 14.602767519541544 ], [ 120.970912466000073, 14.602601399000037 ], [ 120.971503727000027, 14.601994355999977 ], [ 120.971120312000039, 14.601735238999936 ], [ 120.970844004000128, 14.60153367900017 ], [ 120.970581015000107, 14.601281027000027 ], [ 120.969967982000071, 14.600716350000141 ], [ 120.969594476000111, 14.600360648 ], [ 120.969181903000162, 14.60000643300009 ], [ 120.968698940000081, 14.599611844000037 ], [ 120.969128021000301, 14.599024632000123 ], [ 120.969509511000069, 14.598476850999987 ], [ 120.969837130000087, 14.597965363000128 ], [ 120.969897575, 14.597893605000252 ], [ 120.970244300000218, 14.597432173000072 ], [ 120.97029340500012, 14.597349476999966 ], [ 120.97044745300002, 14.597120441000243 ], [ 120.970486125000093, 14.597043868000185 ], [ 120.970539478000092, 14.596792265999966 ], [ 120.970543233000171, 14.596706495999968 ], [ 120.970476607000023, 14.596536881000077 ], [ 120.970572440917522, 14.595741900767507 ], [ 120.968279137338072, 14.595854847615669 ], [ 120.967664001680987, 14.595540775557708 ], [ 120.967539350297216, 14.595492171625608 ] ] ] ] } },
{ "type": "Feature", "properties": { "RTA_ID": "JRTA59", "TIME": 20 }, "geometry": { "type": "MultiPolygon", "coordinates": [ [ [ [ 120.973996965000083, 14.617302664999954 ], [ 120.974013594000326, 14.61745008600019 ], [ 120.974264254000104, 14.618795721000083 ], [ 120.974380907000068, 14.619435306000128 ], [ 120.974476672000151, 14.619974008000099 ], [ 120.974638091000088, 14.621123047000083 ], [ 120.974991294766369, 14.621782872165056 ], [ 120.975805180148882, 14.622551968894129 ], [ 120.976468106184029, 14.622938068672738 ], [ 120.977058183204235, 14.623163900618806 ], [ 120.977364951254231, 14.623219335759018 ], [ 120.977914774752662, 14.62313737501114 ], [ 120.978167115463862, 14.623125199774279 ], [ 120.978954191630919, 14.623074206481874 ], [ 120.980826012027364, 14.622873692866222 ], [ 120.983157715408311, 14.622677145212663 ], [ 120.986203004289791, 14.622356641692079 ], [ 120.986782910045804, 14.622231552368646 ], [ 120.987379051958897, 14.621962225883408 ], [ 120.98775238842552, 14.621705429256281 ], [ 120.988366323502873, 14.621103773249104 ], [ 120.988981054008264, 14.620473210716284 ], [ 120.989045217052421, 14.620472784524395 ], [ 120.989028572680127, 14.620127413799651 ], [ 120.988972437443749, 14.618398843215402 ], [ 120.988962789199945, 14.618038788299884 ], [ 120.988942615599171, 14.617558568893628 ], [ 120.988922441998625, 14.617023529920289 ], [ 120.988912793754821, 14.616618742238188 ], [ 120.988897005719537, 14.616103219030947 ], [ 120.98882668300007, 14.616043295000054 ], [ 120.988590477, 14.615857584000025 ], [ 120.988334496000107, 14.61562488900006 ], [ 120.987906376000183, 14.6152249390002 ], [ 120.987689443000249, 14.615026074000184 ], [ 120.987388865000071, 14.614758270000038 ], [ 120.987104464000254, 14.614482061 ], [ 120.986845998000035, 14.614247572000068 ], [ 120.986516058000234, 14.613955598000246 ], [ 120.986465103, 14.613528612000096 ], [ 120.986429309000073, 14.613005040000132 ], [ 120.986415605000047, 14.612878413000203 ], [ 120.986327574000143, 14.611847518000104 ], [ 120.986302868000053, 14.61152557700018 ], [ 120.986257546000161, 14.611010149000151 ], [ 120.986232967000205, 14.610707154999943 ], [ 120.985860794000018, 14.610721119999937 ], [ 120.985532855000201, 14.610739975 ], [ 120.985075589000189, 14.610769448000042 ], [ 120.984720844000208, 14.610801628000047 ], [ 120.984314327000106, 14.610828825000056 ], [ 120.983823743000016, 14.610857113000122 ], [ 120.983333054000127, 14.61089081700004 ], [ 120.982513491000077, 14.610957907000113 ], [ 120.981958958000178, 14.611028976000057 ], [ 120.981465476000153, 14.611077115 ], [ 120.981114021000167, 14.611048792000076 ], [ 120.98079335, 14.611004444000116 ], [ 120.980286651000029, 14.610922367000171 ], [ 120.980125591000046, 14.6110329710001 ], [ 120.979365186000109, 14.611431245000176 ], [ 120.979010588000051, 14.611622409 ], [ 120.978989957000067, 14.611637595999923 ], [ 120.978082561000292, 14.612103214000115 ], [ 120.977745520000212, 14.612273833000074 ], [ 120.977303756000083, 14.612407367000117 ], [ 120.97652236700003, 14.612556 ], [ 120.975509276000139, 14.61276588000004 ], [ 120.974969192, 14.61288044700018 ], [ 120.973037797000188, 14.613177182000129 ], [ 120.97311602700006, 14.613521329000093 ], [ 120.973186243000214, 14.61386544800007 ], [ 120.973349109000196, 14.614548963000061 ], [ 120.973430983000185, 14.614881357 ], [ 120.973502625000037, 14.615197372000125 ], [ 120.973591091000117, 14.615548764000096 ], [ 120.973725508000143, 14.616160776000072 ], [ 120.973805647000063, 14.616466931000105 ], [ 120.973902306000014, 14.616869002000044 ], [ 120.973996965000083, 14.617302664999954 ] ] ] ] } },
{ "type": "Feature", "properties": { "RTA_ID": "JRTA64", "TIME": 20 }, "geometry": { "type": "MultiPolygon", "coordinates": [ [ [ [ 121.06477805400641, 14.656382061000102 ], [ 121.064796041006389, 14.65605498400015 ], [ 121.066602714006535, 14.656102826000165 ], [ 121.068591132006418, 14.656134744000155 ], [ 121.068551395000327, 14.653863812 ], [ 121.068558922000193, 14.653159237000068 ], [ 121.068584753000096, 14.652469079000184 ], [ 121.06858238700022, 14.652261964000161 ], [ 121.068560019000188, 14.651993550000157 ], [ 121.068522739000059, 14.651717679000171 ], [ 121.068481732, 14.651441809000062 ], [ 121.068421123, 14.651115018000155 ], [ 121.068393523000054, 14.650953997000045 ], [ 121.068397373000039, 14.650487972000121 ], [ 121.068449496000198, 14.650218455000129 ], [ 121.068545961000041, 14.649957431000189 ], [ 121.068642427000214, 14.649764499000014 ], [ 121.0687559160001, 14.649531847000162 ], [ 121.068884676000152, 14.64930919000011 ], [ 121.068975582, 14.64901132500006 ], [ 121.068961898000111, 14.648560487000054 ], [ 121.068942758000162, 14.648376794000058 ], [ 121.068948503, 14.647470059000057 ], [ 121.068945252000162, 14.647271446000104 ], [ 121.068891549000227, 14.64727435900005 ], [ 121.068914804000087, 14.646508222000193 ], [ 121.069697417004363, 14.645126933489564 ], [ 121.06998900200017, 14.644910078720386 ], [ 121.069890490000034, 14.644806432000053 ], [ 121.069787757000086, 14.644579962000137 ], [ 121.069971704503246, 14.644431787227234 ], [ 121.06651792304433, 14.642043882882035 ], [ 121.065722400272648, 14.641446337624132 ], [ 121.065650818004883, 14.641420907000168 ], [ 121.065388330005476, 14.641286116000117 ], [ 121.064132649006865, 14.639867267000056 ], [ 121.063898538006811, 14.63966153400014 ], [ 121.063643145006722, 14.639455800000178 ], [ 121.063543826006594, 14.639342292000038 ], [ 121.063520010006528, 14.639161096000123 ], [ 121.063417467006843, 14.639140588000203 ], [ 121.06335369476426, 14.639136181277763 ], [ 121.063301842006467, 14.63912861700004 ], [ 121.063175525006386, 14.639114187000075 ], [ 121.062875342006123, 14.639087018000055 ], [ 121.062455039005727, 14.639081489000205 ], [ 121.061400262005577, 14.639029822000111 ], [ 121.060765228005607, 14.63897667100008 ], [ 121.060185031006199, 14.638922938000121 ], [ 121.059607144005554, 14.638839532000191 ], [ 121.059543906004933, 14.638832671000046 ], [ 121.058169450005039, 14.63839183400006 ], [ 121.058127219004859, 14.639034030000118 ], [ 121.058120610004607, 14.639051787000085 ], [ 121.05809609500443, 14.639103883000132 ], [ 121.058065244004297, 14.639152497000055 ], [ 121.058028544004628, 14.639196860000084 ], [ 121.057986573004769, 14.639236273000051 ], [ 121.057939992004208, 14.639270116000091 ], [ 121.057889538004474, 14.639297853000187 ], [ 121.057836005004447, 14.639319049000164 ], [ 121.05778023800417, 14.639333367000063 ], [ 121.057723116004581, 14.639340583000148 ], [ 121.057666895004218, 14.639340583000148 ], [ 121.057590768004275, 14.639329639000152 ], [ 121.057028702003777, 14.639307944000052 ], [ 121.056435740003963, 14.639288516000192 ], [ 121.055042802003641, 14.639261245000171 ], [ 121.054954733843715, 14.639260818170044 ], [ 121.054936394589163, 14.639949614144939 ], [ 121.054877984027485, 14.640435256243052 ], [ 121.054814566846062, 14.640830779189002 ], [ 121.054754289223524, 14.641160746891046 ], [ 121.054612633190345, 14.641828765356308 ], [ 121.054487467701165, 14.642329427312973 ], [ 121.054382328690394, 14.642681559556024 ], [ 121.054327790359594, 14.642800737917582 ], [ 121.054006832222512, 14.643669532484182 ], [ 121.053517852378036, 14.644811041745697 ], [ 121.053310912102916, 14.645209902437898 ], [ 121.053120322383165, 14.645532667651423 ], [ 121.052528879529859, 14.646438479311939 ], [ 121.052267119774115, 14.646853200097837 ], [ 121.051971880471228, 14.647267043880674 ], [ 121.05169800770966, 14.647681198788405 ], [ 121.051202262540301, 14.648451406411425 ], [ 121.051079822745919, 14.648646217288558 ], [ 121.050999625000486, 14.648606327000152 ], [ 121.050832989000355, 14.648565191000102 ], [ 121.050646761000394, 14.648534548000157 ], [ 121.05046996200042, 14.648518048000199 ], [ 121.050122475000535, 14.648490884000068 ], [ 121.049765125000476, 14.648470907000103 ], [ 121.049642465000261, 14.648468990000026 ], [ 121.049362238000413, 14.648474561000057 ], [ 121.049252978000254, 14.648487058000114 ], [ 121.049151729136042, 14.648505003718299 ], [ 121.049051726000471, 14.648528936000048 ], [ 121.048997143425254, 14.648544694705492 ], [ 121.04894310800023, 14.648562238000125 ], [ 121.048757508000335, 14.648632098000064 ], [ 121.048591744000419, 14.648709409000105 ], [ 121.048337730000412, 14.648871307000206 ], [ 121.048119656000495, 14.649043702000142 ], [ 121.048016442718108, 14.64911584249603 ], [ 121.047917342000233, 14.649193536000155 ], [ 121.047781592000547, 14.649325649000161 ], [ 121.047495468000534, 14.649640956000042 ], [ 121.047367471000484, 14.649798043000146 ], [ 121.047206407000317, 14.65003409600007 ], [ 121.047122358011734, 14.6501536990001 ], [ 121.046981875011397, 14.650398060000157 ], [ 121.046916378011247, 14.650537872000143 ], [ 121.046854574235226, 14.650709665596196 ], [ 121.046797032342397, 14.650882933241633 ], [ 121.046745698172231, 14.65105130228352 ], [ 121.046694872011017, 14.651233467000054 ], [ 121.046648851011355, 14.651416671000106 ], [ 121.046612138011596, 14.651597890000119 ], [ 121.046592869011306, 14.651763853000091 ], [ 121.046578890011915, 14.651949413000182 ], [ 121.046583071011241, 14.652069810000057 ], [ 121.046592787010809, 14.65225369 ], [ 121.046615854011407, 14.652459178000129 ], [ 121.046636111011026, 14.652582805000179 ], [ 121.046696710011361, 14.652778284000078 ], [ 121.046742903011705, 14.652911303000167 ], [ 121.046797264011161, 14.653044938000107 ], [ 121.046896931011474, 14.653231279000181 ], [ 121.04703045301153, 14.653438991000144 ], [ 121.047108500011632, 14.653542331000153 ], [ 121.047207524011355, 14.653659017000052 ], [ 121.047254574266958, 14.653711440357938 ], [ 121.047303565011362, 14.653762055000016 ], [ 121.047365988230808, 14.653821367360592 ], [ 121.047431075011446, 14.653877744000113 ], [ 121.047481789133599, 14.653913305307242 ], [ 121.047534629889014, 14.653945622227752 ], [ 121.047589390011467, 14.653974568000137 ], [ 121.047664451011201, 14.654017731000067 ], [ 121.047575889129121, 14.654164672353204 ], [ 121.046803316027422, 14.655347639967545 ], [ 121.048437871357464, 14.656324033169199 ], [ 121.048504360757534, 14.656367316621413 ], [ 121.049168671000075, 14.656865955000171 ], [ 121.049599994, 14.657540389000189 ], [ 121.04974115500022, 14.657822709000129 ], [ 121.050152053000147, 14.658387985000161 ], [ 121.050379459000283, 14.658726600000193 ], [ 121.050646338000092, 14.659088069000177 ], [ 121.050886122000065, 14.65942252800005 ], [ 121.051048462205472, 14.659721522166535 ], [ 121.051432828406178, 14.657765522917941 ], [ 121.052216775701936, 14.656402136316785 ], [ 121.053839275087057, 14.654266028145571 ], [ 121.05443794228097, 14.654706938443724 ], [ 121.05959644589916, 14.658133180178993 ], [ 121.064178673564015, 14.661192487678591 ], [ 121.064267463004853, 14.661057161000201 ], [ 121.064306807005323, 14.660981120000031 ], [ 121.06478114600543, 14.660149995000097 ], [ 121.064797102005855, 14.660089601000095 ], [ 121.064803683005039, 14.65990516 ], [ 121.064826814003254, 14.658965182000031 ], [ 121.064820941005337, 14.658118044000105 ], [ 121.064815216005513, 14.657959091 ], [ 121.064811807005526, 14.657542502000126 ], [ 121.06477805400641, 14.656382061000102 ] ] ] ] } },
{ "type": "Feature", "properties": { "RTA_ID": "JRTA65", "TIME": 20 }, "geometry": { "type": "MultiPolygon", "coordinates": [ [ [ [ 120.996200720000047, 14.620769441000107 ], [ 120.997400305000156, 14.61985714500014 ], [ 120.997603035, 14.619633921000116 ], [ 120.997775913000055, 14.619432941000014 ], [ 120.997990084000321, 14.619200778000106 ], [ 120.99816129300018, 14.61896994500006 ], [ 120.998300018, 14.618694708000135 ], [ 120.998373386000026, 14.618501885000057 ], [ 120.998456791000081, 14.618233281999949 ], [ 120.998517843000059, 14.617897725000034 ], [ 120.9985491030003, 14.617518448000169 ], [ 120.99855908800032, 14.616982570999937 ], [ 120.998645799000087, 14.616679769000143 ], [ 120.99867018600014, 14.6165804850001 ], [ 120.998772069000097, 14.616239864000249 ], [ 120.99884653200013, 14.615959420000138 ], [ 120.998888568000098, 14.615837823000106 ], [ 120.998942503000194, 14.615711690000239 ], [ 120.999137191182399, 14.615479153081253 ], [ 120.999021521896111, 14.615370610338857 ], [ 120.998505779410607, 14.614896969280551 ], [ 120.998021612995558, 14.614454465736344 ], [ 120.99752867544953, 14.614007138070065 ], [ 120.9968530791067, 14.613383949233139 ], [ 120.995803174760681, 14.61244675391697 ], [ 120.995580388040594, 14.612226817814417 ], [ 120.995333699989601, 14.612005237124947 ], [ 120.995001383774706, 14.611714803059158 ], [ 120.994771470510955, 14.611506707983267 ], [ 120.99451524385529, 14.611267146475711 ], [ 120.994263841321299, 14.611046333259992 ], [ 120.993612584866128, 14.610439151736841 ], [ 120.993404621010427, 14.610231165741311 ], [ 120.992866798643263, 14.609758435096069 ], [ 120.992796635529771, 14.609693691436064 ], [ 120.992585807881255, 14.609509373140156 ], [ 120.992165181991254, 14.609137040681389 ], [ 120.991599261467286, 14.60860263655087 ], [ 120.99048147920405, 14.607604417744938 ], [ 120.989939151571548, 14.607127133054234 ], [ 120.989406694925606, 14.606641710785823 ], [ 120.988857576586383, 14.606129129819521 ], [ 120.988623048056979, 14.6059012372491 ], [ 120.988333401346836, 14.605633929103703 ], [ 120.988201930228911, 14.605509874096356 ], [ 120.988117257534441, 14.605370924033537 ], [ 120.988008160024265, 14.605076197923893 ], [ 120.987879522661615, 14.604586344675397 ], [ 120.987762012159465, 14.604094048945399 ], [ 120.987601351149237, 14.603460903444727 ], [ 120.987521834804852, 14.603170248137815 ], [ 120.987305810879207, 14.602329763090381 ], [ 120.987227922855709, 14.602104783398943 ], [ 120.986048005627367, 14.602663714080222 ], [ 120.985123108470702, 14.603107240871168 ], [ 120.985192299386767, 14.603502612655916 ], [ 120.985374738905534, 14.604451648998577 ], [ 120.985560686876511, 14.605517341379482 ], [ 120.985623839017649, 14.605913796487528 ], [ 120.985736109490745, 14.606645308788586 ], [ 120.985876447581973, 14.607518913407091 ], [ 120.985943108175434, 14.607908351610547 ], [ 120.98599795500013, 14.608140559000049 ], [ 120.986104051000211, 14.60909935400025 ], [ 120.986123654000153, 14.609400450000123 ], [ 120.986147637000045, 14.609668192000242 ], [ 120.986257546000161, 14.611010149000151 ], [ 120.986302868000053, 14.61152557700018 ], [ 120.986327574000143, 14.611847518000104 ], [ 120.986415605000047, 14.612878413000203 ], [ 120.986429309000073, 14.613005040000132 ], [ 120.986465103, 14.613528612000096 ], [ 120.986516058000234, 14.613955598000246 ], [ 120.986845998000035, 14.614247572000068 ], [ 120.987104464000254, 14.614482061 ], [ 120.987388865000071, 14.614758270000038 ], [ 120.987689443000249, 14.615026074000184 ], [ 120.987906376000183, 14.6152249390002 ], [ 120.988334496000107, 14.61562488900006 ], [ 120.988590477, 14.615857584000025 ], [ 120.98882668300007, 14.616043295000054 ], [ 120.988897005719537, 14.616103219030947 ], [ 120.988912793754821, 14.616618742238188 ], [ 120.988922441998625, 14.617023529920289 ], [ 120.988942615599171, 14.617558568893628 ], [ 120.988962789199945, 14.618038788299884 ], [ 120.988972437443749, 14.618398843215402 ], [ 120.989028572680127, 14.620127413799651 ], [ 120.989045217052421, 14.620472784524395 ], [ 120.989208961648274, 14.620471563601257 ], [ 120.989283757763701, 14.620404745987798 ], [ 120.989812136000069, 14.620870796999952 ], [ 120.989826306000055, 14.620885386000054 ], [ 120.990077699000153, 14.62111341800005 ], [ 120.990357786, 14.621375236000063 ], [ 120.990614621000191, 14.621606928000233 ], [ 120.990917322000087, 14.621874345000037 ], [ 120.991438747000188, 14.622350531 ], [ 120.99169903200027, 14.622591370000123 ], [ 120.991957162000176, 14.622819453000091 ], [ 120.99220513, 14.623035831000038 ], [ 120.992226824000113, 14.62304956100013 ], [ 120.992495734000158, 14.623295795000047 ], [ 120.992704586000173, 14.623478370000157 ], [ 120.993886648000057, 14.622564926999985 ], [ 120.995036587000072, 14.62164900200014 ], [ 120.995487252000203, 14.621310073000075 ], [ 120.995906815000012, 14.621001918000104 ], [ 120.996200720000047, 14.620769441000107 ] ] ] ] } },
{ "type": "Feature", "properties": { "RTA_ID": "JRTA67", "TIME": 20 }, "geometry": { "type": "MultiPolygon", "coordinates": [ [ [ [ 120.999009291081165, 14.561507957915012 ], [ 120.999061024568505, 14.56148665589069 ], [ 120.999280131105365, 14.561492742183418 ], [ 120.999371425495156, 14.561447094988239 ], [ 120.999414029544369, 14.561392318354024 ], [ 120.999417072690335, 14.561343628012992 ], [ 120.999410986397834, 14.561261463061328 ], [ 120.999374468641349, 14.561136694061759 ], [ 120.999188836715007, 14.56068326525741 ], [ 120.999045808836968, 14.560360691745132 ], [ 120.998994075349401, 14.560196361843111 ], [ 120.998978859617409, 14.560089851720761 ], [ 120.998954624358817, 14.560009696946054 ], [ 120.998933911864356, 14.559773574508881 ], [ 120.99893805436318, 14.559653442040997 ], [ 120.998954624358817, 14.559599589555319 ], [ 120.998996049347397, 14.559570592063096 ], [ 120.999049901833132, 14.559529167074345 ], [ 120.999310879263703, 14.559467029590905 ], [ 120.999547001700535, 14.559400749608699 ], [ 120.999642279174736, 14.559313757131633 ], [ 120.999687846662482, 14.55918119716722 ], [ 120.999710400206936, 14.559053393749764 ], [ 120.999678895000329, 14.559048341999983 ], [ 120.999571114000219, 14.559025521000137 ], [ 120.998560289000011, 14.558800162000068 ], [ 120.998482707000107, 14.558775131000232 ], [ 120.99796893700011, 14.558662284000206 ], [ 120.998066117000121, 14.55832341200005 ], [ 120.997688199000095, 14.558209034000186 ], [ 120.996288608000214, 14.557836007 ], [ 120.995064816000195, 14.557446451000089 ], [ 120.995387808000146, 14.556838381000205 ], [ 120.995713926000121, 14.556171522 ], [ 120.996006469000235, 14.555564994000122 ], [ 120.995247855, 14.555279095 ], [ 120.994459277000146, 14.554967912000052 ], [ 120.994446379000124, 14.555014854000035 ], [ 120.993819201834299, 14.556713135771076 ], [ 120.993238047000318, 14.556511772000079 ], [ 120.992447316000039, 14.556262842000081 ], [ 120.991175808000321, 14.555890451000096 ], [ 120.991117308000071, 14.556086014000016 ], [ 120.991100226000071, 14.556138271999941 ], [ 120.991041469000152, 14.556298662000074 ], [ 120.990903656, 14.556690573000083 ], [ 120.990774629000043, 14.557049944000028 ], [ 120.9903402770002, 14.558165923999979 ], [ 120.98995230800017, 14.559096932000102 ], [ 120.989494077000018, 14.560174719999964 ], [ 120.989086304000125, 14.560984531000088 ], [ 120.988373148570076, 14.56230891734856 ], [ 120.987111330500511, 14.564659178784325 ], [ 120.986895699856859, 14.565087311713285 ], [ 120.987027435825325, 14.565143286482453 ], [ 120.987431259445202, 14.565349540481748 ], [ 120.987716215628438, 14.565550366744219 ], [ 120.987826941459616, 14.565648066006929 ], [ 120.987981807444726, 14.565809954065458 ], [ 120.988418459407853, 14.566354987753868 ], [ 120.989279422092295, 14.567456782872284 ], [ 120.989841346938874, 14.568151063306857 ], [ 120.990742429307375, 14.569259523932544 ], [ 120.99107125770638, 14.569673525620772 ], [ 120.991367542938974, 14.570023099967329 ], [ 120.991559180155491, 14.570259149385379 ], [ 120.991626378750425, 14.570274396152058 ], [ 120.992522669000323, 14.57046090700004 ], [ 120.993066701000203, 14.570640840000294 ], [ 120.993574615000284, 14.57084766800017 ], [ 120.993910273000324, 14.570981584000094 ], [ 120.99427861800018, 14.571123881 ], [ 120.994629537000151, 14.571280570000283 ], [ 120.994973690000165, 14.571411812000292 ], [ 120.995138324000436, 14.571482778000302 ], [ 120.995374323000192, 14.571614908000413 ], [ 120.995844920000309, 14.571859345000291 ], [ 120.996025766, 14.571949433000327 ], [ 120.996377593000375, 14.572090694000337 ], [ 120.99652670900025, 14.572137244000317 ], [ 120.996822888000224, 14.572191265000413 ], [ 120.9974572240003, 14.572278463000373 ], [ 120.998122080000257, 14.57236323300026 ], [ 120.998513103000278, 14.572409038000217 ], [ 120.999073395000323, 14.572495155000183 ], [ 120.999109181000222, 14.572513515000253 ], [ 120.999411412000313, 14.572630552000248 ], [ 121.002612999687585, 14.566809484295959 ], [ 121.002835690711777, 14.566400673531689 ], [ 121.003024011000207, 14.565964511000345 ], [ 121.003052439003113, 14.565907596000329 ], [ 121.002546616003201, 14.565430216000095 ], [ 121.002279489003058, 14.56517398400041 ], [ 121.00203938300308, 14.564917657000422 ], [ 121.001997737003194, 14.564882379000153 ], [ 121.001815734003003, 14.564682006 ], [ 121.001529094003217, 14.564376874000345 ], [ 121.001285858002802, 14.56411993200021 ], [ 121.001015021003241, 14.563839406000284 ], [ 121.000527728003135, 14.563357985000152 ], [ 121.00025885200273, 14.563090004000287 ], [ 120.999976975002937, 14.562812898000118 ], [ 120.999723474002849, 14.562560416000338 ], [ 120.999452222002787, 14.562284310000223 ], [ 120.999074220002967, 14.56192146099994 ], [ 120.998978594003233, 14.561806843000227 ], [ 120.99881452971556, 14.561711848719881 ], [ 120.998857133764204, 14.561678374110329 ], [ 120.998945385008028, 14.561562734549284 ], [ 120.999009291081165, 14.561507957915012 ] ] ] ] } },
{ "type": "Feature", "properties": { "RTA_ID": "JRTA68", "TIME": 20 }, "geometry": { "type": "MultiPolygon", "coordinates": [ [ [ [ 121.026512166021121, 14.656373279000206 ], [ 121.028596707817542, 14.655895969119513 ], [ 121.030003682767074, 14.655570304146295 ], [ 121.030211897773597, 14.655519004797043 ], [ 121.030349169285046, 14.65538278805036 ], [ 121.030449309191226, 14.655246883891834 ], [ 121.030563754798891, 14.655039451228618 ], [ 121.030756881760908, 14.654703267257275 ], [ 121.031354783550455, 14.653799050615646 ], [ 121.032573705776372, 14.651935114131561 ], [ 121.034254625632911, 14.649338629416661 ], [ 121.034475869316111, 14.648974815208021 ], [ 121.034499738723753, 14.648940507495638 ], [ 121.035155884790129, 14.647872295073626 ], [ 121.035080576595647, 14.647812567885126 ], [ 121.034950441163801, 14.647716481332907 ], [ 121.034783739233944, 14.647670588532776 ], [ 121.034553059807195, 14.647713505635352 ], [ 121.034553008881176, 14.647712334335097 ], [ 121.034456496325333, 14.647739490599918 ], [ 121.034356915235435, 14.647730437773532 ], [ 121.034236210884274, 14.647676120815447 ], [ 121.03394953804991, 14.647489029070698 ], [ 121.033859009785942, 14.647446782547831 ], [ 121.033762446304877, 14.647416606459842 ], [ 121.033611565865272, 14.647392465589576 ], [ 121.033436544555911, 14.647389447980856 ], [ 121.03312573085077, 14.647413588851123 ], [ 121.033052023399136, 14.647406958362978 ], [ 121.032956544371018, 14.647394546089458 ], [ 121.032892573422259, 14.647362083219889 ], [ 121.032859155762367, 14.647335349092089 ], [ 121.032838150376733, 14.647285699997497 ], [ 121.032819054570496, 14.647177808695915 ], [ 121.032777998588813, 14.646967754834463 ], [ 121.032688248302406, 14.646519958193323 ], [ 121.032654830643082, 14.646426388745795 ], [ 121.032538346228193, 14.646338548040092 ], [ 121.032398946847479, 14.646262164817699 ], [ 121.03235025254321, 14.646232566318929 ], [ 121.0323044226094, 14.646190555546639 ], [ 121.032143063052445, 14.646061658858969 ], [ 121.031977884334083, 14.645967134621287 ], [ 121.031818434357319, 14.645898389721026 ], [ 121.031721045748895, 14.645853514577993 ], [ 121.031681899347745, 14.645824870869603 ], [ 121.031655165219718, 14.645789543629292 ], [ 121.031596923012444, 14.64566351131225 ], [ 121.031553002659507, 14.645589037670391 ], [ 121.031470890695346, 14.645499287384098 ], [ 121.031388778731184, 14.645433406854806 ], [ 121.03122264522267, 14.645375164647817 ], [ 121.031067969197579, 14.645351294890816 ], [ 121.030906609640283, 14.645371345486637 ], [ 121.030683188714761, 14.645401898775617 ], [ 121.030479818385174, 14.645475417627097 ], [ 121.030335645052787, 14.645532705044047 ], [ 121.03016282801218, 14.645609088266269 ], [ 121.029967096004611, 14.645710296036043 ], [ 121.0298725717671, 14.645769493033242 ], [ 121.029795233754044, 14.645804820273725 ], [ 121.029651060422225, 14.645825825659813 ], [ 121.029507841880672, 14.645832509191735 ], [ 121.029399950578977, 14.645817232547245 ], [ 121.029304251656413, 14.645778631301141 ], [ 121.029176529652887, 14.645698838552562 ], [ 121.029072457512257, 14.645609088266269 ], [ 121.028993209919804, 14.645572806235748 ], [ 121.028858584490308, 14.645574715816281 ], [ 121.028735416543441, 14.645612907427449 ], [ 121.028581695308617, 14.64569215502064 ], [ 121.028419380961282, 14.645760899920731 ], [ 121.028224603744093, 14.645817232547245 ], [ 121.028077566041361, 14.645840147514093 ], [ 121.027924860282042, 14.645840147514093 ], [ 121.027895557953116, 14.645846803030736 ], [ 121.027939584610181, 14.646054330322443 ], [ 121.028379441003722, 14.647862372000418 ], [ 121.027755464003235, 14.648052200000166 ], [ 121.027590180003244, 14.648079817000394 ], [ 121.027493216002881, 14.648089837000327 ], [ 121.027397770002949, 14.648089027000253 ], [ 121.02730079500293, 14.648074634000409 ], [ 121.027171989003023, 14.648045442000466 ], [ 121.026971045002824, 14.647913931000346 ], [ 121.025023717002568, 14.647321985000247 ], [ 121.023092075000818, 14.646769855000173 ], [ 121.02293718800081, 14.646715469000469 ], [ 121.022628677000853, 14.646612898000285 ], [ 121.022105249000901, 14.646447517000183 ], [ 121.021625566000012, 14.646290343000317 ], [ 121.02031033500225, 14.645892651000281 ], [ 121.020085211002652, 14.645833098000196 ], [ 121.017287035002596, 14.645015081000281 ], [ 121.017526881024423, 14.64660307000031 ], [ 121.017788103023122, 14.648171098000205 ], [ 121.017967783023323, 14.649287095000261 ], [ 121.018134724023412, 14.650532502000203 ], [ 121.018397133023427, 14.6521706380002 ], [ 121.018728292023184, 14.654492628000298 ], [ 121.018834938022906, 14.655045449000283 ], [ 121.019068899022841, 14.655680809000273 ], [ 121.019266269022978, 14.656228103000274 ], [ 121.019488864023856, 14.656731790000151 ], [ 121.019965752024063, 14.656618998000226 ], [ 121.020421737023867, 14.656514351000169 ], [ 121.02092476802386, 14.656417475000296 ], [ 121.021730001012202, 14.656238678000193 ], [ 121.02200395581167, 14.657381118322974 ], [ 121.022510667170991, 14.657278927269317 ], [ 121.023001462283446, 14.657183589893464 ], [ 121.024281024236075, 14.656883987240349 ], [ 121.025865348020943, 14.656525570000269 ], [ 121.026512166021121, 14.656373279000206 ] ] ] ] } },
{ "type": "Feature", "properties": { "RTA_ID": "JRTA75", "TIME": 20 }, "geometry": { "type": "MultiPolygon", "coordinates": [ [ [ [ 121.04879818500001, 14.582557131000101 ], [ 121.048847684000066, 14.582494259000043 ], [ 121.048950434000062, 14.582413014000167 ], [ 121.049092807000079, 14.582260398000187 ], [ 121.049236931000223, 14.582098157000132 ], [ 121.049371680000149, 14.581873296000083 ], [ 121.049570428000038, 14.581519817000071 ], [ 121.049841928000092, 14.581591686000081 ], [ 121.049921053000162, 14.581592310000133 ], [ 121.0500128030003, 14.581574186000068 ], [ 121.05024430200001, 14.581493815000044 ], [ 121.050345427000138, 14.581448567000052 ], [ 121.050996424000232, 14.581106085000158 ], [ 121.051439047000031, 14.580829600000072 ], [ 121.051799171000312, 14.580590363000113 ], [ 121.052215793000187, 14.580281130000174 ], [ 121.052623297000082, 14.580831467000166 ], [ 121.053111676384901, 14.580456541503452 ], [ 121.052318668644375, 14.579338128262521 ], [ 121.051654907209581, 14.578416251390593 ], [ 121.051375001566839, 14.577974719707186 ], [ 121.050368684312957, 14.576663189495832 ], [ 121.049656182850526, 14.575708465887601 ], [ 121.048867760271719, 14.574626434583536 ], [ 121.047687168308357, 14.57313364228952 ], [ 121.047317326356506, 14.572428434344658 ], [ 121.047117256324441, 14.572028133827473 ], [ 121.04689734587464, 14.571500362777329 ], [ 121.046566919445127, 14.570542410202449 ], [ 121.046363264732236, 14.569871929748558 ], [ 121.046230171536649, 14.569399094595326 ], [ 121.045924953634767, 14.568385425037945 ], [ 121.045024495353573, 14.568595552351212 ], [ 121.043768086995556, 14.568747854662774 ], [ 121.042473662788439, 14.568595620296833 ], [ 121.04020265425379, 14.568041698564912 ], [ 121.040030347000197, 14.568437208000034 ], [ 121.040017473000034, 14.568501829000127 ], [ 121.039781351000215, 14.568976925000015 ], [ 121.039719477000062, 14.569106667000085 ], [ 121.039470854, 14.569419899000081 ], [ 121.039386980000018, 14.569506894000085 ], [ 121.039303730000029, 14.569571264999979 ], [ 121.039120856000181, 14.569723257000135 ], [ 121.038779733000069, 14.569929246000015 ], [ 121.038576858000056, 14.57004674000018 ], [ 121.038484234000066, 14.570111986000086 ], [ 121.038439734000121, 14.570176607000178 ], [ 121.038409735000073, 14.570263102000126 ], [ 121.038365236, 14.570371220000197 ], [ 121.038324111000065, 14.570434216000081 ], [ 121.038195237000082, 14.570585833000109 ], [ 121.037971238000068, 14.57077107200007 ], [ 121.037808864, 14.570892565000065 ], [ 121.03742786600003, 14.571184924000192 ], [ 121.038065871000185, 14.57195912100002 ], [ 121.037704623000081, 14.572265229000152 ], [ 121.037342760000115, 14.572561624000059 ], [ 121.037370244000044, 14.572612010000171 ], [ 121.037227127000051, 14.572835945000122 ], [ 121.037197627000069, 14.572857319000093 ], [ 121.03715312700001, 14.572867819000066 ], [ 121.036867752000035, 14.572813949000079 ], [ 121.036792733000198, 14.572765523000157 ], [ 121.036639753000145, 14.572899070000119 ], [ 121.035922881000147, 14.573464788000194 ], [ 121.035864129000061, 14.573149809000142 ], [ 121.035395130000097, 14.573182059000317 ], [ 121.03546250900024, 14.573757397000122 ], [ 121.03571213400005, 14.573888636999982 ], [ 121.035694760000183, 14.574002380000252 ], [ 121.035687261000021, 14.574131497 ], [ 121.03566476200001, 14.574282238000308 ], [ 121.035602888000085, 14.574488725000265 ], [ 121.035588139000197, 14.574553596000214 ], [ 121.035916763000159, 14.574477724000133 ], [ 121.036103763000028, 14.574456724000186 ], [ 121.036413763000269, 14.574456597000108 ], [ 121.037047638000217, 14.574574836000181 ], [ 121.036996889000193, 14.574672205000013 ], [ 121.036744641000269, 14.575072181000223 ], [ 121.036700142000086, 14.575116053000102 ], [ 121.036767892000171, 14.575116678000256 ], [ 121.038829768000028, 14.575514390000308 ], [ 121.038677023000105, 14.576237845000207 ], [ 121.038792294000018, 14.576473671000031 ], [ 121.038797026, 14.576734062000128 ], [ 121.038825028000019, 14.577069541000128 ], [ 121.038817279, 14.57719240800003 ], [ 121.038799530000233, 14.577356773000247 ], [ 121.0387477820002, 14.577618381000207 ], [ 121.039001657000199, 14.577694625000106 ], [ 121.03919353300023, 14.577772119000315 ], [ 121.03931065800009, 14.577833613999985 ], [ 121.039375284000243, 14.577900110000144 ], [ 121.039381409000157, 14.577995104000024 ], [ 121.039403160000234, 14.578060349 ], [ 121.03955578700004, 14.578442074000236 ], [ 121.04162103200008, 14.577806977000193 ], [ 121.04169078200016, 14.577793102000044 ], [ 121.042661033000059, 14.578048705000299 ], [ 121.042923408000206, 14.578126949000193 ], [ 121.042961284000171, 14.578157946000033 ], [ 121.043731286000252, 14.578575540000088 ], [ 121.044311163000202, 14.57887864200012 ], [ 121.044362171000103, 14.580192933000092 ], [ 121.044411431000299, 14.581742334000126 ], [ 121.044411432000061, 14.581941197000106 ], [ 121.044423808000033, 14.582049690000304 ], [ 121.044486434000191, 14.582174056000099 ], [ 121.044732938000152, 14.582871136000051 ], [ 121.04476368900032, 14.58304025000001 ], [ 121.04658056300002, 14.58291637100001 ], [ 121.046666938000158, 14.582915246000141 ], [ 121.046776062000276, 14.582879123000282 ], [ 121.047376811000163, 14.58265363300012 ], [ 121.048231183000325, 14.582342648000065 ], [ 121.048319763711447, 14.582314488065947 ], [ 121.048384183000053, 14.582315024000081 ], [ 121.048466683000129, 14.582323898000254 ], [ 121.048548058000165, 14.582350770000176 ], [ 121.048645559000192, 14.582405891 ], [ 121.04879818500001, 14.582557131000101 ] ] ] ] } },
{ "type": "Feature", "properties": { "RTA_ID": "JRTA76", "TIME": 30 }, "geometry": { "type": "MultiPolygon", "coordinates": [ [ [ [ 121.059929307035873, 14.584389485928341 ], [ 121.059738351807823, 14.587320305196158 ], [ 121.05966750221728, 14.588295471087861 ], [ 121.059855198370656, 14.588980033061148 ], [ 121.059773458000109, 14.589034931000185 ], [ 121.058381161000057, 14.58906530500019 ], [ 121.058193723000045, 14.589093532000106 ], [ 121.057398269000146, 14.589357107000183 ], [ 121.057195916033265, 14.589431341144859 ], [ 121.057733060160444, 14.591068775455483 ], [ 121.058205828822338, 14.592503265764094 ], [ 121.058457957788278, 14.593201377571177 ], [ 121.061390890828307, 14.590785779172904 ], [ 121.062964890554781, 14.589444578523 ], [ 121.063006954446337, 14.589411190309363 ], [ 121.06295657000021, 14.589355818000172 ], [ 121.062088904, 14.588347815000134 ], [ 121.061508492000144, 14.588829742000144 ], [ 121.061239239000315, 14.588454267000088 ], [ 121.061174989000165, 14.588330775000145 ], [ 121.061115863000055, 14.588191160000065 ], [ 121.061081862000037, 14.588034545000141 ], [ 121.061049985000295, 14.587772312000027 ], [ 121.061021443000072, 14.586882078000087 ], [ 121.061011077017497, 14.586416364559852 ], [ 121.06182782726944, 14.586410910098607 ], [ 121.061826927097059, 14.586201500942821 ], [ 121.063129198822935, 14.586177485820144 ], [ 121.063135759000033, 14.586901348000083 ], [ 121.063881728279284, 14.586889570128278 ], [ 121.063891465423922, 14.586374913650502 ], [ 121.063884867586921, 14.585253281307757 ], [ 121.063854379528948, 14.584369019964299 ], [ 121.061806243552837, 14.584369019964299 ], [ 121.059929307035873, 14.584389485928341 ] ] ] ] } },
{ "type": "Feature", "properties": { "RTA_ID": "JRTA28", "TIME": 30 }, "geometry": { "type": "MultiPolygon", "coordinates": [ [ [ [ 121.065594313915426, 14.559669491292027 ], [ 121.063113294772393, 14.556264050801872 ], [ 121.062585225487055, 14.556937339140575 ], [ 121.061668170070675, 14.557842931364007 ], [ 121.060689977626566, 14.558530722926378 ], [ 121.059536016227867, 14.559153556396495 ], [ 121.058259780773483, 14.559780210930967 ], [ 121.056612902088318, 14.560762224438974 ], [ 121.056070184000646, 14.561090263000267 ], [ 121.055411472000515, 14.561503187000369 ], [ 121.054969053000264, 14.56175880700016 ], [ 121.054438150000124, 14.562034090000111 ], [ 121.054111485000362, 14.562186625000209 ], [ 121.054059417000303, 14.56233514600018 ], [ 121.054077780000284, 14.562491734000162 ], [ 121.054226890000223, 14.563409067000293 ], [ 121.05440084300028, 14.56445862000021 ], [ 121.054443715000275, 14.564748193000241 ], [ 121.054632586143043, 14.565929018199824 ], [ 121.055641560603476, 14.565548266683493 ], [ 121.058097204611727, 14.565110500444234 ], [ 121.06001968560463, 14.564082624678576 ], [ 121.062131496317988, 14.561987527949213 ], [ 121.063255814311105, 14.561265261813787 ], [ 121.065311714658151, 14.560846509251576 ], [ 121.066054148492412, 14.560618095319001 ], [ 121.06617779728731, 14.560502669916787 ], [ 121.065594313915426, 14.559669491292027 ] ] ] ] } },
{ "type": "Feature", "properties": { "RTA_ID": "JRTA79", "TIME": 20 }, "geometry": { "type": "MultiPolygon", "coordinates": [ [ [ [ 121.017637432000015, 14.597624598000039 ], [ 121.017773318000081, 14.597658283000101 ], [ 121.018354824000085, 14.597818609000058 ], [ 121.018743038000025, 14.597946750000062 ], [ 121.018954576000169, 14.598033530000123 ], [ 121.018994779260424, 14.598059603769968 ], [ 121.019030975191981, 14.598091004377409 ], [ 121.01962190852521, 14.598168904845693 ], [ 121.020204876471666, 14.598228391370924 ], [ 121.020918714773302, 14.598359261726159 ], [ 121.02132322314435, 14.598525823996624 ], [ 121.021584963855048, 14.598739975487149 ], [ 121.022014676000026, 14.599271791000206 ], [ 121.022392604000061, 14.599935691000042 ], [ 121.02255447398943, 14.600201507777342 ], [ 121.023123691429191, 14.599840298304173 ], [ 121.023785183114455, 14.599131506375556 ], [ 121.02413159913317, 14.598564513607073 ], [ 121.024934947368024, 14.597272987609813 ], [ 121.025549297087196, 14.596091621509231 ], [ 121.025864347088259, 14.595256833532005 ], [ 121.026061562738278, 14.594858974304486 ], [ 121.026399705138942, 14.595290245132617 ], [ 121.026617669890811, 14.595575586042798 ], [ 121.026714415143829, 14.595710338359652 ], [ 121.026758180853676, 14.595765621361295 ], [ 121.026852622648448, 14.595848257931607 ], [ 121.026964340381141, 14.59590469266243 ], [ 121.027031140674808, 14.595921968600635 ], [ 121.027100244427174, 14.59592427205888 ], [ 121.027167044720841, 14.595906996121016 ], [ 121.027244210577464, 14.595871292515596 ], [ 121.027523216976988, 14.595707746968912 ], [ 121.027676684893208, 14.59561416897111 ], [ 121.027878237504069, 14.595480568383266 ], [ 121.028184885404244, 14.595292692556939 ], [ 121.028479872046432, 14.595106832256818 ], [ 121.028555886173876, 14.59506594587009 ], [ 121.028588278557777, 14.595059611359545 ], [ 121.028638378778282, 14.595061338953258 ], [ 121.028711657548683, 14.595083653706695 ], [ 121.028784792353235, 14.595119357311944 ], [ 121.028913786024077, 14.595198250762451 ], [ 121.028980010453211, 14.595235681961412 ], [ 121.02902377616283, 14.595252957899561 ], [ 121.02905717630972, 14.595258140680869 ], [ 121.029101805816367, 14.595253533764264 ], [ 121.029141540473915, 14.595239713013655 ], [ 121.029158599694597, 14.595223127660859 ], [ 121.029342698661594, 14.595011836084609 ], [ 121.029484013599472, 14.59479344027153 ], [ 121.029584646964395, 14.59474205302115 ], [ 121.029766643475455, 14.594702798871708 ], [ 121.02987512767038, 14.594638564809031 ], [ 121.030054269334187, 14.594422310131222 ], [ 121.030140628462732, 14.594345229256021 ], [ 121.030597404019886, 14.5942046280299 ], [ 121.0307437149404, 14.594067595362731 ], [ 121.030865045947849, 14.593983377369625 ], [ 121.030986376955184, 14.593964107150782 ], [ 121.031328958622908, 14.59395839745622 ], [ 121.031462422731124, 14.593911292476889 ], [ 121.031615157058013, 14.593791388893123 ], [ 121.031770032520285, 14.593620098059148 ], [ 121.031834266583019, 14.593555863996471 ], [ 121.031892790951247, 14.593500194475382 ], [ 121.032001275146058, 14.593458799190671 ], [ 121.032064795497149, 14.59343096443024 ], [ 121.032084779427578, 14.593348887572233 ], [ 121.032085493139334, 14.593273947832472 ], [ 121.032070505191427, 14.593201862939736 ], [ 121.032029109906489, 14.593134774030034 ], [ 121.031922766847174, 14.59298489455017 ], [ 121.031897073222012, 14.592908527386726 ], [ 121.031887794968611, 14.592826450528889 ], [ 121.031904924052014, 14.592774349566753 ], [ 121.031939895930577, 14.592679425896279 ], [ 121.031984859774411, 14.592634462052388 ], [ 121.03204267043111, 14.592599490173882 ], [ 121.032106904493617, 14.592575223972347 ], [ 121.032191122486893, 14.592566659430929 ], [ 121.032283905022041, 14.592589498208724 ], [ 121.032337433407633, 14.592609482139324 ], [ 121.032388820657843, 14.592633748340631 ], [ 121.032453768432447, 14.592650877424035 ], [ 121.032504441970559, 14.592631607205192 ], [ 121.032572244592529, 14.592555240041747 ], [ 121.032644329484924, 14.592468880913202 ], [ 121.03271641437766, 14.592374670954428 ], [ 121.032832749402246, 14.592248343964343 ], [ 121.032985483729135, 14.592105601602725 ], [ 121.033096109059329, 14.591991407713579 ], [ 121.033168193952065, 14.591910044567499 ], [ 121.033201738407115, 14.591832249980371 ], [ 121.033295779009791, 14.591659756396155 ], [ 121.033335202514991, 14.591651680892994 ], [ 121.033368033258284, 14.591650253469311 ], [ 121.033439404439036, 14.591665241417445 ], [ 121.033581433088671, 14.591673805958862 ], [ 121.03371846575601, 14.591740181157377 ], [ 121.033839083051362, 14.591742322292646 ], [ 121.033896179996191, 14.591713060108304 ], [ 121.033958272923428, 14.591665241417445 ], [ 121.03410101528516, 14.591518216784834 ], [ 121.034152402535142, 14.591419724555351 ], [ 121.034232338257539, 14.591289115294671 ], [ 121.034319411098409, 14.59117634882881 ], [ 121.034442883241127, 14.591096413106413 ], [ 121.034522105251767, 14.591007912842258 ], [ 121.034601327262408, 14.590885868122996 ], [ 121.034724442549077, 14.590721000695567 ], [ 121.034738743000048, 14.590739571000142 ], [ 121.034777368000164, 14.590772443000219 ], [ 121.034887494000031, 14.590836689000014 ], [ 121.035718121000059, 14.591230284000176 ], [ 121.03637224400029, 14.590939548000279 ], [ 121.036538618, 14.590817929999957 ], [ 121.036600242000191, 14.590761558000281 ], [ 121.037091339000199, 14.589646860000244 ], [ 121.037173865758632, 14.58942916010767 ], [ 121.037369524000042, 14.589057203000038 ], [ 121.037500913000144, 14.588787125000067 ], [ 121.037782557000014, 14.588115955000319 ], [ 121.037937318000104, 14.587695595999946 ], [ 121.037147340000161, 14.586557696999989 ], [ 121.037068090000162, 14.586474828 ], [ 121.03702721500008, 14.586463579000053 ], [ 121.03662584000017, 14.586434958000041 ], [ 121.036314466000135, 14.586568827000065 ], [ 121.036211091000041, 14.586615824000091 ], [ 121.035381719000156, 14.587009179000233 ], [ 121.035311219000164, 14.587080925000123 ], [ 121.03523396900016, 14.586989931000232 ], [ 121.033784468000022, 14.58672370700009 ], [ 121.033441842000116, 14.586670213000104 ], [ 121.033043842000097, 14.586589095000136 ], [ 121.032268715000328, 14.586277120000318 ], [ 121.032000840000251, 14.586135755000271 ], [ 121.031830964000051, 14.586064636 ], [ 121.031145212000183, 14.585699288000114 ], [ 121.028552454000078, 14.584243272000265 ], [ 121.028496204000021, 14.584207525000238 ], [ 121.027893452000058, 14.583879799000101 ], [ 121.027272575000097, 14.583534825000186 ], [ 121.027042074000178, 14.58340046 ], [ 121.026717448000113, 14.583251221000012 ], [ 121.025854447000029, 14.583055739000145 ], [ 121.024903196000082, 14.58284925800001 ], [ 121.024784575000126, 14.583348352000144 ], [ 121.024770575000048, 14.583466595000061 ], [ 121.024780201000112, 14.58353821500009 ], [ 121.024803826000038, 14.583607960000279 ], [ 121.025254830000222, 14.584193670000047 ], [ 121.024052275000145, 14.584170253000025 ], [ 121.023850021000271, 14.584134565000056 ], [ 121.023623972000109, 14.5840750830003 ], [ 121.02218008300008, 14.584501419000219 ], [ 121.021269210000014, 14.584773658000074 ], [ 121.020235531601998, 14.585115344268331 ], [ 121.020336036902904, 14.585316356016222 ], [ 121.02035076333209, 14.585911614346116 ], [ 121.019861008811063, 14.58647739180833 ], [ 121.020427687000051, 14.586985705000245 ], [ 121.020352856000045, 14.58707113000014 ], [ 121.019903654000132, 14.587546177000263 ], [ 121.018148498000073, 14.587594411000168 ], [ 121.017690938000214, 14.587539466000123 ], [ 121.017606708000017, 14.587852657000212 ], [ 121.017567130013049, 14.5884057321569 ], [ 121.016380367274678, 14.588435348822316 ], [ 121.015650066682042, 14.588546577626232 ], [ 121.015141458043104, 14.588781320074816 ], [ 121.014828468111318, 14.589149083244592 ], [ 121.014244460328541, 14.590083495697456 ], [ 121.015792847336343, 14.591122506081319 ], [ 121.016037708778754, 14.591548416477679 ], [ 121.016122585387052, 14.591990223864457 ], [ 121.016102821840946, 14.592206171797613 ], [ 121.015787383555448, 14.592722457897878 ], [ 121.015268433501546, 14.593159131825644 ], [ 121.012934384387904, 14.594068516416542 ], [ 121.015479961463598, 14.597285742029953 ], [ 121.015665829132217, 14.597396193636712 ], [ 121.015688791737034, 14.597403739054528 ], [ 121.01572923200024, 14.597402314000135 ], [ 121.015855724000062, 14.59736904100032 ], [ 121.015983691000088, 14.597357469999963 ], [ 121.016054697000072, 14.597356301000332 ], [ 121.016367376000289, 14.597414958000115 ], [ 121.016743523000059, 14.597475977000101 ], [ 121.017637432000015, 14.597624598000039 ] ] ] ] } },
{ "type": "Feature", "properties": { "RTA_ID": "JRTA80", "TIME": 20 }, "geometry": { "type": "MultiPolygon", "coordinates": [ [ [ [ 121.00083553032016, 14.537495729006139 ], [ 120.999865385023213, 14.537574625780053 ], [ 120.997545410542557, 14.537717393440346 ], [ 120.995953551129787, 14.537695978291197 ], [ 120.995439587552482, 14.537681701525116 ], [ 120.994418798780885, 14.537467550034648 ], [ 120.992479319552558, 14.537035816644959 ], [ 120.992182851189455, 14.539402989638802 ], [ 120.992012340291581, 14.540880750757026 ], [ 120.991971322201152, 14.541161358797694 ], [ 120.991899708177812, 14.541598204339437 ], [ 120.991623631783909, 14.543183799097733 ], [ 120.991385266787688, 14.544409676221449 ], [ 120.991315800209804, 14.544736912474264 ], [ 120.99108012538079, 14.54581039257107 ], [ 120.990875409211299, 14.54669655721159 ], [ 120.990517676536115, 14.548206924965484 ], [ 120.990360081498125, 14.548857396549806 ], [ 120.990040639240419, 14.550131930237285 ], [ 120.989820251109222, 14.551003815025126 ], [ 120.989468948485637, 14.552268311339219 ], [ 120.990307760247333, 14.552532691064926 ], [ 120.992043309282167, 14.553104990608517 ], [ 120.992065029000059, 14.553013727000291 ], [ 120.992786908000198, 14.550389572000142 ], [ 120.993753047000155, 14.55063421300008 ], [ 120.994010187000072, 14.549641522000059 ], [ 120.9955919060003, 14.550031022000155 ], [ 120.99553802700018, 14.550253721000047 ], [ 120.997900732000062, 14.550833632000149 ], [ 120.997914937000019, 14.550771919999988 ], [ 121.00017572600018, 14.551178951 ], [ 121.000135637000085, 14.551403912000239 ], [ 121.000783308, 14.551578162000112 ], [ 121.001341265000065, 14.551696612000114 ], [ 121.001739539000141, 14.551824924000073 ], [ 121.002140918, 14.551938584000254 ], [ 121.00216461700029, 14.551938784000072 ], [ 121.002436712969711, 14.552022542570285 ], [ 121.002652287983551, 14.551931240211559 ], [ 121.002916773914308, 14.551853928939181 ], [ 121.00331146830365, 14.551695237380613 ], [ 121.003710231707259, 14.551520269764751 ], [ 121.005370389550649, 14.550751226057969 ], [ 121.006123157200477, 14.550405359840511 ], [ 121.006509713561059, 14.550250737296267 ], [ 121.006823027663927, 14.550136804895317 ], [ 121.006908476964554, 14.550112390809261 ], [ 121.007002064294056, 14.550108321795165 ], [ 121.007107858666245, 14.550087976723205 ], [ 121.007189238952947, 14.550039148551491 ], [ 121.007221791067536, 14.54999845840814 ], [ 121.00723806712449, 14.549953699250693 ], [ 121.007250274167859, 14.549892664035951 ], [ 121.007266550224813, 14.549770593606127 ], [ 121.007274688253574, 14.549677006276738 ], [ 121.00727061923908, 14.549567142890282 ], [ 121.007295033325136, 14.549477624574877 ], [ 121.007364206568809, 14.549339278088041 ], [ 121.007465931926731, 14.549160241457912 ], [ 121.007575795313187, 14.548997480884907 ], [ 121.007649037571127, 14.548952721727289 ], [ 121.007811798144189, 14.548895755526814 ], [ 121.008365184092099, 14.548741132982684 ], [ 121.008645946080492, 14.548667890724914 ], [ 121.008792430596031, 14.548619062552859 ], [ 121.00885753482487, 14.548533613252403 ], [ 121.008983674268848, 14.548330162536217 ], [ 121.009113882727434, 14.547996503361787 ], [ 121.00923188414265, 14.547687258273243 ], [ 121.009256298228706, 14.547614016015473 ], [ 121.009251187271161, 14.547504365342775 ], [ 121.009240022171412, 14.547369875156107 ], [ 121.009174917942346, 14.547166424439922 ], [ 121.0091179517417, 14.547044354010097 ], [ 121.009069123569816, 14.546954835695033 ], [ 121.009022069278672, 14.546913009658851 ], [ 121.008927664908128, 14.546761923097108 ], [ 121.008623821837432, 14.546362098072109 ], [ 121.008580841851085, 14.546222413117107 ], [ 121.00856456579379, 14.546067790573034 ], [ 121.00856456579379, 14.545888753942506 ], [ 121.008588979879846, 14.545758545484318 ], [ 121.008629670023197, 14.545469645467676 ], [ 121.008694774252035, 14.545266194751491 ], [ 121.008751740452681, 14.545054606006545 ], [ 121.00878429256727, 14.544948811634356 ], [ 121.008824982710621, 14.544859293319291 ], [ 121.009020295397704, 14.544550048230576 ], [ 121.009085399627111, 14.544403563715036 ], [ 121.009223746113889, 14.544281493285325 ], [ 121.009329540486647, 14.544167560884205 ], [ 121.009402782744246, 14.544094318626435 ], [ 121.00945161091613, 14.544012938340131 ], [ 121.009492301059481, 14.5439315580536 ], [ 121.009492301059481, 14.543874591853125 ], [ 121.00959809543167, 14.543768797480766 ], [ 121.009712027832961, 14.543622312965226 ], [ 121.009728303890256, 14.543565346764581 ], [ 121.009687613746564, 14.543483966478107 ], [ 121.00967133768961, 14.543109617160667 ], [ 121.009663156801821, 14.542872479717857 ], [ 121.009686400148098, 14.54265166793158 ], [ 121.009668967638618, 14.542459910327977 ], [ 121.009634102619657, 14.542378558617031 ], [ 121.009570183418191, 14.542279774396945 ], [ 121.009517885890091, 14.542151935994468 ], [ 121.009477210034333, 14.542082205956547 ], [ 121.009453966688625, 14.541960178390525 ], [ 121.009442345015714, 14.541605717365201 ], [ 121.009401669160525, 14.541379094742354 ], [ 121.009366804141564, 14.541257067176502 ], [ 121.009331939122603, 14.541113248973261 ], [ 121.009273830757706, 14.540973788897816 ], [ 121.009204100719785, 14.540863383004648 ], [ 121.00914018151866, 14.540799463803694 ], [ 121.009129020741284, 14.540782215329216 ], [ 121.00904045016182, 14.540568643072618 ], [ 121.009035586461778, 14.54053216532526 ], [ 121.00899491060693, 14.540404326922783 ], [ 121.008913558895756, 14.540299731866071 ], [ 121.008785720493506, 14.540171893463651 ], [ 121.008773244735494, 14.540163160433167 ], [ 121.008699241208433, 14.540061383120928 ], [ 121.008318749483578, 14.5396195449012 ], [ 121.008297610228965, 14.539579188142739 ], [ 121.008280177719826, 14.539532701450582 ], [ 121.00825112353732, 14.539431011812326 ], [ 121.00823369102784, 14.539291551736653 ], [ 121.00823369102784, 14.539192767516568 ], [ 121.008219921273053, 14.539028824817137 ], [ 121.008195181613473, 14.538986413972907 ], [ 121.008159988841612, 14.538948021857436 ], [ 121.008157998155411, 14.538936718543994 ], [ 121.007999808248883, 14.538765310620363 ], [ 121.00797252468044, 14.538710743483819 ], [ 121.00796545620608, 14.538654195691208 ], [ 121.007948730838507, 14.538349793999259 ], [ 121.004742981186837, 14.537922482190254 ], [ 121.003825580354146, 14.537808053378228 ], [ 121.001418895725351, 14.537501936715159 ], [ 121.001309169657816, 14.537496663691343 ], [ 121.00083553032016, 14.537495729006139 ] ] ] ] } },
{ "type": "Feature", "properties": { "RTA_ID": "JRTA81", "TIME": 20 }, "geometry": { "type": "MultiPolygon", "coordinates": [ [ [ [ 121.030704496000112, 14.567683513000304 ], [ 121.03067890300008, 14.567372925000029 ], [ 121.030655182000146, 14.567206354 ], [ 121.030588485000067, 14.566963663000251 ], [ 121.030516613000145, 14.566774460000318 ], [ 121.030288110000129, 14.56634786300009 ], [ 121.030123483000125, 14.566020260000073 ], [ 121.029953481000234, 14.565693532000068 ], [ 121.02956397700018, 14.564931958000273 ], [ 121.029316407000124, 14.564441169000247 ], [ 121.029156222000097, 14.564127887000268 ], [ 121.028994844000067, 14.563791284000217 ], [ 121.028742091000026, 14.563283943000101 ], [ 121.028591595000194, 14.562977927000134 ], [ 121.028478463000056, 14.562739604000058 ], [ 121.028127747000212, 14.562109376000137 ], [ 121.028110875000039, 14.562075220000168 ], [ 121.027825426911249, 14.561297032907248 ], [ 121.027714253079807, 14.561036724719486 ], [ 121.027509444959151, 14.560626284042655 ], [ 121.026544987358761, 14.558800466033858 ], [ 121.026275470686187, 14.558277251545576 ], [ 121.022764116579992, 14.557256453338937 ], [ 121.022576435006954, 14.557967569000198 ], [ 121.022448438000197, 14.558424166000236 ], [ 121.022068812000043, 14.558290927000314 ], [ 121.021829062000279, 14.558233807000192 ], [ 121.021609061000277, 14.558201060000044 ], [ 121.0214533540003, 14.558199987000251 ], [ 121.021329911000294, 14.558210133000046 ], [ 121.021238596000103, 14.558228734000068 ], [ 121.021131437, 14.558268559000226 ], [ 121.021031063000237, 14.558320556000183 ], [ 121.020109692000119, 14.558912399000064 ], [ 121.019634319000147, 14.559222756999986 ], [ 121.019584819000329, 14.559283753000216 ], [ 121.019830946000184, 14.559657228000106 ], [ 121.020106199000111, 14.560003079000069 ], [ 121.020457072000113, 14.559789966000267 ], [ 121.020664074000024, 14.560125193000204 ], [ 121.020855206000192, 14.560457071000144 ], [ 121.020688762000077, 14.560563594000314 ], [ 121.02032882900005, 14.560823651000248 ], [ 121.020226954000236, 14.560924895000085 ], [ 121.020181330000014, 14.561002140000198 ], [ 121.020103831000256, 14.561168630000282 ], [ 121.020091082000022, 14.561267999000052 ], [ 121.020021385000064, 14.561718676 ], [ 121.020036735000076, 14.561925902000041 ], [ 121.020029087000125, 14.562007577000145 ], [ 121.019970838000177, 14.562212190000309 ], [ 121.019898714000078, 14.562329933 ], [ 121.020584211208984, 14.563121621901473 ], [ 121.020599349000236, 14.563131851000094 ], [ 121.02061088500011, 14.563147478999952 ], [ 121.02094984900009, 14.564017943999943 ], [ 121.021323855000333, 14.564955506999979 ], [ 121.021547233000319, 14.56551047 ], [ 121.022031290000314, 14.566725108000128 ], [ 121.022266698000067, 14.567094727000097 ], [ 121.022316508000131, 14.56722924200028 ], [ 121.022630875000118, 14.568149295000296 ], [ 121.022796253000138, 14.568619764000232 ], [ 121.022961881000128, 14.569074734000026 ], [ 121.023138259, 14.569541704000301 ], [ 121.023306137000191, 14.570005798000182 ], [ 121.025089257000332, 14.569427074000259 ], [ 121.02562075600008, 14.569266206000236 ], [ 121.026718628000367, 14.568929346000061 ], [ 121.027188877000299, 14.568789602000095 ], [ 121.027648376000229, 14.568638984000245 ], [ 121.028100000000109, 14.568519863000233 ], [ 121.0286197490002, 14.568361620000189 ], [ 121.029706496000131, 14.568006636000121 ], [ 121.030227995000246, 14.567833894000216 ], [ 121.030704496000112, 14.567683513000304 ] ] ] ] } },
{ "type": "Feature", "properties": { "RTA_ID": "JRTA82", "TIME": 20 }, "geometry": { "type": "MultiPolygon", "coordinates": [ [ [ [ 121.096425159000319, 14.645403585000281 ], [ 121.096473759000332, 14.645358167000268 ], [ 121.097204913000269, 14.645096334000186 ], [ 121.097375672000453, 14.645037210000282 ], [ 121.097489992000305, 14.645002901000169 ], [ 121.097600076000276, 14.644983031000152 ], [ 121.097718829000314, 14.644971352000312 ], [ 121.097848784000234, 14.644970596000292 ], [ 121.0981402540001, 14.64497749900022 ], [ 121.098264695000012, 14.644973112000287 ], [ 121.098341075000235, 14.644963779000307 ], [ 121.098423613000136, 14.644941879000271 ], [ 121.098802462000322, 14.644833844000345 ], [ 121.099066402000176, 14.644774439000287 ], [ 121.099352757000247, 14.644725294000239 ], [ 121.100229782000156, 14.644510182000204 ], [ 121.100366510000185, 14.644799536000164 ], [ 121.100847506000264, 14.644593842000177 ], [ 121.101427951000346, 14.644350943000234 ], [ 121.101558823000232, 14.644305001000191 ], [ 121.10186936700029, 14.644162988000232 ], [ 121.102469905000135, 14.643867836000311 ], [ 121.103028348000066, 14.643626608000261 ], [ 121.103563282000096, 14.643457476000151 ], [ 121.105348959897128, 14.642656712119162 ], [ 121.105317289776735, 14.642586615058349 ], [ 121.105129644501972, 14.642039059994147 ], [ 121.104940624927735, 14.64156562452871 ], [ 121.104791816072634, 14.641154958230629 ], [ 121.104324625480444, 14.639958719603726 ], [ 121.104096221191185, 14.639340413042532 ], [ 121.10389520459546, 14.638831404118321 ], [ 121.103595657174992, 14.637948195524757 ], [ 121.103228818773914, 14.636983242505721 ], [ 121.103136245823634, 14.636746186538687 ], [ 121.103072223409072, 14.636590456341423 ], [ 121.103051459382755, 14.636517782249257 ], [ 121.103067897570213, 14.636382816078253 ], [ 121.103068762738076, 14.636303220644152 ], [ 121.103042807705151, 14.636207187022421 ], [ 121.102977054955431, 14.635835164884327 ], [ 121.102944178580174, 14.635618007775861 ], [ 121.102956290928773, 14.635369704627863 ], [ 121.102960616767632, 14.634995086986578 ], [ 121.102941583076813, 14.634928469068825 ], [ 121.102893133682301, 14.634883480345138 ], [ 121.102852470797302, 14.634870502828676 ], [ 121.102650886708602, 14.634829839943905 ], [ 121.102550781371974, 14.634805711990907 ], [ 121.106352173000118, 14.634063432000175 ], [ 121.10653790300023, 14.634028376000288 ], [ 121.106673336071708, 14.63416196421656 ], [ 121.106817530699004, 14.634348840453356 ], [ 121.107006714049817, 14.634675297089302 ], [ 121.107110534181288, 14.634869094668147 ], [ 121.107272807700042, 14.635262021112624 ], [ 121.107336631356588, 14.635388195326072 ], [ 121.107402384106535, 14.635495476128654 ], [ 121.107488900883027, 14.635588914247023 ], [ 121.107600795913527, 14.635674277466251 ], [ 121.107803821948778, 14.635964973834575 ], [ 121.107916870536314, 14.636078022422339 ], [ 121.108117589457265, 14.636242981075839 ], [ 121.108414053610886, 14.636466771137123 ], [ 121.108493649045045, 14.636508299189757 ], [ 121.108589394277601, 14.636518681202915 ], [ 121.108675911053638, 14.636503684961667 ], [ 121.108919311584373, 14.636437932211777 ], [ 121.109108367862063, 14.6363966842423 ], [ 121.109359890182304, 14.636360092733241 ], [ 121.109573378413188, 14.636345647650273 ], [ 121.109796014917379, 14.636312194496782 ], [ 121.110100042173599, 14.636249971045459 ], [ 121.110329003538936, 14.636120044754421 ], [ 121.11061038111086, 14.635944849672001 ], [ 121.110694572748685, 14.635899103926477 ], [ 121.110788497524027, 14.635876231053828 ], [ 121.110938387839042, 14.635881097622473 ], [ 121.111114557625001, 14.635895697328465 ], [ 121.11137102579346, 14.635997408613548 ], [ 121.111568121824462, 14.63607040714362 ], [ 121.111888342042676, 14.636152165497094 ], [ 121.112082518132411, 14.636207157723163 ], [ 121.112276623286107, 14.63626821406308 ], [ 121.112343184686324, 14.63631762421636 ], [ 121.112360725878375, 14.636334859227986 ], [ 121.112516129400547, 14.636453892754503 ], [ 121.1127030056374, 14.636635415765738 ], [ 121.113002786267316, 14.637047614131802 ], [ 121.113162142055899, 14.637261750382606 ], [ 121.113184540075054, 14.637295959248718 ], [ 121.113415471290182, 14.637591696508821 ], [ 121.113534702222523, 14.637739640196173 ], [ 121.113686052508342, 14.637906076844672 ], [ 121.113753211155768, 14.637934789599683 ], [ 121.113972206745643, 14.637959122443135 ], [ 121.114271014061956, 14.638010221414049 ], [ 121.114700245418248, 14.638042827424215 ], [ 121.114850622390009, 14.638069593551847 ], [ 121.114964986753762, 14.638108039444205 ], [ 121.115242381167832, 14.638208777415741 ], [ 121.115543135111352, 14.638324115093098 ], [ 121.115608347131456, 14.638324601750071 ], [ 121.11567209918087, 14.638313408642091 ], [ 121.11583101926783, 14.638233912418286 ], [ 121.115965553271508, 14.63813821217002 ], [ 121.116072617782265, 14.638011681384683 ], [ 121.116032804000497, 14.637806844000295 ], [ 121.115993795, 14.63669787900028 ], [ 121.115965931, 14.636363517000177 ], [ 121.115865623000332, 14.635728231000201 ], [ 121.115815469000268, 14.635460742000191 ], [ 121.115447671000311, 14.634507812000209 ], [ 121.116573355000128, 14.634429794000312 ], [ 121.116829698000288, 14.634357349000254 ], [ 121.117102760000193, 14.634329486000183 ], [ 121.117097187000127, 14.634078715000328 ], [ 121.117024743000229, 14.633749926000178 ], [ 121.116941152000322, 14.633103494000181 ], [ 121.116789165000228, 14.631722173000185 ], [ 121.116376023000385, 14.631977667000172 ], [ 121.116284898310369, 14.631999570512107 ], [ 121.116109433647466, 14.632016193480126 ], [ 121.115939012015588, 14.632011576104503 ], [ 121.115443545580206, 14.631910888224411 ], [ 121.114800743612363, 14.631631822799818 ], [ 121.114209322242004, 14.631143822152467 ], [ 121.113587045516738, 14.630397791075154 ], [ 121.113245463719409, 14.629718455129989 ], [ 121.112937356240991, 14.628991141207678 ], [ 121.11279393901907, 14.628345666700739 ], [ 121.112606884539218, 14.627255696806287 ], [ 121.112271363000332, 14.627263071000186 ], [ 121.112145007000322, 14.627112648000264 ], [ 121.11143501000015, 14.627148749000298 ], [ 121.110694928000157, 14.627190868000184 ], [ 121.109443407000299, 14.627178834000233 ], [ 121.107874830849937, 14.627106068855369 ], [ 121.10792112500053, 14.626444769000159 ], [ 121.108681326000351, 14.626444877000154 ], [ 121.108677772000306, 14.626314997000236 ], [ 121.108655867000152, 14.626227165000273 ], [ 121.108594737000203, 14.626107407000291 ], [ 121.108525328000269, 14.625991085000294 ], [ 121.108461013000237, 14.625914689000183 ], [ 121.108466565000299, 14.625399619000177 ], [ 121.108455446000221, 14.625304657000356 ], [ 121.10829681000007, 14.624970774000303 ], [ 121.108049859000289, 14.624506105000364 ], [ 121.107839914000238, 14.624094998000317 ], [ 121.10779992804737, 14.623754764946852 ], [ 121.10410810500025, 14.624129585000276 ], [ 121.103035969000075, 14.624250192000204 ], [ 121.102500073000328, 14.624342217000276 ], [ 121.10232326600044, 14.624369334000278 ], [ 121.101424848000192, 14.624479295000242 ], [ 121.101185649000286, 14.624509891000287 ], [ 121.10090197, 14.624542823000183 ], [ 121.100790514000323, 14.624550941000166 ], [ 121.100484215000279, 14.624591785000348 ], [ 121.100250650000589, 14.624605242000257 ], [ 121.100070872000288, 14.624622765000197 ], [ 121.099851630000217, 14.624631831000272 ], [ 121.099284890000263, 14.624623571000313 ], [ 121.098881543000061, 14.624623916000246 ], [ 121.098884199000281, 14.624571514000309 ], [ 121.098887769000044, 14.624390836000316 ], [ 121.098879574000307, 14.624204580000196 ], [ 121.098879553000074, 14.624029277000318 ], [ 121.098858382000117, 14.62387370200031 ], [ 121.098842502000252, 14.623798500000305 ], [ 121.098704761000135, 14.623847948000162 ], [ 121.098437661000276, 14.623958815000151 ], [ 121.098018343000149, 14.624149642000248 ], [ 121.097576476000313, 14.624332260000244 ], [ 121.097495759000253, 14.624240255000188 ], [ 121.097400406000133, 14.624135568000156 ], [ 121.097276784000201, 14.624012596000284 ], [ 121.097135590000107, 14.623898470000256 ], [ 121.09703521900019, 14.623837939000282 ], [ 121.096347025000455, 14.623432064000212 ], [ 121.09612956300009, 14.623922783000239 ], [ 121.096051716000261, 14.624103756000181 ], [ 121.095971940000595, 14.624273071000232 ], [ 121.095876756000052, 14.62443531200023 ], [ 121.095837070000243, 14.624494455000274 ], [ 121.09579306400019, 14.624550458000215 ], [ 121.095744986000113, 14.624603007000189 ], [ 121.095726624000235, 14.624620947000267 ], [ 121.095718878000298, 14.62464059700028 ], [ 121.095717434000676, 14.624651093000239 ], [ 121.095719585000097, 14.624672105000229 ], [ 121.095723125000177, 14.624682090000249 ], [ 121.095344939000142, 14.624663626000313 ], [ 121.095229650000419, 14.624692647000302 ], [ 121.095180072000403, 14.62469881200019 ], [ 121.09448758200017, 14.624247955000271 ], [ 121.094375007000053, 14.624212929000237 ], [ 121.093740229000105, 14.62418245300023 ], [ 121.093447623000543, 14.624270257000205 ], [ 121.092722044947664, 14.624281015587655 ], [ 121.092028273947676, 14.624075207922658 ], [ 121.091211682244079, 14.624061930008793 ], [ 121.090478097993014, 14.624258660334533 ], [ 121.088883436928654, 14.625423182559132 ], [ 121.086953057745859, 14.62759485913989 ], [ 121.086330266228288, 14.628549044309352 ], [ 121.086313181200012, 14.629820228787423 ], [ 121.086200091360638, 14.630096378395137 ], [ 121.085875944320946, 14.630281135632913 ], [ 121.085201350279135, 14.630577010212676 ], [ 121.084751620917814, 14.630872884792439 ], [ 121.084467581321064, 14.631275274221025 ], [ 121.08433739650593, 14.631831518431056 ], [ 121.084241317000306, 14.633290890000239 ], [ 121.08407274200033, 14.633755329000167 ], [ 121.084163827000111, 14.634468480000294 ], [ 121.084627014000148, 14.63613414300022 ], [ 121.084885544000258, 14.63696493800029 ], [ 121.08501318600031, 14.637427799000307 ], [ 121.085219693000113, 14.638133498000172 ], [ 121.085326301000578, 14.63855820300023 ], [ 121.085012695000387, 14.638728301000242 ], [ 121.085115232000248, 14.639569505000225 ], [ 121.084933752000211, 14.640662410000346 ], [ 121.084736317001102, 14.641555460000291 ], [ 121.088073987001849, 14.642264324000166 ], [ 121.088789436001889, 14.642423438000208 ], [ 121.090521217249716, 14.64274133080329 ], [ 121.090520559995639, 14.642742466060326 ], [ 121.090960392970828, 14.642821947683217 ], [ 121.090820547364729, 14.643357605691278 ], [ 121.090425772748972, 14.644356878938197 ], [ 121.090105018373151, 14.644856515561685 ], [ 121.089907614036861, 14.645316185654735 ], [ 121.089831378798635, 14.645448357662872 ], [ 121.09084950700003, 14.645450542000162 ], [ 121.091074579000178, 14.645465368000373 ], [ 121.091322331000242, 14.645516164000298 ], [ 121.091642034000301, 14.645502847000159 ], [ 121.091867159000117, 14.645489554000221 ], [ 121.092494551000073, 14.645401184000207 ], [ 121.092522508000116, 14.645592053000257 ], [ 121.092530569000132, 14.645794590000207 ], [ 121.092545084000449, 14.646001623000245 ], [ 121.092990339000153, 14.645961011000225 ], [ 121.093837183000232, 14.645880289000331 ], [ 121.094620006000355, 14.645760219000294 ], [ 121.095374913, 14.645664321000197 ], [ 121.095555586000387, 14.645632264000312 ], [ 121.095786925000539, 14.645602699000278 ], [ 121.096030866000319, 14.645564038000316 ], [ 121.096145909000029, 14.645541266000237 ], [ 121.096212516000492, 14.645484210000291 ], [ 121.096425159000319, 14.645403585000281 ] ] ] ] } },
{ "type": "Feature", "properties": { "RTA_ID": "JRTA83", "TIME": 20 }, "geometry": { "type": "MultiPolygon", "coordinates": [ [ [ [ 121.111617824000177, 14.664195404000225 ], [ 121.11172534300033, 14.664166448000287 ], [ 121.111755445000313, 14.664181161000158 ], [ 121.112162701000102, 14.664314586000273 ], [ 121.112566721000235, 14.664457002000177 ], [ 121.112738950000221, 14.663899945000196 ], [ 121.112760318000255, 14.663836858000195 ], [ 121.112792373000275, 14.663758519000226 ], [ 121.112992427000449, 14.663835120000215 ], [ 121.113986310000087, 14.664166672000306 ], [ 121.113986707000208, 14.664387207000175 ], [ 121.114008635000232, 14.664535565000222 ], [ 121.114028097000073, 14.664606206000258 ], [ 121.114065627000286, 14.664655363000179 ], [ 121.114132225000162, 14.66471013700027 ], [ 121.114219583000249, 14.664743378000253 ], [ 121.114348617000132, 14.664736296000171 ], [ 121.114566835000232, 14.664695609000319 ], [ 121.114948785000138, 14.66457480600036 ], [ 121.11512483800027, 14.664528816000256 ], [ 121.11530398500031, 14.664050832000157 ], [ 121.115554412000279, 14.663160928000252 ], [ 121.115740744000277, 14.662478308000232 ], [ 121.115772831000299, 14.662515833000214 ], [ 121.115858282000204, 14.662546906000216 ], [ 121.116897272000188, 14.6629576750002 ], [ 121.117042468000136, 14.66297692000029 ], [ 121.11880212400024, 14.663002938000318 ], [ 121.11890854000012, 14.663012836000235 ], [ 121.119060431000207, 14.662973625000291 ], [ 121.119221735000224, 14.66288613800026 ], [ 121.119456857000387, 14.662722100000167 ], [ 121.119771263000189, 14.662552594000374 ], [ 121.119970842000271, 14.662465107000287 ], [ 121.120175890000269, 14.662424098000201 ], [ 121.120394607000321, 14.662422275000154 ], [ 121.120602388000293, 14.662435945000198 ], [ 121.120842977000393, 14.662501560000237 ], [ 121.12109723600031, 14.662594515000194 ], [ 121.121258540000326, 14.662635524000279 ], [ 121.121381569000278, 14.66265192800023 ], [ 121.121544585000265, 14.662652888000309 ], [ 121.122536365000087, 14.662649028000317 ], [ 121.122637460000192, 14.662649845000317 ], [ 121.123013542000308, 14.662659334000296 ], [ 121.123234506000131, 14.662700254000299 ], [ 121.123471839000217, 14.66277390800019 ], [ 121.124301292000382, 14.663081712000235 ], [ 121.124628794000273, 14.66162479500025 ], [ 121.124752431000388, 14.661197440000308 ], [ 121.124852953000186, 14.66088021600018 ], [ 121.125000237000108, 14.660583123000208 ], [ 121.125139993000175, 14.660316729000158 ], [ 121.125590757000168, 14.659609203000286 ], [ 121.12647171600031, 14.658278721000158 ], [ 121.126672770000255, 14.658331910000186 ], [ 121.126789633000271, 14.65831753200024 ], [ 121.126875674000303, 14.658262992000175 ], [ 121.127148171000272, 14.658102580000218 ], [ 121.127327542000216, 14.658064260000231 ], [ 121.127639833000103, 14.658138152000163 ], [ 121.128225995000207, 14.658364300000187 ], [ 121.129047759000173, 14.657344267000269 ], [ 121.129310001000363, 14.656997502000252 ], [ 121.129988454000113, 14.656183307000333 ], [ 121.130131813000162, 14.656006444000354 ], [ 121.13031855800034, 14.655739503000177 ], [ 121.129912784000339, 14.654818090000219 ], [ 121.129809214000261, 14.654603108000231 ], [ 121.12979342500023, 14.654552359000206 ], [ 121.1300991290002, 14.654516350000165 ], [ 121.130885859000273, 14.654551163000292 ], [ 121.131457244000217, 14.654584016000229 ], [ 121.131474812000192, 14.654506989000367 ], [ 121.131505160000188, 14.65390349500035 ], [ 121.131765300000211, 14.653770265000162 ], [ 121.13169151200043, 14.653581637000173 ], [ 121.131503450000309, 14.653049644000305 ], [ 121.131295425000189, 14.652503942000237 ], [ 121.131129828000212, 14.652058007000221 ], [ 121.13102933000016, 14.651795081000159 ], [ 121.130678927000304, 14.650396043000171 ], [ 121.130623379000326, 14.649405625000156 ], [ 121.130489644684644, 14.64828694989933 ], [ 121.130437868000172, 14.648279414000285 ], [ 121.129669917000342, 14.648059897000167 ], [ 121.129504476000307, 14.647368052000218 ], [ 121.129349577000312, 14.646229088000325 ], [ 121.129236425000045, 14.64482054600029 ], [ 121.129021556000225, 14.643495575000145 ], [ 121.128989328000216, 14.642968952000217 ], [ 121.128796838000312, 14.643026154000154 ], [ 121.128269630000204, 14.642939975000218 ], [ 121.127729608000323, 14.642621135000297 ], [ 121.12783090500011, 14.64237246900035 ], [ 121.127767847000314, 14.642353888000287 ], [ 121.127398858000333, 14.642217211000286 ], [ 121.126933793000262, 14.642023815000243 ], [ 121.126463926000156, 14.641871009000226 ], [ 121.125560246000077, 14.641529094000248 ], [ 121.125360232000048, 14.640628282000364 ], [ 121.125646188000246, 14.639844359000222 ], [ 121.125826340000231, 14.63933068100016 ], [ 121.126015592000272, 14.638803583000254 ], [ 121.125498813000149, 14.638614997000275 ], [ 121.124163444000146, 14.638164110000218 ], [ 121.123924856000258, 14.638100091000297 ], [ 121.123598722000338, 14.63804790900025 ], [ 121.123063863000311, 14.638074000000188 ], [ 121.122998637000137, 14.637878320000198 ], [ 121.123025373549467, 14.637737401681932 ], [ 121.122918419925554, 14.637741586823779 ], [ 121.122828875061941, 14.637738666882512 ], [ 121.122788482542205, 14.637725040490182 ], [ 121.122757823159645, 14.637698761019351 ], [ 121.122751009963395, 14.637659341813333 ], [ 121.122757336502787, 14.637569310292918 ], [ 121.122745656738175, 14.637510911468837 ], [ 121.122706724188902, 14.637431586399657 ], [ 121.122616692668316, 14.637322088604662 ], [ 121.122599659678031, 14.637264176437498 ], [ 121.12261231275636, 14.637202857672321 ], [ 121.122676064805887, 14.637058807239782 ], [ 121.122747603365497, 14.636914756807187 ], [ 121.122768529610653, 14.636868037748002 ], [ 121.122751983277226, 14.636828618541813 ], [ 121.122366551038795, 14.63648552545078 ], [ 121.12213587568408, 14.63638089422443 ], [ 121.121844368220877, 14.636309842321964 ], [ 121.121787916024346, 14.636307409037613 ], [ 121.121542640963639, 14.636377974283334 ], [ 121.121408810325306, 14.636464112548765 ], [ 121.12132607865783, 14.636479198911502 ], [ 121.121253566785072, 14.636453892754503 ], [ 121.12117034846051, 14.636397927214773 ], [ 121.121072043773324, 14.636242683674425 ], [ 121.121033111224051, 14.63619158470334 ], [ 121.120854508154025, 14.63604948089835 ], [ 121.120800489242015, 14.636001788525277 ], [ 121.120730897309841, 14.6357608933763 ], [ 121.120705104496096, 14.635734613905584 ], [ 121.120607286465656, 14.635708821091669 ], [ 121.120412623719062, 14.635699087954322 ], [ 121.1200179450002, 14.63572342079766 ], [ 121.119808195890755, 14.635696168013055 ], [ 121.119687991644696, 14.635659668748133 ], [ 121.11962229296762, 14.635619276228226 ], [ 121.119421303681861, 14.635562337374779 ], [ 121.119214474513683, 14.635545791041238 ], [ 121.11906750413948, 14.635565257316046 ], [ 121.118877707961701, 14.635635335904681 ], [ 121.118736090813741, 14.635712714346596 ], [ 121.118626559000063, 14.635860220000154 ], [ 121.118615065466997, 14.635982640437703 ], [ 121.118619779822438, 14.63634342164579 ], [ 121.118636812812611, 14.636699654472181 ], [ 121.118623186420336, 14.636766326462919 ], [ 121.11856478759637, 14.636830565169362 ], [ 121.118448963262495, 14.636883610767711 ], [ 121.118345305349635, 14.636904050356179 ], [ 121.118036278239174, 14.636908430267908 ], [ 121.117812416080596, 14.636914270150442 ], [ 121.11744693677349, 14.636944929532888 ], [ 121.11715883590864, 14.636959529238993 ], [ 121.117066371103988, 14.63699018862161 ], [ 121.117006025652472, 14.637044694190706 ], [ 121.116951520083376, 14.637137645652217 ], [ 121.116755397366205, 14.637302622330026 ], [ 121.116583120835344, 14.63749047188054 ], [ 121.116294046656435, 14.637814585353624 ], [ 121.116072617782265, 14.638011681384683 ], [ 121.115965553271508, 14.63813821217002 ], [ 121.11583101926783, 14.638233912418286 ], [ 121.11567209918087, 14.638313408642091 ], [ 121.115608347131456, 14.638324601750071 ], [ 121.115543135111352, 14.638324115093098 ], [ 121.115242381167832, 14.638208777415741 ], [ 121.114964986753762, 14.638108039444205 ], [ 121.114850622390009, 14.638069593551847 ], [ 121.114700245418248, 14.638042827424215 ], [ 121.114271014061956, 14.638010221414049 ], [ 121.113972206745643, 14.637959122443135 ], [ 121.113753211155768, 14.637934789599683 ], [ 121.113686052508342, 14.637906076844672 ], [ 121.113534702222523, 14.637739640196173 ], [ 121.113415471290182, 14.637591696508821 ], [ 121.113184540075054, 14.637295959248718 ], [ 121.113162142055899, 14.637261750382606 ], [ 121.113002786267316, 14.637047614131802 ], [ 121.1127030056374, 14.636635415765738 ], [ 121.112516129400547, 14.636453892754503 ], [ 121.112360725878375, 14.636334859227986 ], [ 121.112343184686324, 14.63631762421636 ], [ 121.112276623286107, 14.63626821406308 ], [ 121.112082518132411, 14.636207157723163 ], [ 121.111888342042676, 14.636152165497094 ], [ 121.111568121824462, 14.63607040714362 ], [ 121.11137102579346, 14.635997408613548 ], [ 121.111114557625001, 14.635895697328465 ], [ 121.110938387839042, 14.635881097622473 ], [ 121.110788497524027, 14.635876231053828 ], [ 121.110694572748685, 14.635899103926477 ], [ 121.11061038111086, 14.635944849672001 ], [ 121.110329003538936, 14.636120044754421 ], [ 121.110100042173599, 14.636249971045459 ], [ 121.109796014917379, 14.636312194496782 ], [ 121.109573378413188, 14.636345647650273 ], [ 121.109359890182304, 14.636360092733241 ], [ 121.109108367862063, 14.6363966842423 ], [ 121.108919311584373, 14.636437932211777 ], [ 121.108816778334926, 14.636465630767361 ], [ 121.108821181000394, 14.636558156000206 ], [ 121.108828495000466, 14.636660361000224 ], [ 121.109000985000421, 14.63730432500023 ], [ 121.109299841000279, 14.638208384000336 ], [ 121.108641142000238, 14.638602481000305 ], [ 121.108201988000133, 14.638750706000224 ], [ 121.107732044000159, 14.638887838000244 ], [ 121.108230894000258, 14.640176946000281 ], [ 121.10853599200027, 14.640992783000229 ], [ 121.107266857000127, 14.641453308000223 ], [ 121.105512470000349, 14.642070778000345 ], [ 121.105174335580159, 14.642169470025692 ], [ 121.105317289776735, 14.642586615058349 ], [ 121.105364227450309, 14.642690504557663 ], [ 121.105423417022394, 14.642780412637251 ], [ 121.105541848876214, 14.642891154110998 ], [ 121.105672585338084, 14.642952677151868 ], [ 121.105844849852701, 14.643023428648974 ], [ 121.105924829805758, 14.643058804397356 ], [ 121.105997119379026, 14.643043423637266 ], [ 121.106082852116515, 14.643007138027713 ], [ 121.106235549028156, 14.64293537525316 ], [ 121.106263438260953, 14.642909728528593 ], [ 121.106370871852619, 14.642845011830275 ], [ 121.106423166437366, 14.642792717245413 ], [ 121.106445372295411, 14.642742423384959 ], [ 121.106458542185919, 14.642640447719202 ], [ 121.106483151402131, 14.642582000830259 ], [ 121.106518048061616, 14.642552226705959 ], [ 121.106708420746827, 14.642475361369065 ], [ 121.106809223519008, 14.64249279242091 ], [ 121.106955340741365, 14.642574310450186 ], [ 121.107112224495495, 14.642726579976397 ], [ 121.107142986016243, 14.642805021853576 ], [ 121.107118376799804, 14.642920377555299 ], [ 121.10706915836704, 14.643092642069973 ], [ 121.10705685375865, 14.643221840455794 ], [ 121.107075310671007, 14.64333873423368 ], [ 121.107132219483901, 14.643474084923582 ], [ 121.107226042121397, 14.643590978701468 ], [ 121.107404458939982, 14.643764781291907 ], [ 121.107535195401965, 14.643938583882573 ], [ 121.107565956922372, 14.644103158017117 ], [ 121.10755980461829, 14.644250813315239 ], [ 121.107530581173819, 14.644376935549133 ], [ 121.107453677372632, 14.644521514695327 ], [ 121.107364468963283, 14.644669169993449 ], [ 121.107334296237696, 14.644837841658727 ], [ 121.107316776590437, 14.644877423083756 ], [ 121.107259026642282, 14.644932577528721 ], [ 121.107236964864342, 14.644973456705543 ], [ 121.107232422733546, 14.645007198248265 ], [ 121.10724150699491, 14.645092200980912 ], [ 121.107289523805889, 14.645199265491613 ], [ 121.107351167008915, 14.645315414263791 ], [ 121.107359602394695, 14.645377706342686 ], [ 121.107354411388314, 14.645428967532666 ], [ 121.107316127714626, 14.645468548957865 ], [ 121.107231915787452, 14.645525136050765 ], [ 121.107196492265984, 14.645538594032189 ], [ 121.107108775934989, 14.645653698408523 ], [ 121.10701310270565, 14.645825430660011 ], [ 121.107004018443945, 14.64586371433353 ], [ 121.107016995960521, 14.645992191746416 ], [ 121.107046195372391, 14.646337393683837 ], [ 121.10706047064059, 14.646488581750361 ], [ 121.107023276711629, 14.646672022856762 ], [ 121.106985201045291, 14.647015468918028 ], [ 121.106992338679333, 14.647083600879228 ], [ 121.10701310270565, 14.647175741246031 ], [ 121.107033847157595, 14.647246077699322 ], [ 121.10695079400034, 14.64727967600021 ], [ 121.105164541000249, 14.648056829000268 ], [ 121.104671099000143, 14.648266904000309 ], [ 121.104204161000098, 14.648476801000186 ], [ 121.104087300000288, 14.648502616000314 ], [ 121.103936136000129, 14.648573625000211 ], [ 121.103674114000228, 14.648673620000238 ], [ 121.102964931000201, 14.64897873900037 ], [ 121.102517776000241, 14.649200143000201 ], [ 121.102416288000427, 14.649263468000186 ], [ 121.102269233000243, 14.649358945000188 ], [ 121.102162512000291, 14.64946105200022 ], [ 121.102055792000442, 14.649589482000181 ], [ 121.102224197000055, 14.649674887000231 ], [ 121.102323892000186, 14.649749802000258 ], [ 121.102411116000326, 14.649829103000172 ], [ 121.102584856000249, 14.650032993000195 ], [ 121.102671802000145, 14.65014844600023 ], [ 121.102832885000112, 14.650462471000196 ], [ 121.102930551000327, 14.650676516000203 ], [ 121.103094805000524, 14.651112538000234 ], [ 121.103126694000139, 14.651215813000192 ], [ 121.103151375000039, 14.651347088000307 ], [ 121.10318009800028, 14.651645485000188 ], [ 121.103244245000269, 14.652989019000358 ], [ 121.103244745000211, 14.653106474000197 ], [ 121.103238965000173, 14.65346881700026 ], [ 121.10325815200008, 14.654172896000318 ], [ 121.103499860000284, 14.655775365000295 ], [ 121.10362231400029, 14.656518342000254 ], [ 121.103726972000231, 14.65716620600017 ], [ 121.103767255000321, 14.657367193000198 ], [ 121.103802296000254, 14.657510258000229 ], [ 121.103840992000301, 14.657603627000242 ], [ 121.104094657000473, 14.658152495000195 ], [ 121.104226895000124, 14.658426445000259 ], [ 121.104978565000238, 14.660037589000183 ], [ 121.105294563000257, 14.660736031000226 ], [ 121.105622111, 14.661413719000166 ], [ 121.105773931000272, 14.661776453000186 ], [ 121.105901775000234, 14.662022430000206 ], [ 121.106057593000287, 14.662345363000156 ], [ 121.106123147000176, 14.662486933000309 ], [ 121.106228231000159, 14.662778739000316 ], [ 121.106307893000348, 14.663025243000277 ], [ 121.106584512000268, 14.663892337000277 ], [ 121.106864654000333, 14.664808251000181 ], [ 121.106967837000525, 14.665114579000317 ], [ 121.107413007000218, 14.66499894500015 ], [ 121.107567104000282, 14.664956739000218 ], [ 121.107857085000319, 14.664874153000312 ], [ 121.10796754, 14.664847064000298 ], [ 121.108356301000299, 14.664735475000214 ], [ 121.108822300000156, 14.664593800000318 ], [ 121.10927803400034, 14.664488094000262 ], [ 121.110026014000141, 14.664413744000171 ], [ 121.11042256900032, 14.6643618840003 ], [ 121.111132529000315, 14.664260134000244 ], [ 121.111617824000177, 14.664195404000225 ] ] ] ] } },
{ "type": "Feature", "properties": { "RTA_ID": "JRTA84", "TIME": 20 }, "geometry": { "type": "MultiPolygon", "coordinates": [ [ [ [ 121.0002269359926, 14.554887262622742 ], [ 121.000515536706416, 14.555000840968091 ], [ 121.001146450792248, 14.55522129803029 ], [ 121.001475768195405, 14.555319331823796 ], [ 121.002080627183091, 14.555484466417624 ], [ 121.002226868000207, 14.555532460000052 ], [ 121.003099458000293, 14.555737975000113 ], [ 121.003977180000447, 14.556082177000178 ], [ 121.0044653690004, 14.556267203000175 ], [ 121.005694435, 14.556885741000201 ], [ 121.007348495000087, 14.557735226000261 ], [ 121.007765153000037, 14.557882338000184 ], [ 121.007998029854889, 14.557981554996047 ], [ 121.008606220088382, 14.558245675167825 ], [ 121.008958499289974, 14.558410571815443 ], [ 121.009346470407195, 14.558599738965484 ], [ 121.009743721421728, 14.558803182881377 ], [ 121.01180284749023, 14.559885207082118 ], [ 121.012124074725989, 14.559296290483076 ], [ 121.012677816000405, 14.558331481000266 ], [ 121.012935938000396, 14.557836636000275 ], [ 121.013146935000236, 14.557361290000017 ], [ 121.013187808000453, 14.557130305000214 ], [ 121.01361929400025, 14.554989563000163 ], [ 121.013820036000538, 14.553816387000268 ], [ 121.013800909000338, 14.553417787000342 ], [ 121.013650701000529, 14.55145641300021 ], [ 121.013649741000449, 14.551397928000256 ], [ 121.013619499000356, 14.55081236700039 ], [ 121.013587265000069, 14.550409355000454 ], [ 121.013587264000876, 14.550247741000419 ], [ 121.013611388000527, 14.550068127000486 ], [ 121.013664886000015, 14.549895013000366 ], [ 121.014028632000418, 14.549166057000434 ], [ 121.014377502, 14.548501222000425 ], [ 121.014544125000498, 14.548189116000344 ], [ 121.013535122000462, 14.547680779000473 ], [ 121.013345276000564, 14.547595783000361 ], [ 121.013228752000487, 14.547532957000328 ], [ 121.013181761712417, 14.547502863162833 ], [ 121.013102022401085, 14.547447820143987 ], [ 121.014074676385462, 14.545652151248476 ], [ 121.016306792582327, 14.541374967698573 ], [ 121.016833634405316, 14.540399118550056 ], [ 121.015667994084879, 14.539863855555041 ], [ 121.014440192205711, 14.539387963353647 ], [ 121.013022174834759, 14.539054026326312 ], [ 121.007943052212795, 14.538323864745166 ], [ 121.007943414491706, 14.538331912401361 ], [ 121.007947785021429, 14.538332580121107 ], [ 121.007965456206648, 14.538654195691549 ], [ 121.007972524680781, 14.53871074348416 ], [ 121.00799980824911, 14.538765310620761 ], [ 121.008157998155525, 14.538936718544335 ], [ 121.008159988841953, 14.538948021857834 ], [ 121.008195181613701, 14.538986413973078 ], [ 121.008219921273621, 14.539028824817535 ], [ 121.008233691028181, 14.539192767516909 ], [ 121.008233691028181, 14.539291551736824 ], [ 121.008251123537661, 14.539431011812667 ], [ 121.008280177720394, 14.539532701450923 ], [ 121.008297610229306, 14.539579188142909 ], [ 121.008318749483919, 14.53961954490137 ], [ 121.00869924120866, 14.54006138312127 ], [ 121.008773244735607, 14.540163160433337 ], [ 121.008785720494075, 14.540171893463821 ], [ 121.008913558895983, 14.540299731866469 ], [ 121.008994910607043, 14.540404326922953 ], [ 121.009035586462346, 14.540532165325601 ], [ 121.009040450162161, 14.540568643073016 ], [ 121.009129020741511, 14.540782215329386 ], [ 121.009140181519228, 14.540799463803864 ], [ 121.009204100720012, 14.540863383004989 ], [ 121.009273830757934, 14.540973788898157 ], [ 121.009331939122717, 14.541113248973659 ], [ 121.009366804141678, 14.541257067176673 ], [ 121.009401669160638, 14.541379094742695 ], [ 121.009442345015941, 14.541605717365371 ], [ 121.009453966688966, 14.541960178390923 ], [ 121.009477210034902, 14.542082205956888 ], [ 121.009517885890659, 14.542151935994639 ], [ 121.009570183418532, 14.542279774397286 ], [ 121.009634102620225, 14.542378558617372 ], [ 121.009668967639186, 14.542459910328148 ], [ 121.009686400148667, 14.542651667931921 ], [ 121.009663156802048, 14.542872479718199 ], [ 121.009671337689838, 14.543109617160837 ], [ 121.009687613747133, 14.543483966478448 ], [ 121.009728303890483, 14.543565346764922 ], [ 121.00971202783353, 14.543622312965397 ], [ 121.009598095432239, 14.543768797481107 ], [ 121.00949230106005, 14.543874591853523 ], [ 121.00949230106005, 14.543931558053771 ], [ 121.009451610916699, 14.544012938340302 ], [ 121.009402782744587, 14.544094318626833 ], [ 121.00932954048676, 14.544167560884603 ], [ 121.009223746114117, 14.544281493285496 ], [ 121.009085399627679, 14.544403563715377 ], [ 121.009020295397931, 14.544550048230917 ], [ 121.008824982710848, 14.544859293319462 ], [ 121.008784292567498, 14.544948811634526 ], [ 121.008751740453249, 14.545054606006715 ], [ 121.008694774252604, 14.545266194751662 ], [ 121.008629670023311, 14.545469645467847 ], [ 121.008588979880415, 14.545758545484659 ], [ 121.008564565794018, 14.545888753942904 ], [ 121.008564565794018, 14.546067790573204 ], [ 121.008580841851312, 14.546222413117505 ], [ 121.008623821838, 14.546362098072279 ], [ 121.008927664908697, 14.546761923097279 ], [ 121.00902206927924, 14.546913009659022 ], [ 121.00906912356993, 14.546954835695374 ], [ 121.009117951741928, 14.547044354010438 ], [ 121.009174917942573, 14.547166424440263 ], [ 121.009240022171753, 14.547369875156278 ], [ 121.00925118727173, 14.547504365343116 ], [ 121.009256298229047, 14.547614016015643 ], [ 121.009231884143219, 14.547687258273413 ], [ 121.009113882728002, 14.547996503361958 ], [ 121.008983674268961, 14.548330162536388 ], [ 121.008857534825097, 14.548533613252573 ], [ 121.0087924305966, 14.5486190625532 ], [ 121.00864594608106, 14.548667890725085 ], [ 121.00836518409244, 14.548741132983025 ], [ 121.00781179814453, 14.548895755527155 ], [ 121.007649037571355, 14.54895272172763 ], [ 121.007575795313414, 14.548997480885248 ], [ 121.007465931926845, 14.549160241458083 ], [ 121.007364206569378, 14.549339278088382 ], [ 121.007295033325704, 14.549477624575218 ], [ 121.007270619239307, 14.549567142890453 ], [ 121.007274688253915, 14.549677006276909 ], [ 121.007266550225381, 14.549770593606468 ], [ 121.007250274168086, 14.549892664036122 ], [ 121.007238067125058, 14.549953699250864 ], [ 121.007221791067764, 14.549998458408311 ], [ 121.007189238953515, 14.550039148551832 ], [ 121.007107858666473, 14.550087976723603 ], [ 121.007002064294625, 14.550108321795335 ], [ 121.006908476964895, 14.550112390809602 ], [ 121.006823027664041, 14.550136804895487 ], [ 121.006509713561286, 14.550250737296608 ], [ 121.006123157200591, 14.550405359840681 ], [ 121.005370389551217, 14.550751226058139 ], [ 121.003710231707487, 14.551520269765092 ], [ 121.003311468304219, 14.551695237380954 ], [ 121.002916773914421, 14.551853928939522 ], [ 121.002652287983665, 14.551931240211729 ], [ 121.002306421766662, 14.552077724727269 ], [ 121.002062280906785, 14.552228278257076 ], [ 121.001773380890313, 14.552451056791369 ], [ 121.001663517503857, 14.55253243707773 ], [ 121.001594344259843, 14.552617886378528 ], [ 121.001553654116492, 14.552699266665002 ], [ 121.001488549887995, 14.552853889209302 ], [ 121.001480411858552, 14.5529393385101 ], [ 121.001447859744303, 14.553061408939755 ], [ 121.001276961143049, 14.553590380801609 ], [ 121.001171166770519, 14.553822314617946 ], [ 121.001097924512578, 14.553968799133656 ], [ 121.001036889298007, 14.554050179420017 ], [ 121.00091888788279, 14.554160042806643 ], [ 121.000756127309501, 14.554245492107441 ], [ 121.000666608994493, 14.554318734365381 ], [ 121.000536400536248, 14.554453011837722 ], [ 121.000357363905778, 14.554689014668725 ], [ 121.000238799015165, 14.55486057082112 ], [ 121.0002269359926, 14.554887262622742 ] ] ] ] } },
{ "type": "Feature", "properties": { "RTA_ID": "JRTA89", "TIME": 20 }, "geometry": { "type": "MultiPolygon", "coordinates": [ [ [ [ 121.019548173458247, 14.553852766308921 ], [ 121.019477479000102, 14.553863932000013 ], [ 121.018304287000092, 14.554146338000123 ], [ 121.017352539000171, 14.554363330000172 ], [ 121.017187914000147, 14.554389955000147 ], [ 121.016951164000261, 14.554473826000049 ], [ 121.016803165000056, 14.554581820000124 ], [ 121.016718041000104, 14.554711187000066 ], [ 121.01665804300012, 14.554969296000195 ], [ 121.016533421000076, 14.555444391000151 ], [ 121.01653629700013, 14.555549260000021 ], [ 121.016456919, 14.55598483 ], [ 121.016257802000268, 14.55711755800013 ], [ 121.016243589302235, 14.557257933882397 ], [ 121.016236498005583, 14.557398849114463 ], [ 121.016236546279401, 14.557539942653591 ], [ 121.016243734, 14.557680853000079 ], [ 121.016256717000147, 14.557810669 ], [ 121.016268012000069, 14.557892098000082 ], [ 121.016290319196855, 14.558017898615162 ], [ 121.016318367535632, 14.558142544900647 ], [ 121.016352098091261, 14.558265774992037 ], [ 121.01639144, 14.558387330000016 ], [ 121.0157730520001, 14.558809282000141 ], [ 121.015759388000106, 14.558816293000064 ], [ 121.015744823000205, 14.558821164000051 ], [ 121.015729691000047, 14.558823785000186 ], [ 121.015622318001874, 14.558823682000252 ], [ 121.01581218807496, 14.55918520276964 ], [ 121.015913995446908, 14.559356938437304 ], [ 121.016026086391435, 14.559530730819233 ], [ 121.016279753928757, 14.559878407279655 ], [ 121.016387881496257, 14.560013789756567 ], [ 121.016813013173305, 14.560463690815197 ], [ 121.017608200007203, 14.559956598000042 ], [ 121.018678445007026, 14.559255261000146 ], [ 121.018731194007046, 14.559229512000059 ], [ 121.019834564007056, 14.558515676000013 ], [ 121.020761560007031, 14.55790145900005 ], [ 121.020900434007103, 14.557817214000124 ], [ 121.021172647007347, 14.5577079050002 ], [ 121.021323147007365, 14.557679158000042 ], [ 121.02147871900695, 14.557680849000121 ], [ 121.021656275007217, 14.557699450000314 ], [ 121.021911399007536, 14.557759309 ], [ 121.022576435006954, 14.557967569000198 ], [ 121.022764116579992, 14.557256453338937 ], [ 121.021421545770636, 14.556873031291218 ], [ 121.021252382165699, 14.556786587429542 ], [ 121.021105023298787, 14.556651681424398 ], [ 121.020237169928464, 14.555356017736756 ], [ 121.019723206351159, 14.554642179435064 ], [ 121.01964230467695, 14.55448513500869 ], [ 121.019548173458247, 14.553852766308921 ] ] ] ] } },
{ "type": "Feature", "properties": { "RTA_ID": "JRTA157", "TIME": 30 }, "geometry": { "type": "MultiPolygon", "coordinates": [ [ [ [ 121.041235538000024, 14.555815217000202 ], [ 121.041590288000066, 14.555809091000413 ], [ 121.041640663002113, 14.555820465000295 ], [ 121.041717701225707, 14.555651711270002 ], [ 121.042447972597643, 14.554436768603182 ], [ 121.042801589291912, 14.55383193192057 ], [ 121.043259490141281, 14.552426614044293 ], [ 121.043399817681234, 14.551868891463812 ], [ 121.04358402791604, 14.550959296066594 ], [ 121.043743148234398, 14.549766135937659 ], [ 121.043792046553904, 14.549433563603543 ], [ 121.044409312010657, 14.547775042325895 ], [ 121.04469435545866, 14.546886647048211 ], [ 121.045010058236471, 14.545992718837454 ], [ 121.045339527605506, 14.545041134236499 ], [ 121.045705256706469, 14.544056990471233 ], [ 121.045926910707749, 14.543398678087783 ], [ 121.0462599458466, 14.542459973393363 ], [ 121.0460460497344, 14.542217262261829 ], [ 121.046017234713872, 14.541883672990252 ], [ 121.045950184378626, 14.541830476029986 ], [ 121.045659817636988, 14.541773954259611 ], [ 121.045539016206703, 14.541728515189334 ], [ 121.045428189206405, 14.541637082913894 ], [ 121.04534229828073, 14.5414658551976 ], [ 121.045298521614995, 14.541251404951595 ], [ 121.045239229169965, 14.541120629090699 ], [ 121.045125631494557, 14.541029750950486 ], [ 121.04486740458367, 14.540851873614884 ], [ 121.044662374632139, 14.540786485684066 ], [ 121.044570388221473, 14.540809205219659 ], [ 121.044403593586139, 14.540910057789858 ], [ 121.044279467345291, 14.540933331460337 ], [ 121.044144258404572, 14.540895650279651 ], [ 121.043919833728523, 14.540724422564097 ], [ 121.043735306772533, 14.540594754973654 ], [ 121.043482067075956, 14.540480049027394 ], [ 121.043239355944934, 14.540382521267304 ], [ 121.043067574093698, 14.540326553632156 ], [ 121.042964504983388, 14.540325999496929 ], [ 121.042825971233015, 14.54040025358745 ], [ 121.042619278877169, 14.540598633918648 ], [ 121.04249792331143, 14.54066513011901 ], [ 121.042379892555573, 14.540695053408626 ], [ 121.042182620494486, 14.540688957923976 ], [ 121.042060156658408, 14.540650168473746 ], [ 121.041942680037664, 14.540595863242856 ], [ 121.041809133502738, 14.540671779738886 ], [ 121.041717147092072, 14.540716664673937 ], [ 121.041318169890928, 14.540570373033461 ], [ 121.041222858669016, 14.540568710628122 ], [ 121.041114248208714, 14.540580901598503 ], [ 121.041046089604833, 14.540571481302834 ], [ 121.040975714459023, 14.540542112148273 ], [ 121.040946899439064, 14.540492794133172 ], [ 121.040923609736183, 14.540401135442949 ], [ 121.040691559483093, 14.540363781011933 ], [ 121.040654205051737, 14.540330954390527 ], [ 121.040606663048493, 14.540268697005843 ], [ 121.04057044057015, 14.540189460334034 ], [ 121.04054893347336, 14.540101168042327 ], [ 121.040525162472022, 14.540043438467251 ], [ 121.040471960706782, 14.539984576939503 ], [ 121.040299903933715, 14.539887229028636 ], [ 121.040248689335613, 14.539883245629937 ], [ 121.040142849549966, 14.539881029090111 ], [ 121.039930615844355, 14.539898761410086 ], [ 121.039815355763039, 14.539897653139974 ], [ 121.039720598677832, 14.539858309554688 ], [ 121.039638032562834, 14.539787934409333 ], [ 121.039629166402392, 14.53970924723842 ], [ 121.039643019777941, 14.53961171947833 ], [ 121.039636924292381, 14.539503663153027 ], [ 121.03955657471738, 14.539415555687526 ], [ 121.039477333411583, 14.539338530922123 ], [ 121.039382022191376, 14.53924155729618 ], [ 121.039361519196063, 14.539158437046126 ], [ 121.039371493625936, 14.539037635615216 ], [ 121.039425489480323, 14.538955847038949 ], [ 121.039460155226493, 14.538909630430112 ], [ 121.039474008602042, 14.538802682374353 ], [ 121.039447410121625, 14.53850566601227 ], [ 121.039380079743296, 14.538255892028928 ], [ 121.039328362338097, 14.538078348363626 ], [ 121.039295552291492, 14.537946362494495 ], [ 121.039289586828545, 14.537913925289558 ], [ 121.039289481645824, 14.537882979450046 ], [ 121.039285858414132, 14.537823697661509 ], [ 121.039289481645824, 14.537798344443672 ], [ 121.039298535022908, 14.537775973957082 ], [ 121.03932537960668, 14.537727131728843 ], [ 121.039338056215342, 14.537699168620918 ], [ 121.039346631568492, 14.537674933927178 ], [ 121.039348495775585, 14.537653681965423 ], [ 121.039342254070107, 14.537627218684065 ], [ 121.039257069520545, 14.53748289437101 ], [ 121.039233133391576, 14.537452659260794 ], [ 121.039016448433586, 14.537321640448795 ], [ 121.038801928750672, 14.537115073229643 ], [ 121.038667996660024, 14.536971220243458 ], [ 121.038575874057869, 14.536892561713955 ], [ 121.038500963300066, 14.536783489845106 ], [ 121.038353995840566, 14.536614477266767 ], [ 121.038285104844022, 14.536555690283137 ], [ 121.038258466992261, 14.536518948418291 ], [ 121.038271326644804, 14.536443627595133 ], [ 121.038271326644804, 14.536392188984394 ], [ 121.038246525885825, 14.536352691479749 ], [ 121.03820886547453, 14.536326053627647 ], [ 121.038010459404632, 14.536232361872692 ], [ 121.03789012979712, 14.536197457100798 ], [ 121.03777898565636, 14.536159796689333 ], [ 121.037708142748102, 14.536139933118761 ], [ 121.037634429381683, 14.536110309990477 ], [ 121.03757311639481, 14.536071731032166 ], [ 121.037489069378921, 14.536033152073969 ], [ 121.037415356012389, 14.536002151125672 ], [ 121.037360932125125, 14.536000084395596 ], [ 121.037323730987396, 14.536023507334562 ], [ 121.037249328711027, 14.536084131411712 ], [ 121.037165970605201, 14.536145444398585 ], [ 121.037118435817547, 14.536177823166838 ], [ 121.037068145390094, 14.53618953463598 ], [ 121.037012142799881, 14.536188215308755 ], [ 121.036863966892838, 14.536156003154929 ], [ 121.036754445569841, 14.536110906139754 ], [ 121.036596606016133, 14.536025543931942 ], [ 121.036479031654608, 14.535959509017005 ], [ 121.036419439170231, 14.535948234763111 ], [ 121.035965851779906, 14.535904144377355 ], [ 121.035888542610451, 14.535859450014129 ], [ 121.035747211785974, 14.535791804491168 ], [ 121.03531113975373, 14.535617858860462 ], [ 121.035145649813785, 14.535481359859034 ], [ 121.034913722306328, 14.535269967599788 ], [ 121.034774807393546, 14.535132260642115 ], [ 121.034710785737843, 14.535034416225301 ], [ 121.034598445851316, 14.534853222860079 ], [ 121.034457115026612, 14.534632166954623 ], [ 121.034407588840054, 14.534560897564575 ], [ 121.034331487626901, 14.534517411156855 ], [ 121.034261426191961, 14.534494459997291 ], [ 121.034185777962307, 14.534464412097293 ], [ 121.034068908241579, 14.534402806353512 ], [ 121.03397468769208, 14.53436022591228 ], [ 121.033873219407269, 14.534283218732469 ], [ 121.033823391232431, 14.534232484590234 ], [ 121.033740799901125, 14.534137507216883 ], [ 121.03367492294376, 14.534057905893519 ], [ 121.033595321620282, 14.533993401372811 ], [ 121.033448470903181, 14.534024967415064 ], [ 121.033302992622566, 14.534071630259859 ], [ 121.033154769468979, 14.534130645033883 ], [ 121.032965373216712, 14.534247302145786 ], [ 121.032599265029035, 14.534463814742935 ], [ 121.032482886693174, 14.534537926319558 ], [ 121.032427303010877, 14.534555875217393 ], [ 121.032197441322978, 14.534534452339699 ], [ 121.032090326934508, 14.534521714412563 ], [ 121.032006879035976, 14.534501521902655 ], [ 121.031863577353988, 14.534476769794026 ], [ 121.031773688117255, 14.534477204041707 ], [ 121.031731484851662, 14.534480835027523 ], [ 121.031627076887617, 14.534614858688656 ], [ 121.031377184700318, 14.534907185398708 ], [ 121.031336321826871, 14.53494647662302 ], [ 121.031257739377907, 14.534948048271815 ], [ 121.031163440439059, 14.534929188484284 ], [ 121.030915119901124, 14.534850606035263 ], [ 121.030633794734058, 14.534775166884174 ], [ 121.03038390254676, 14.534729589064113 ], [ 121.030220451052742, 14.534690297839404 ], [ 121.03016544333866, 14.534660436509114 ], [ 121.030148155200095, 14.534614858688656 ], [ 121.030132954859596, 14.534512569182368 ], [ 121.030111897729512, 14.534388442941349 ], [ 121.030068675199232, 14.534340787331757 ], [ 121.03000217899887, 14.534320838471785 ], [ 121.029767225757837, 14.534480429352016 ], [ 121.02963201681689, 14.53446269703187 ], [ 121.029491266526179, 14.534412824882281 ], [ 121.02943363648626, 14.534350761761573 ], [ 121.029405230017574, 14.534276491236028 ], [ 121.02939484703586, 14.534135757380341 ], [ 121.029387089145871, 14.534078127340592 ], [ 121.029379264232716, 14.534071836724024 ], [ 121.029376323019846, 14.534061379079503 ], [ 121.02935155672867, 14.534032802589536 ], [ 121.029303929245202, 14.534028992390802 ], [ 121.02924840442472, 14.534031011475065 ], [ 121.029221956915308, 14.53403047172992 ], [ 121.029216442438042, 14.534032173729372 ], [ 121.0291991487818, 14.534032802589536 ], [ 121.029060875127016, 14.534085049637611 ], [ 121.028960023258833, 14.534097015113559 ], [ 121.028924940553907, 14.53408477696064 ], [ 121.02890004818596, 14.534025182192067 ], [ 121.02888746879546, 14.533930445964131 ], [ 121.028852420702492, 14.533701315304768 ], [ 121.028848017922087, 14.533691042150224 ], [ 121.028845145113451, 14.533673608788604 ], [ 121.02880098302046, 14.5336136807353 ], [ 121.02858802647188, 14.533414273606638 ], [ 121.028386321330686, 14.533283497746311 ], [ 121.028182399649609, 14.533205918846193 ], [ 121.027976261428648, 14.533121690325515 ], [ 121.027776772827906, 14.533062952015086 ], [ 121.027570634606718, 14.533047436235506 ], [ 121.027419909886021, 14.53300975505465 ], [ 121.027176876031831, 14.53280938377668 ], [ 121.026984223073896, 14.532660045799673 ], [ 121.026883459635769, 14.532567679319698 ], [ 121.026797062143032, 14.532454511782134 ], [ 121.026657420122092, 14.532251698371454 ], [ 121.026523319451599, 14.532113164620398 ], [ 121.026456823251237, 14.532100973650586 ], [ 121.026252901570274, 14.532136438290877 ], [ 121.025893387767724, 14.532177738998598 ], [ 121.025450679187884, 14.532208894441453 ], [ 121.025241995487477, 14.532184744169797 ], [ 121.025150858155712, 14.532183197700533 ], [ 121.025013024502414, 14.532153339408353 ], [ 121.024956322278285, 14.532103544856056 ], [ 121.02494522140023, 14.532031389146709 ], [ 121.024936125058616, 14.531924857636341 ], [ 121.024874892000184, 14.532037457000172 ], [ 121.024762893, 14.532112453000138 ], [ 121.024673268000129, 14.532176824000203 ], [ 121.024496269000338, 14.532218572000147 ], [ 121.02424989400015, 14.532205825000233 ], [ 121.023636517000114, 14.531943845000228 ], [ 121.02348164200032, 14.531917223000164 ], [ 121.023477892000415, 14.531919348000258 ], [ 121.02341889000013, 14.531643116000112 ], [ 121.023280463814217, 14.531242160039085 ], [ 121.023253091735, 14.531239570788273 ], [ 121.023220650123903, 14.531173756522435 ], [ 121.023110124904633, 14.53085555523171 ], [ 121.022952196428832, 14.530856663501595 ], [ 121.022742733398331, 14.530867746201693 ], [ 121.022649638717212, 14.530862758986814 ], [ 121.022529945556698, 14.530845580801326 ], [ 121.022499468132082, 14.530822861266643 ], [ 121.022489692675663, 14.530766676323708 ], [ 121.022460678681682, 14.530723116965817 ], [ 121.022317711850519, 14.530624480935444 ], [ 121.02218693599059, 14.530538590010167 ], [ 121.020833940119473, 14.533019062362484 ], [ 121.01917834666483, 14.536067977041796 ], [ 121.018304105896277, 14.537674394453518 ], [ 121.017703065367982, 14.53875626740421 ], [ 121.016833634404747, 14.540399118549772 ], [ 121.017384218459483, 14.540653910106869 ], [ 121.019541041347793, 14.542067102950682 ], [ 121.02005039868493, 14.542476781929622 ], [ 121.020052827751783, 14.542477381046467 ], [ 121.025168311481252, 14.546625149833744 ], [ 121.026138283400542, 14.547481212237301 ], [ 121.026136052534412, 14.547483823963603 ], [ 121.027619726859143, 14.548728792133033 ], [ 121.029476098400778, 14.550277898813647 ], [ 121.033352118629637, 14.553625370837324 ], [ 121.034911164719347, 14.554933837897522 ], [ 121.03701589788011, 14.556710615885891 ], [ 121.037212768000131, 14.556618029999925 ], [ 121.038231917000189, 14.556245458000376 ], [ 121.038285792000124, 14.556212460000154 ], [ 121.039093665, 14.556006968000361 ], [ 121.039823914000181, 14.555878472000018 ], [ 121.040454413000134, 14.555839470999899 ], [ 121.041235538000024, 14.555815217000202 ] ] ] ] } },
{ "type": "Feature", "properties": { "RTA_ID": "JRTA4", "TIME": 30 }, "geometry": { "type": "MultiPolygon", "coordinates": [ [ [ [ 121.089901561000261, 14.562679109000101 ], [ 121.090314059000093, 14.56235537699996 ], [ 121.090439934000301, 14.562471994000305 ], [ 121.090551685000037, 14.562601235000102 ], [ 121.090875560000086, 14.562589484000057 ], [ 121.09129656000016, 14.562569357000086 ], [ 121.091758684000183, 14.562518982000086 ], [ 121.092171934000248, 14.562468107999962 ], [ 121.092836433000116, 14.562404858000264 ], [ 121.094092432000025, 14.562250610000092 ], [ 121.094137054000157, 14.561882259000072 ], [ 121.094319176000113, 14.561480783000263 ], [ 121.094401675000086, 14.561316918000102 ], [ 121.094533799000033, 14.561065808000308 ], [ 121.095038167000212, 14.560038746000089 ], [ 121.095570538000061, 14.559421407000229 ], [ 121.095936910000205, 14.559033054000167 ], [ 121.09633178200022, 14.558539333000056 ], [ 121.096475155000235, 14.558343345000196 ], [ 121.09655552900017, 14.55813885699996 ], [ 121.097099331000209, 14.556938779 ], [ 121.097218761000136, 14.556690489999937 ], [ 121.097532177000289, 14.556012266000153 ], [ 121.097556707000194, 14.555951635000042 ], [ 121.097574739000265, 14.555888764000088 ], [ 121.097586073000116, 14.555824348000044 ], [ 121.097590583000169, 14.55575909800001 ], [ 121.097588220000034, 14.55569373600008 ], [ 121.097581726000044, 14.555648081000299 ], [ 121.097480849000135, 14.555433005000282 ], [ 121.097263008000141, 14.554882311000028 ], [ 121.096950128, 14.554075364000141 ], [ 121.096883626000022, 14.553849004000028 ], [ 121.096871375000319, 14.553628268000068 ], [ 121.096906374000127, 14.553466028 ], [ 121.097083497000085, 14.553201669000032 ], [ 121.097205746000213, 14.553076176000218 ], [ 121.097527619000061, 14.552787817000251 ], [ 121.097913992000031, 14.552538831000106 ], [ 121.098764364000203, 14.551997985000128 ], [ 121.101431852000132, 14.550310701000285 ], [ 121.101856099000088, 14.550031467000281 ], [ 121.1028023450001, 14.549469622000061 ], [ 121.103469718000156, 14.549058519000255 ], [ 121.10381784100025, 14.548853530000258 ], [ 121.103950966000184, 14.548789533000047 ], [ 121.104068090000055, 14.54871353700031 ], [ 121.104178073000071, 14.548563333000118 ], [ 121.104214710000178, 14.548518901000193 ], [ 121.10424864200013, 14.548472371000059 ], [ 121.104279751000263, 14.548423908000075 ], [ 121.10431678000009, 14.548356308 ], [ 121.104348320000213, 14.54828598 ], [ 121.104374169000266, 14.548213367000301 ], [ 121.104394165000144, 14.548138928000128 ], [ 121.104408180000178, 14.548063136000223 ], [ 121.104416127000036, 14.547986470000126 ], [ 121.104417954000269, 14.547909415000049 ], [ 121.104413651000186, 14.54783245800013 ], [ 121.104403244000082, 14.547756086999982 ], [ 121.104386800000157, 14.547680785000296 ], [ 121.103364084000077, 14.546354015000304 ], [ 121.103374119510477, 14.546255086354222 ], [ 121.102047236513044, 14.546123826439441 ], [ 121.101142352445095, 14.546006618646118 ], [ 121.100240554444781, 14.545868651141348 ], [ 121.099342377467337, 14.545710018684815 ], [ 121.098448280736079, 14.545530725075196 ], [ 121.09755879842055, 14.545330955433258 ], [ 121.096674388182009, 14.545110894265406 ], [ 121.095795586494773, 14.544870455662874 ], [ 121.09514477098503, 14.544669564765343 ], [ 121.094979192422898, 14.544874061148562 ], [ 121.094522850174371, 14.545511687783232 ], [ 121.094209109709254, 14.547879303484251 ], [ 121.093278807050524, 14.551203904713759 ], [ 121.092651859011312, 14.552537243107452 ], [ 121.092427853032518, 14.552786376030781 ], [ 121.092039986636109, 14.552762406724412 ], [ 121.092417377019387, 14.553611639821042 ], [ 121.092761513117011, 14.554119178670419 ], [ 121.093031375236819, 14.554376661793754 ], [ 121.093330896764769, 14.554544967694369 ], [ 121.092396139000243, 14.555513175000158 ], [ 121.091201147000106, 14.556737979000047 ], [ 121.090851400000247, 14.557153580000261 ], [ 121.090439654000079, 14.557692298000063 ], [ 121.090242281000201, 14.557980906000125 ], [ 121.090149908000285, 14.558310760000268 ], [ 121.089999286000079, 14.558791356000086 ], [ 121.089799165000159, 14.55937157000028 ], [ 121.089524669000184, 14.5600425290001 ], [ 121.089400672000124, 14.560442879 ], [ 121.089171677000081, 14.561167584000202 ], [ 121.089142303000131, 14.561389695 ], [ 121.089185804000067, 14.561574309000036 ], [ 121.089328681000097, 14.561825042000237 ], [ 121.089570433000063, 14.56216214400024 ], [ 121.089901561000261, 14.562679109000101 ] ] ] ] } },
{ "type": "Feature", "properties": { "RTA_ID": "JRTA18", "TIME": 30 }, "geometry": { "type": "MultiPolygon", "coordinates": [ [ [ [ 120.978783015286126, 14.517915648744292 ], [ 120.990594433335104, 14.517185440034098 ], [ 120.99176048581478, 14.517396845140468 ], [ 120.992396878798559, 14.517501533163681 ], [ 120.992768796775863, 14.517500155689731 ], [ 120.993333736903651, 14.517470872000843 ], [ 120.993161281424022, 14.516103259942042 ], [ 120.992989983261509, 14.514662340103314 ], [ 120.992597005123343, 14.512526151250825 ], [ 120.992073034272948, 14.510133015154793 ], [ 120.990806880590299, 14.505133793227856 ], [ 120.990010334290446, 14.502601717478967 ], [ 120.988444591378538, 14.503092556258196 ], [ 120.984568850319988, 14.504313348949324 ], [ 120.983092497097346, 14.504587975510447 ], [ 120.979697412885002, 14.505598866214029 ], [ 120.978221144125314, 14.506014675259735 ], [ 120.976481645307331, 14.506754722909761 ], [ 120.974116496107968, 14.507880110904978 ], [ 120.974623865987041, 14.50878417599904 ], [ 120.976035277538244, 14.511450690070262 ], [ 120.97726743511987, 14.513754803232587 ], [ 120.978354629215914, 14.515448535967096 ], [ 120.97860256814522, 14.516421283049795 ], [ 120.978705602360151, 14.517355828824805 ], [ 120.978783015286126, 14.517915648744292 ] ] ] ] } },
{ "type": "Feature", "properties": { "RTA_ID": "JRTA99", "TIME": 20 }, "geometry": { "type": "MultiPolygon", "coordinates": [ [ [ [ 120.981286905594061, 14.598377944415233 ], [ 120.981005697952924, 14.59801151369868 ], [ 120.980880917423292, 14.597685697871555 ], [ 120.980728407887341, 14.596590402112611 ], [ 120.980763069145382, 14.594559252382226 ], [ 120.979936895399078, 14.592236965050745 ], [ 120.97981009937007, 14.592386731374688 ], [ 120.979622678000055, 14.592536076000101 ], [ 120.979455997000059, 14.592746932000125 ], [ 120.979190308000057, 14.593045194000126 ], [ 120.97905265500026, 14.593184075000124 ], [ 120.978604832000087, 14.593622803000187 ], [ 120.978419306000205, 14.593814117000022 ], [ 120.978195834000189, 14.59414273300024 ], [ 120.978035817000205, 14.594460143000219 ], [ 120.977933932497535, 14.594745184851149 ], [ 120.977636210498531, 14.595237549085653 ], [ 120.977321500493758, 14.595788363577128 ], [ 120.974698438734663, 14.595179734224303 ], [ 120.970572440917522, 14.595741900767507 ], [ 120.970476607000023, 14.596536881000077 ], [ 120.970543233000171, 14.596706495999968 ], [ 120.970539478000092, 14.596792265999966 ], [ 120.970486125000093, 14.597043868000185 ], [ 120.97044745300002, 14.597120441000243 ], [ 120.97029340500012, 14.597349476999966 ], [ 120.970244300000218, 14.597432173000072 ], [ 120.969897575, 14.597893605000252 ], [ 120.969837130000087, 14.597965363000128 ], [ 120.969509511000069, 14.598476850999987 ], [ 120.969128021000301, 14.599024632000123 ], [ 120.968698940000081, 14.599611844000037 ], [ 120.969181903000162, 14.60000643300009 ], [ 120.969594476000111, 14.600360648 ], [ 120.969967982000071, 14.600716350000141 ], [ 120.970581015000107, 14.601281027000027 ], [ 120.970844004000128, 14.60153367900017 ], [ 120.971120312000039, 14.601735238999936 ], [ 120.971503727000027, 14.601994355999977 ], [ 120.970912466000073, 14.602601399000037 ], [ 120.971057328781058, 14.602767519541544 ], [ 120.971075709663637, 14.602768870625596 ], [ 120.971164761000068, 14.602768123000146 ], [ 120.971217985629096, 14.602779328599468 ], [ 120.971279492837425, 14.602814195459075 ], [ 120.971358863922774, 14.602987087500026 ], [ 120.971161282026173, 14.603155131528865 ], [ 120.971081478466544, 14.603240664176496 ], [ 120.971581260000335, 14.603559837000091 ], [ 120.972664973000064, 14.603926027000227 ], [ 120.973073211000042, 14.604082376000122 ], [ 120.97313998900006, 14.604646779000177 ], [ 120.973826372000076, 14.604529891000084 ], [ 120.974238355000011, 14.604472032 ], [ 120.974356015000012, 14.604449550000083 ], [ 120.974451363000071, 14.604425102999926 ], [ 120.974532040000099, 14.604705889000059 ], [ 120.97486011400008, 14.604572306000136 ], [ 120.976457621, 14.604010010000138 ], [ 120.977090185000066, 14.603797340000142 ], [ 120.977597903000174, 14.60364902300023 ], [ 120.979068865000045, 14.603212697000174 ], [ 120.979791915000192, 14.602983956000173 ], [ 120.980359101000204, 14.602799136000158 ], [ 120.98075781600005, 14.602541425000027 ], [ 120.981914250000159, 14.602362576000075 ], [ 120.98198961404546, 14.602357444548034 ], [ 120.981912867823326, 14.601890923537042 ], [ 120.981783306481589, 14.601188413150453 ], [ 120.981656624280618, 14.600341945717616 ], [ 120.981568810482486, 14.599843854337053 ], [ 120.981286905594061, 14.598377944415233 ] ] ] ] } },
{ "type": "Feature", "properties": { "RTA_ID": "JRTA40", "TIME": 30 }, "geometry": { "type": "MultiPolygon", "coordinates": [ [ [ [ 121.055342656000903, 14.610911024000018 ], [ 121.055131293286195, 14.610840181318622 ], [ 121.05405037065816, 14.613250379176634 ], [ 121.053883707992441, 14.613612592703362 ], [ 121.054038522000042, 14.613689825 ], [ 121.054655766, 14.613961501000119 ], [ 121.055201578000037, 14.614209100000096 ], [ 121.055841667000323, 14.614470985000139 ], [ 121.056421422000085, 14.614731402000132 ], [ 121.057030572000031, 14.614990888000079 ], [ 121.057634116000031, 14.615236547000109 ], [ 121.058089453000321, 14.615431947000104 ], [ 121.059394088000204, 14.615935177000154 ], [ 121.060345376000214, 14.616326277000042 ], [ 121.06111082200016, 14.616625549000105 ], [ 121.061690637000083, 14.616841606000094 ], [ 121.062193296000146, 14.617031020000127 ], [ 121.062748255000315, 14.617232263 ], [ 121.064407330571612, 14.617889786492185 ], [ 121.064759176004486, 14.617077541000185 ], [ 121.065206910004008, 14.616091125000082 ], [ 121.065571621004096, 14.615277978000051 ], [ 121.066333727002643, 14.613564045000089 ], [ 121.065389323000886, 14.613355816000194 ], [ 121.064534234000575, 14.613131479000174 ], [ 121.063650096000629, 14.612915445000056 ], [ 121.062739967000539, 14.61268843300013 ], [ 121.061952245000498, 14.61251310900019 ], [ 121.061083821000807, 14.612301998000191 ], [ 121.060176473000865, 14.612092561 ], [ 121.059684622000759, 14.611973244000183 ], [ 121.059171933000584, 14.611851925000167 ], [ 121.058530858000722, 14.611704718000169 ], [ 121.057882687000415, 14.611547052000105 ], [ 121.057274218000657, 14.611386412000115 ], [ 121.056629233000649, 14.611229238000078 ], [ 121.055996224000637, 14.611081221000177 ], [ 121.055342656000903, 14.610911024000018 ] ] ] ] } },
{ "type": "Feature", "properties": { "RTA_ID": "JRTA79", "TIME": 30 }, "geometry": { "type": "MultiPolygon", "coordinates": [ [ [ [ 121.043766929718572, 14.593843274579399 ], [ 121.044699246999471, 14.592069764336031 ], [ 121.04493058558171, 14.591857268582373 ], [ 121.045086637923873, 14.591508710473079 ], [ 121.045204093319057, 14.591331375731897 ], [ 121.045197857861922, 14.591250064542805 ], [ 121.045173161171988, 14.591159569991248 ], [ 121.045176096552723, 14.591089621563924 ], [ 121.045238831639722, 14.591072089323177 ], [ 121.04544240339419, 14.591116680494281 ], [ 121.045649249177359, 14.591052953577559 ], [ 121.045982600712023, 14.590836796118367 ], [ 121.046124353720984, 14.590795095845408 ], [ 121.046432310277851, 14.590567439124243 ], [ 121.046693181933506, 14.59041868570381 ], [ 121.046862834059084, 14.590151955287354 ], [ 121.046905649432915, 14.589502241012269 ], [ 121.047027438821033, 14.589358799232059 ], [ 121.047119246620468, 14.589298563544162 ], [ 121.047196785513506, 14.589288501395686 ], [ 121.047265218494204, 14.589285459720713 ], [ 121.047331512316191, 14.589273365038309 ], [ 121.047392609673921, 14.589243156684802 ], [ 121.04744698032664, 14.589194821864908 ], [ 121.0474869412717, 14.589131910371123 ], [ 121.04749894205554, 14.589055212404048 ], [ 121.047485151378737, 14.588979111911726 ], [ 121.047473067054966, 14.588900405510117 ], [ 121.047473069833018, 14.588804633503798 ], [ 121.047480368207175, 14.588697176879577 ], [ 121.047513530658989, 14.588624269908109 ], [ 121.047579574570136, 14.588562389651258 ], [ 121.047638762058114, 14.588523130136707 ], [ 121.047702484433671, 14.588490233091079 ], [ 121.047752069870285, 14.588472577492666 ], [ 121.047794539773577, 14.588454862390051 ], [ 121.047830094951223, 14.588431668406429 ], [ 121.047841839261991, 14.58841008236044 ], [ 121.047839462318393, 14.588358562421888 ], [ 121.04778508975221, 14.588302993716127 ], [ 121.047705128997222, 14.588233658404079 ], [ 121.047667437571818, 14.58819539583925 ], [ 121.047650838391405, 14.588142763124154 ], [ 121.047643698741354, 14.58810204548314 ], [ 121.047612988907758, 14.588052999171111 ], [ 121.047591995970151, 14.588004034105666 ], [ 121.047594340540968, 14.587972430866159 ], [ 121.047641400518387, 14.58786801721493 ], [ 121.047653273688752, 14.587805774309516 ], [ 121.047587135119215, 14.587704841354366 ], [ 121.047566065699812, 14.587655875650341 ], [ 121.047504284079764, 14.587381205914483 ], [ 121.046502591000262, 14.587247971000181 ], [ 121.046370965000165, 14.587182726000037 ], [ 121.044734274000234, 14.586068398999942 ], [ 121.044552657000168, 14.585893461000239 ], [ 121.044490708000126, 14.58592344300024 ], [ 121.043536587000176, 14.58649466199995 ], [ 121.043401463000123, 14.586564034000219 ], [ 121.04322246300012, 14.586609532000239 ], [ 121.042978963000223, 14.586629282000274 ], [ 121.041751212000122, 14.586335183000187 ], [ 121.041694962000292, 14.586300436000045 ], [ 121.041523962000156, 14.586384182000245 ], [ 121.041211964000126, 14.586602920000189 ], [ 121.039782846000321, 14.587641737000297 ], [ 121.038844000000267, 14.587633822000271 ], [ 121.038559324000175, 14.58764112200015 ], [ 121.038260049000201, 14.587677619000203 ], [ 121.037937318000218, 14.587695596000231 ], [ 121.037782557000128, 14.588115955000433 ], [ 121.037500913000258, 14.588787125000181 ], [ 121.037369524000155, 14.589057203000152 ], [ 121.037173865758632, 14.589429160107784 ], [ 121.037091339000312, 14.589646860000187 ], [ 121.036600242000191, 14.590761558000224 ], [ 121.036538618000122, 14.590817930000071 ], [ 121.036372244000177, 14.590939548000222 ], [ 121.035718121000173, 14.591230284000119 ], [ 121.036951749000309, 14.591800115000069 ], [ 121.037315750000062, 14.591958602000318 ], [ 121.037445250000133, 14.592003099000181 ], [ 121.037846876000231, 14.592108590000294 ], [ 121.038206876000118, 14.592190207000215 ], [ 121.03835650100018, 14.592189706000056 ], [ 121.039004966000221, 14.59217771800013 ], [ 121.041349630000127, 14.59301001100016 ], [ 121.042000506000136, 14.59324411700004 ], [ 121.042564507000179, 14.593429602000185 ], [ 121.042599632000133, 14.593432601000131 ], [ 121.043077883000137, 14.59354334100027 ], [ 121.043271508000089, 14.593598212000074 ], [ 121.043766929718572, 14.593843274579399 ] ] ] ] } },
{ "type": "Feature", "properties": { "RTA_ID": "JRTA79", "TIME": 30 }, "geometry": { "type": "MultiPolygon", "coordinates": [ [ [ [ 121.017606708000017, 14.587852657000212 ], [ 121.017690938000214, 14.587539466000123 ], [ 121.018148498000073, 14.587594411000168 ], [ 121.019903654000132, 14.587546177000263 ], [ 121.020352856000045, 14.58707113000014 ], [ 121.020427687000051, 14.586985705000245 ], [ 121.019861008810949, 14.58647739180833 ], [ 121.019614972560817, 14.586761619434867 ], [ 121.019116037821277, 14.586947663824333 ], [ 121.018220513279175, 14.586792976124173 ], [ 121.01456111453399, 14.585871135636523 ], [ 121.013061994765962, 14.58469956436204 ], [ 121.012660811040746, 14.583883187407707 ], [ 121.010971517710686, 14.582130486864457 ], [ 121.010431787996481, 14.581918267610206 ], [ 121.008902846228807, 14.582086841434602 ], [ 121.008100153008058, 14.582477895249156 ], [ 121.007279017766677, 14.583915121422251 ], [ 121.006920295646523, 14.585287173202175 ], [ 121.007280355960916, 14.586734475781327 ], [ 121.008399305463968, 14.587721237982691 ], [ 121.009401943830085, 14.587816251952177 ], [ 121.010839070105931, 14.587975587899621 ], [ 121.012411912260063, 14.588853805405108 ], [ 121.014244460328541, 14.590083495697456 ], [ 121.014828468111318, 14.589149083244592 ], [ 121.015141458043104, 14.588781320074816 ], [ 121.015650066682042, 14.588546577626232 ], [ 121.016380367274678, 14.588435348822316 ], [ 121.017567130013049, 14.5884057321569 ], [ 121.017606708000017, 14.587852657000212 ] ] ] ] } },
{ "type": "Feature", "properties": { "RTA_ID": "JRTA79", "TIME": 30 }, "geometry": { "type": "MultiPolygon", "coordinates": [ [ [ [ 121.036426953918976, 14.580531251454772 ], [ 121.034720093189094, 14.580627761827941 ], [ 121.033897430000025, 14.58092382600006 ], [ 121.032864938000216, 14.581997889000206 ], [ 121.032718688000159, 14.58209688300002 ], [ 121.031592320000073, 14.582990208000126 ], [ 121.031334067000103, 14.582653606000179 ], [ 121.031285567000168, 14.58260348500005 ], [ 121.03105994100008, 14.582445246000191 ], [ 121.030967066000017, 14.582356877000052 ], [ 121.030926565000073, 14.582306881000193 ], [ 121.030719063000333, 14.581939155000157 ], [ 121.029504424000152, 14.579688681000107 ], [ 121.028642540000078, 14.578169533000164 ], [ 121.028615164000257, 14.57812403600002 ], [ 121.028552789000173, 14.57805666600018 ], [ 121.028469913000094, 14.577954798000064 ], [ 121.028386037000018, 14.577802183000131 ], [ 121.02828541100007, 14.577598947000013 ], [ 121.028207535000206, 14.57738683600013 ], [ 121.028152159000228, 14.577228221000098 ], [ 121.028116783000314, 14.577059857 ], [ 121.028103657000088, 14.576921491000121 ], [ 121.028131154000221, 14.576394024000081 ], [ 121.028109143450394, 14.576312783220711 ], [ 121.028094082090277, 14.576229972086388 ], [ 121.028086077827325, 14.576146183899207 ], [ 121.028085188008234, 14.576062018961387 ], [ 121.028091419008135, 14.575978080274378 ], [ 121.028104726184893, 14.575894969218657 ], [ 121.028125014198977, 14.575813281245116 ], [ 121.028152137696466, 14.575733601608947 ], [ 121.028185902350501, 14.575656501176564 ], [ 121.028226066253524, 14.575582532335622 ], [ 121.028272341650421, 14.575512225037428 ], [ 121.028324397000119, 14.575446083000088 ], [ 121.028109397000094, 14.575361090000058 ], [ 121.02788152100004, 14.575254723000057 ], [ 121.027326406000043, 14.576666512000088 ], [ 121.02670864900017, 14.575598459000048 ], [ 121.026214893000201, 14.574671521000084 ], [ 121.025979879858255, 14.574173678639511 ], [ 121.025246242673688, 14.574744155403835 ], [ 121.022147774680889, 14.576690831026667 ], [ 121.017746137372569, 14.579445967022821 ], [ 121.017289259390509, 14.579807644427092 ], [ 121.017136919208156, 14.580987943306013 ], [ 121.018061174822947, 14.582093534866715 ], [ 121.019388140716387, 14.583420552836742 ], [ 121.020235531601998, 14.585115344268331 ], [ 121.021269210000014, 14.584773658000074 ], [ 121.02218008300008, 14.584501419000219 ], [ 121.023623972000109, 14.5840750830003 ], [ 121.023850021000271, 14.584134565000056 ], [ 121.024052275000145, 14.584170253000025 ], [ 121.025254830000222, 14.584193670000047 ], [ 121.024803826000038, 14.583607960000279 ], [ 121.024780201000112, 14.58353821500009 ], [ 121.024770575000048, 14.583466595000061 ], [ 121.024784575000126, 14.583348352000144 ], [ 121.024903196000082, 14.58284925800001 ], [ 121.025854447000029, 14.583055739000145 ], [ 121.026717448000113, 14.583251221000012 ], [ 121.027042074000178, 14.58340046 ], [ 121.027272575000097, 14.583534825000186 ], [ 121.027893452000058, 14.583879799000101 ], [ 121.028496204000021, 14.584207525000238 ], [ 121.028552454000078, 14.584243272000265 ], [ 121.031145212000183, 14.585699288000114 ], [ 121.031830964000051, 14.586064636 ], [ 121.032000840000251, 14.586135755000271 ], [ 121.032268715000328, 14.586277120000318 ], [ 121.033043842000097, 14.586589095000136 ], [ 121.033441842000116, 14.586670213000104 ], [ 121.033784468000022, 14.58672370700009 ], [ 121.03523396900016, 14.586989931000232 ], [ 121.035311219000164, 14.587080925000123 ], [ 121.035381719000156, 14.587009179000233 ], [ 121.036211091000041, 14.586615824000091 ], [ 121.036314466000135, 14.586568827000065 ], [ 121.03662584000017, 14.586434958000041 ], [ 121.03702721500008, 14.586463579000053 ], [ 121.037068090000162, 14.586474828 ], [ 121.037147340000161, 14.586557696999989 ], [ 121.037937318000104, 14.587695595999946 ], [ 121.037965369800077, 14.587565885296783 ], [ 121.037981494008932, 14.58741990362023 ], [ 121.037988404384464, 14.587209425108313 ], [ 121.037973431904675, 14.586994339679507 ], [ 121.037948093862269, 14.586818700975925 ], [ 121.0379319696533, 14.586726562639683 ], [ 121.037883597026848, 14.586533072133761 ], [ 121.037678401383801, 14.585740600372674 ], [ 121.036723640409491, 14.58152719868076 ], [ 121.036592576760313, 14.581127583044349 ], [ 121.036459195934299, 14.580627868574368 ], [ 121.036426953918976, 14.580531251454772 ] ] ] ] } },
{ "type": "Feature", "properties": { "RTA_ID": "JRTA81", "TIME": 30 }, "geometry": { "type": "MultiPolygon", "coordinates": [ [ [ [ 121.023306137000191, 14.570005798000182 ], [ 121.023138259, 14.569541704000301 ], [ 121.022961881000128, 14.569074734000026 ], [ 121.022796253000138, 14.568619764000232 ], [ 121.022630875000118, 14.568149295000296 ], [ 121.022316508000131, 14.56722924200028 ], [ 121.022266698000067, 14.567094727000097 ], [ 121.022031290000314, 14.566725108000128 ], [ 121.021547233000319, 14.56551047 ], [ 121.021323855000333, 14.564955506999979 ], [ 121.02094984900009, 14.564017943999943 ], [ 121.02061088500011, 14.563147478999952 ], [ 121.020599349000236, 14.563131851000094 ], [ 121.020584211208984, 14.563121621901473 ], [ 121.019898714000078, 14.562329933 ], [ 121.019970838000177, 14.562212190000309 ], [ 121.020029087000125, 14.562007577000145 ], [ 121.020036735000076, 14.561925902000041 ], [ 121.020021385000064, 14.561718676 ], [ 121.020091082000022, 14.561267999000052 ], [ 121.020103831000256, 14.561168630000282 ], [ 121.020181330000014, 14.561002140000198 ], [ 121.020226954000236, 14.560924895000085 ], [ 121.02032882900005, 14.560823651000248 ], [ 121.020688762000077, 14.560563594000314 ], [ 121.020855206000192, 14.560457071000144 ], [ 121.020664074000024, 14.560125193000204 ], [ 121.020457072000113, 14.559789966000267 ], [ 121.020106199000111, 14.560003079000069 ], [ 121.019830946000184, 14.559657228000106 ], [ 121.019584819000329, 14.559283753000216 ], [ 121.019634319000147, 14.559222756999986 ], [ 121.020109692000119, 14.558912399000064 ], [ 121.021031063000237, 14.558320556000183 ], [ 121.021131437, 14.558268559000226 ], [ 121.021238596000103, 14.558228734000068 ], [ 121.021329911000294, 14.558210133000046 ], [ 121.0214533540003, 14.558199987000251 ], [ 121.021609061000277, 14.558201060000044 ], [ 121.021829062000279, 14.558233807000192 ], [ 121.022068812000043, 14.558290927000314 ], [ 121.022448438000197, 14.558424166000236 ], [ 121.022576435006954, 14.557967569000198 ], [ 121.021911399007536, 14.557759309 ], [ 121.021656275007217, 14.557699450000314 ], [ 121.02147871900695, 14.557680849000121 ], [ 121.021323147007365, 14.557679158000042 ], [ 121.021172647007347, 14.5577079050002 ], [ 121.020900434007103, 14.557817214000124 ], [ 121.020761560007031, 14.55790145900005 ], [ 121.019834564007056, 14.558515676000013 ], [ 121.018731194007046, 14.559229512000059 ], [ 121.018678445007026, 14.559255261000146 ], [ 121.017608200007203, 14.559956598000042 ], [ 121.016813013173305, 14.560463690815197 ], [ 121.017141695637292, 14.560815298597731 ], [ 121.017185953612056, 14.560828147687175 ], [ 121.017119058429785, 14.561445871945978 ], [ 121.01708184600011, 14.561442374000194 ], [ 121.016391093000379, 14.561350274000233 ], [ 121.015961291000167, 14.561288874000127 ], [ 121.015553878415062, 14.561200695679474 ], [ 121.01552684267449, 14.561301012505965 ], [ 121.015465506219471, 14.561644821850336 ], [ 121.015438676321878, 14.56184604608336 ], [ 121.01545477426032, 14.562125077020369 ], [ 121.015750877079086, 14.562923495980101 ], [ 121.016145397838045, 14.563838904863019 ], [ 121.016197513000179, 14.563827257000071 ], [ 121.016381535002438, 14.564300954000089 ], [ 121.017148976002431, 14.566456730000311 ], [ 121.017878317002328, 14.568357310000181 ], [ 121.018008630001077, 14.568674915000258 ], [ 121.018327635000219, 14.569486487000063 ], [ 121.018484513000089, 14.569903459000102 ], [ 121.018640171000129, 14.570287584000198 ], [ 121.01871651700219, 14.570484671000258 ], [ 121.018815313002165, 14.570755669000107 ], [ 121.018998771001407, 14.57117750000009 ], [ 121.019662895000238, 14.571035880000125 ], [ 121.019843270000138, 14.571003881000252 ], [ 121.020468768000342, 14.57085926100018 ], [ 121.020833267000398, 14.570762015000128 ], [ 121.021121517000438, 14.570675894000203 ], [ 121.022172389000048, 14.570369407000157 ], [ 121.023306137000191, 14.570005798000182 ] ] ] ] } },
{ "type": "Feature", "properties": { "RTA_ID": "JRTA206", "TIME": 45 }, "geometry": { "type": "MultiPolygon", "coordinates": [ [ [ [ 120.95791073588623, 14.633944264184152 ], [ 120.958295902000145, 14.6328175270001 ], [ 120.958910239000033, 14.631083441000158 ], [ 120.959374069000091, 14.629694992999987 ], [ 120.95940608, 14.629561470000056 ], [ 120.959493489214424, 14.629274523577692 ], [ 120.959151316176758, 14.629222874817231 ], [ 120.959123858736234, 14.629398603840912 ], [ 120.958895125955792, 14.629651047655955 ], [ 120.958717123118959, 14.629748949217628 ], [ 120.944099058630968, 14.629877347877709 ], [ 120.944090513343667, 14.629999620673516 ], [ 120.943889114479362, 14.630539826229324 ], [ 120.94359116741407, 14.630887826777382 ], [ 120.942793645489132, 14.632156010719598 ], [ 120.942430863110985, 14.632439652433277 ], [ 120.941067492540697, 14.634690936170841 ], [ 120.950368357323441, 14.634422283707352 ], [ 120.953348415873393, 14.634352914318697 ], [ 120.954004401501379, 14.634231111383315 ], [ 120.954628444230138, 14.634013439627324 ], [ 120.955613562171493, 14.633703350587382 ], [ 120.956499833556791, 14.633456083607484 ], [ 120.957221613331626, 14.63330304660542 ], [ 120.957524736245773, 14.633833057409163 ], [ 120.95791073588623, 14.633944264184152 ] ] ] ] } },
{ "type": "Feature", "properties": { "RTA_ID": "JRTA89", "TIME": 30 }, "geometry": { "type": "MultiPolygon", "coordinates": [ [ [ [ 121.015451080145567, 14.558827210987033 ], [ 121.015729691000161, 14.5588237850003 ], [ 121.015744823000318, 14.558821164000165 ], [ 121.01575938800022, 14.558816293000177 ], [ 121.015773052000213, 14.558809282000254 ], [ 121.01639144, 14.55838733000013 ], [ 121.016352098091261, 14.558265774992094 ], [ 121.016318367535746, 14.558142544900761 ], [ 121.016290319196969, 14.558017898615276 ], [ 121.016268012000182, 14.557892098000195 ], [ 121.016256717000147, 14.557810669000105 ], [ 121.016243734000113, 14.557680853000022 ], [ 121.016236546279401, 14.557539942653705 ], [ 121.016236498005696, 14.55739884911452 ], [ 121.016243589302348, 14.55725793388234 ], [ 121.016257802000382, 14.557117558000243 ], [ 121.016456919, 14.555984830000114 ], [ 121.016536297000243, 14.555549260000134 ], [ 121.01653342100019, 14.555444391000265 ], [ 121.016658043000234, 14.554969296000309 ], [ 121.016718041000217, 14.55471118700018 ], [ 121.016803165000056, 14.554581820000237 ], [ 121.016951164000375, 14.554473826000162 ], [ 121.01718791400026, 14.554389955000261 ], [ 121.017352539000285, 14.554363330000228 ], [ 121.018304287000092, 14.554146338000237 ], [ 121.019477479000216, 14.553863931999956 ], [ 121.019548173458361, 14.553852766309035 ], [ 121.019456706718415, 14.553238297441396 ], [ 121.019294621000199, 14.551702349000266 ], [ 121.019183641000268, 14.550960286000418 ], [ 121.021992094000211, 14.55069717799995 ], [ 121.022234664000393, 14.550625038000021 ], [ 121.022281747000306, 14.550585847000264 ], [ 121.022325341000169, 14.550530363000291 ], [ 121.022336841000197, 14.550427741000135 ], [ 121.022130644000299, 14.549858330000177 ], [ 121.022061758000291, 14.549877587000083 ], [ 121.021674876000247, 14.548751911000238 ], [ 121.021572749000256, 14.548504427999887 ], [ 121.021531963956818, 14.548390050257979 ], [ 121.02140483254027, 14.548414600224476 ], [ 121.021145947182845, 14.548431732343658 ], [ 121.020967011715129, 14.548427925206113 ], [ 121.020761426284366, 14.548406985949214 ], [ 121.020449241000392, 14.548351782453892 ], [ 121.020228427019219, 14.548296578958627 ], [ 121.019975252367999, 14.548169039848688 ], [ 121.019594538607066, 14.547959647280152 ], [ 121.019246185515726, 14.54769695478484 ], [ 121.018852146773384, 14.547371444519342 ], [ 121.018498082975725, 14.547074487786006 ], [ 121.018161151297249, 14.546849866667003 ], [ 121.01786409060901, 14.54667922275604 ], [ 121.017726366007878, 14.546914803000277 ], [ 121.017093374007459, 14.548163727000031 ], [ 121.017035625007452, 14.548298719000172 ], [ 121.016952126007936, 14.54850233100035 ], [ 121.016895878007517, 14.548795438000354 ], [ 121.016660261007473, 14.549978239000097 ], [ 121.016553140007773, 14.550585576000117 ], [ 121.015913523007271, 14.5517828790002 ], [ 121.015505504007592, 14.553928255000415 ], [ 121.015239206007777, 14.555308447000016 ], [ 121.014877127007935, 14.557256222000149 ], [ 121.014858805700783, 14.557375677331834 ], [ 121.014845267507098, 14.557495768812942 ], [ 121.014836534007486, 14.55761630500001 ], [ 121.014844015600261, 14.558719495406933 ], [ 121.015334252816956, 14.55881711316971 ], [ 121.015451080145567, 14.558827210987033 ] ] ] ] } },
{ "type": "Feature", "properties": { "RTA_ID": "JRTA49", "TIME": 30 }, "geometry": { "type": "MultiPolygon", "coordinates": [ [ [ [ 120.982940009731692, 14.568108428433504 ], [ 120.983513723000101, 14.568338125000139 ], [ 120.983708213843101, 14.568410765600504 ], [ 120.98390471925677, 14.568477765355794 ], [ 120.984103075677126, 14.568539068497728 ], [ 120.984303118000071, 14.568594624000127 ], [ 120.98455114, 14.568648248000159 ], [ 120.985281745000179, 14.568786729000124 ], [ 120.985408971000084, 14.568812837000166 ], [ 120.985783792, 14.568856749000076 ], [ 120.985979934000284, 14.568876502000194 ], [ 120.986863164000056, 14.568932890000042 ], [ 120.98811568300016, 14.566621390000137 ], [ 120.988284522000185, 14.566272455000103 ], [ 120.988324007318852, 14.566236073844266 ], [ 120.987981807444726, 14.565809954065344 ], [ 120.987826941459616, 14.565648066006986 ], [ 120.987716215628325, 14.565550366744105 ], [ 120.987431259445202, 14.565349540481634 ], [ 120.987027435825325, 14.565143286482339 ], [ 120.986752792342259, 14.56502659014069 ], [ 120.986267603305009, 14.564826932705216 ], [ 120.985443622220259, 14.564501185216102 ], [ 120.984984225000062, 14.564313448000121 ], [ 120.984794872000293, 14.564242953999951 ], [ 120.98471681847775, 14.564211501096054 ], [ 120.983094904569612, 14.567793724135868 ], [ 120.982940009731692, 14.568108428433504 ] ] ] ] } },
{ "type": "Feature", "properties": { "RTA_ID": "JRTA50", "TIME": 30 }, "geometry": { "type": "MultiPolygon", "coordinates": [ [ [ [ 120.964198981766344, 14.626425907943315 ], [ 120.964693673538477, 14.625573354038124 ], [ 120.964837520082256, 14.625397931423947 ], [ 120.965090128646693, 14.62517163625165 ], [ 120.965781293746545, 14.624515555674577 ], [ 120.96612512207048, 14.624199794969002 ], [ 120.96631457849378, 14.624074367799892 ], [ 120.966763660386164, 14.623762115546526 ], [ 120.967024162968187, 14.623541960165653 ], [ 120.967136433441283, 14.623419164335814 ], [ 120.96723116165299, 14.62324725017379 ], [ 120.96732939831702, 14.623015692323008 ], [ 120.967413601171984, 14.622679758016886 ], [ 120.967445177242325, 14.622465742427607 ], [ 120.967459211051391, 14.622126299669105 ], [ 120.967420618076403, 14.621733353013269 ], [ 120.967406584267223, 14.621263220407172 ], [ 120.967428938759895, 14.620942573157436 ], [ 120.966598036000164, 14.620740941000065 ], [ 120.965856432000237, 14.620509974000072 ], [ 120.965440221000222, 14.620426062000206 ], [ 120.965032220000126, 14.620329447000131 ], [ 120.964139994000334, 14.619942114000139 ], [ 120.963610111000094, 14.619719660000044 ], [ 120.963435408000123, 14.619678381000085 ], [ 120.963299606000078, 14.619679906000101 ], [ 120.963111182000148, 14.619700831000159 ], [ 120.963050275, 14.619705750000151 ], [ 120.961577032000037, 14.619989258000146 ], [ 120.961455925, 14.620009005000099 ], [ 120.960903450000046, 14.620128942000122 ], [ 120.959820167000089, 14.620329344000197 ], [ 120.959687982339688, 14.620323363432533 ], [ 120.959546992668152, 14.620335138774294 ], [ 120.959548930012375, 14.620440228731127 ], [ 120.955055295856027, 14.620711717518816 ], [ 120.953396150637104, 14.628163901037624 ], [ 120.954818741264262, 14.628176397521315 ], [ 120.957104755069508, 14.628233412041709 ], [ 120.958290545890122, 14.626960001826035 ], [ 120.959094144878009, 14.626174786592571 ], [ 120.959448492755996, 14.626160054247123 ], [ 120.959437688162666, 14.627329348332125 ], [ 120.959271283877229, 14.627614740389674 ], [ 120.959193484880529, 14.628952992956727 ], [ 120.959151316176758, 14.629222874817231 ], [ 120.959493489214424, 14.629274523577692 ], [ 120.960281561310921, 14.629428921596855 ], [ 120.960894121610977, 14.629347246890404 ], [ 120.961302495144196, 14.629204316153675 ], [ 120.961751706030782, 14.628938873357015 ], [ 120.962527615744193, 14.628305894380219 ], [ 120.963405618840852, 14.627529984667035 ], [ 120.963798462218847, 14.62708255863356 ], [ 120.964198981766344, 14.626425907943315 ] ] ] ] } },
{ "type": "Feature", "properties": { "RTA_ID": "JRTA213", "TIME": 30 }, "geometry": { "type": "MultiPolygon", "coordinates": [ [ [ [ 121.037997024000106, 14.59577873000012 ], [ 121.037560393000149, 14.594716925000114 ], [ 121.037466891, 14.594510064000133 ], [ 121.037772009000037, 14.593458129000055 ], [ 121.037798383000109, 14.59322876900012 ], [ 121.037788501000023, 14.592092715999968 ], [ 121.037445250000133, 14.592003099000124 ], [ 121.037315750000062, 14.591958602000261 ], [ 121.036951749000195, 14.591800115000012 ], [ 121.035718121000059, 14.591230284000062 ], [ 121.034887494000031, 14.590836689000071 ], [ 121.034777368000164, 14.590772443000105 ], [ 121.034738743000048, 14.590739571000199 ], [ 121.034724442549077, 14.590721000695453 ], [ 121.034601327262294, 14.590885868123053 ], [ 121.034522105251654, 14.591007912842258 ], [ 121.034442883241013, 14.59109641310647 ], [ 121.034319411098409, 14.591176348828867 ], [ 121.034232338257539, 14.591289115294558 ], [ 121.034152402535028, 14.591419724555351 ], [ 121.03410101528516, 14.591518216784834 ], [ 121.033958272923428, 14.591665241417331 ], [ 121.033896179996191, 14.591713060108361 ], [ 121.033839083051362, 14.591742322292532 ], [ 121.033718465755896, 14.591740181157263 ], [ 121.033581433088671, 14.591673805958919 ], [ 121.033439404438923, 14.591665241417331 ], [ 121.033368033258284, 14.591650253469368 ], [ 121.033335202514991, 14.591651680893051 ], [ 121.033295779009677, 14.591659756396155 ], [ 121.033201738407001, 14.591832249980371 ], [ 121.033168193951951, 14.591910044567499 ], [ 121.033096109059329, 14.591991407713579 ], [ 121.032985483729135, 14.592105601602782 ], [ 121.032832749402246, 14.592248343964343 ], [ 121.03271641437766, 14.592374670954484 ], [ 121.032644329484924, 14.592468880913088 ], [ 121.032572244592416, 14.592555240041804 ], [ 121.032504441970559, 14.592631607205249 ], [ 121.032453768432333, 14.592650877424092 ], [ 121.032388820657843, 14.592633748340688 ], [ 121.03233743340752, 14.59260948213921 ], [ 121.032283905022041, 14.592589498208611 ], [ 121.032191122486893, 14.592566659430815 ], [ 121.032106904493617, 14.592575223972403 ], [ 121.032042670430997, 14.592599490173882 ], [ 121.031984859774411, 14.592634462052445 ], [ 121.031939895930577, 14.592679425896279 ], [ 121.031904924051901, 14.59277434956681 ], [ 121.031887794968497, 14.592826450528776 ], [ 121.031897073222012, 14.592908527386783 ], [ 121.031922766847174, 14.592984894550227 ], [ 121.032029109906489, 14.59313477402992 ], [ 121.032070505191427, 14.593201862939793 ], [ 121.032085493139334, 14.593273947832358 ], [ 121.032084779427464, 14.593348887572233 ], [ 121.032064795497035, 14.593430964430127 ], [ 121.032001275146058, 14.593458799190728 ], [ 121.031892790951247, 14.593500194475439 ], [ 121.031834266583019, 14.593555863996528 ], [ 121.031770032520285, 14.593620098059205 ], [ 121.031615157058013, 14.59379138889318 ], [ 121.031462422731124, 14.593911292476946 ], [ 121.031328958622908, 14.59395839745622 ], [ 121.030986376955184, 14.593964107150668 ], [ 121.030865045947735, 14.593983377369511 ], [ 121.0307437149404, 14.594067595362787 ], [ 121.030597404019886, 14.594204628029956 ], [ 121.030140628462732, 14.594345229256078 ], [ 121.030054269334073, 14.594422310131279 ], [ 121.02987512767038, 14.594638564809088 ], [ 121.029766643475455, 14.594702798871765 ], [ 121.029584646964395, 14.594742053021207 ], [ 121.029484013599472, 14.594793440271417 ], [ 121.029342698661594, 14.595011836084666 ], [ 121.029156725688381, 14.595224949610952 ], [ 121.029362025000182, 14.595396057000187 ], [ 121.029452027468096, 14.595390213176643 ], [ 121.029542219143309, 14.595389976072966 ], [ 121.029632251092494, 14.595395346606665 ], [ 121.029721775000098, 14.595406304000051 ], [ 121.029906947711083, 14.595475366099038 ], [ 121.030089776343289, 14.595550414067588 ], [ 121.030270067457536, 14.595631368502382 ], [ 121.030447630299136, 14.595718143750162 ], [ 121.03062227700002, 14.595810648000111 ], [ 121.030844086, 14.59591357100021 ], [ 121.032113908000042, 14.596801951000145 ], [ 121.032431295000151, 14.5970632370001 ], [ 121.032466358426973, 14.597098315674998 ], [ 121.03249731090591, 14.597137070047324 ], [ 121.032523769794352, 14.597179021025511 ], [ 121.032545408000033, 14.59722365000016 ], [ 121.032559865505959, 14.597263461162186 ], [ 121.032570482076721, 14.597304464046601 ], [ 121.032577162000052, 14.597346289000086 ], [ 121.032594352783576, 14.597371489219427 ], [ 121.032615656086364, 14.597393323673316 ], [ 121.032640425392401, 14.597411129726993 ], [ 121.032667909, 14.597424367000144 ], [ 121.033261913000047, 14.597588769000254 ], [ 121.033748289000187, 14.597775379000041 ], [ 121.033870302103082, 14.597820462817992 ], [ 121.033990408000022, 14.597870406000197 ], [ 121.034117884015245, 14.597929772255554 ], [ 121.035268543000029, 14.59853044700003 ], [ 121.03557629400018, 14.598710808000078 ], [ 121.035945670000046, 14.598933417000126 ], [ 121.036940423000146, 14.599396256000148 ], [ 121.037455292, 14.598506934999989 ], [ 121.037585790000207, 14.598236951000047 ], [ 121.037613915000065, 14.598167580999984 ], [ 121.0378373530001, 14.597252999000204 ], [ 121.038043305000087, 14.596468135000066 ], [ 121.038057553000044, 14.596131281999988 ], [ 121.037997024000106, 14.59577873000012 ] ] ] ] } },
{ "type": "Feature", "properties": { "RTA_ID": "JRTA83", "TIME": 30 }, "geometry": { "type": "MultiPolygon", "coordinates": [ [ [ [ 121.110543593271586, 14.669803862599451 ], [ 121.110619728875804, 14.669802742958154 ], [ 121.110729453717568, 14.669811700088133 ], [ 121.110899390376858, 14.669845475932107 ], [ 121.111140237647874, 14.669946990071253 ], [ 121.111377103972131, 14.670060447050162 ], [ 121.111514446631077, 14.670167932609104 ], [ 121.111641836923241, 14.670311246687788 ], [ 121.111761265322116, 14.670490389286158 ], [ 121.111815008101644, 14.670645646204719 ], [ 121.111853310330844, 14.670833372000175 ], [ 121.111865552317113, 14.670976778123759 ], [ 121.111872547737789, 14.671151663640501 ], [ 121.111857682468781, 14.671251348385056 ], [ 121.111820082082772, 14.671393005653556 ], [ 121.111786827140577, 14.671470115442844 ], [ 121.111755369323078, 14.671537462130743 ], [ 121.111646945421057, 14.671623854535596 ], [ 121.111602349614486, 14.671673696907817 ], [ 121.111575242359436, 14.671731409128427 ], [ 121.111432716756894, 14.672088989351266 ], [ 121.111399301131087, 14.672194446993501 ], [ 121.111384915731151, 14.672272431004615 ], [ 121.111382644352148, 14.672349657889583 ], [ 121.111394001246822, 14.672412499374275 ], [ 121.111427314805269, 14.672477612238026 ], [ 121.111481070774062, 14.672554839122824 ], [ 121.111553754901138, 14.672637365892058 ], [ 121.11163855304892, 14.672700207376806 ], [ 121.111775592913546, 14.672785005524815 ], [ 121.11183840263061, 14.672818943844561 ], [ 121.111894846133282, 14.672843614514704 ], [ 121.111949046847599, 14.672853707061392 ], [ 121.112007733138398, 14.672852211869326 ], [ 121.11205856967058, 14.672840624130401 ], [ 121.112115013173252, 14.67281520586431 ], [ 121.112162485522958, 14.672783059233723 ], [ 121.112205472296296, 14.672758014765691 ], [ 121.112325835262482, 14.672711663809935 ], [ 121.112357981892842, 14.672692973908397 ], [ 121.112394614100026, 14.672662696267878 ], [ 121.112458894502197, 14.672590904435708 ], [ 121.112543911942907, 14.672459802774426 ], [ 121.11261224371799, 14.672319166446925 ], [ 121.112640847716989, 14.672251629227389 ], [ 121.112671040826854, 14.672199188562956 ], [ 121.112800553377042, 14.672018029903711 ], [ 121.112913380261261, 14.671812240023257 ], [ 121.112946751593086, 14.67177330680255 ], [ 121.112976150147801, 14.671748675581398 ], [ 121.113004754146345, 14.671744702803721 ], [ 121.11303653636719, 14.671745497359268 ], [ 121.113060373032909, 14.671750264692434 ], [ 121.113078647809971, 14.671749470136888 ], [ 121.113112813697512, 14.671734373581955 ], [ 121.11316207614027, 14.671701796805507 ], [ 121.113181145472595, 14.671679549250939 ], [ 121.113190680138814, 14.671656507140654 ], [ 121.113214516804419, 14.671637437808101 ], [ 121.11326298469146, 14.671620752142076 ], [ 121.113314630800346, 14.67161042292031 ], [ 121.113389319019348, 14.671614395697986 ], [ 121.113851750333879, 14.671735962693049 ], [ 121.114335634647432, 14.671777279580169 ], [ 121.114541424527715, 14.671811445467711 ], [ 121.114724172298111, 14.671890901019935 ], [ 121.114908509179486, 14.671994987793425 ], [ 121.115084105950245, 14.67213165134342 ], [ 121.115221665468084, 14.672260142694313 ], [ 121.11531055427406, 14.67239226555489 ], [ 121.115325099934466, 14.672460363590687 ], [ 121.11532008894028, 14.672520188994156 ], [ 121.115289101274925, 14.672575807880719 ], [ 121.115194549167768, 14.672730746207776 ], [ 121.115156410502436, 14.672767295761787 ], [ 121.11511112083781, 14.672792721538599 ], [ 121.115047556396007, 14.672812585426584 ], [ 121.114987170176278, 14.67283562753687 ], [ 121.114921222067665, 14.672874560757407 ], [ 121.114879110625111, 14.672916672200074 ], [ 121.114623263746807, 14.673147887857226 ], [ 121.114598632525485, 14.673178080967091 ], [ 121.114577974081726, 14.673218603298892 ], [ 121.114515204195527, 14.673376719847909 ], [ 121.114507258640401, 14.673419625846122 ], [ 121.114508053195891, 14.673474450177139 ], [ 121.114525533417236, 14.673537220063508 ], [ 121.114555726526987, 14.673592838950071 ], [ 121.114606578080725, 14.673648457836805 ], [ 121.114650278634485, 14.673681829168629 ], [ 121.115004650397509, 14.673836767495686 ], [ 121.115071393061726, 14.673857425939332 ], [ 121.115529057042863, 14.673981376600807 ], [ 121.115776564881685, 14.674021840648606 ], [ 121.115915211027072, 14.674034611820957 ], [ 121.11599301282854, 14.674028105128741 ], [ 121.116043929021657, 14.674005213266469 ], [ 121.116113055352002, 14.673960718157332 ], [ 121.116236211458272, 14.673855042272749 ], [ 121.11647537267072, 14.6736158810603 ], [ 121.116562773778242, 14.673530863619419 ], [ 121.116665271440638, 14.673412474846486 ], [ 121.11669308088392, 14.673372747070232 ], [ 121.116768563658638, 14.673236083520408 ], [ 121.11684086821117, 14.673073199638054 ], [ 121.1168496083219, 14.673032677306423 ], [ 121.116868677654452, 14.672900781089595 ], [ 121.116868677654452, 14.672849134980709 ], [ 121.116864704877003, 14.672799077982688 ], [ 121.116794783990827, 14.672528134549339 ], [ 121.116792400324471, 14.672489995884291 ], [ 121.116797167657296, 14.672441527997364 ], [ 121.116830538989461, 14.672306453558406 ], [ 121.116889336098097, 14.672177735563764 ], [ 121.116962435206233, 14.672055374013212 ], [ 121.117091153200931, 14.671890901019935 ], [ 121.117167430531254, 14.671805883578998 ], [ 121.11722702219538, 14.671761388469747 ], [ 121.117296943081556, 14.671739140915008 ], [ 121.117377987744703, 14.671738346359632 ], [ 121.117504322073046, 14.671762183025237 ], [ 121.117619532623735, 14.671805883578998 ], [ 121.117874584946549, 14.671936190684733 ], [ 121.117945300388214, 14.671985453127206 ], [ 121.118139171936036, 14.672130856787874 ], [ 121.118180488822986, 14.672155488009025 ], [ 121.118221805710164, 14.672173762786088 ], [ 121.118282191929893, 14.672185681119117 ], [ 121.118313974150851, 14.672209517784722 ], [ 121.118341783594133, 14.672234943561421 ], [ 121.118383895036914, 14.672282616892801 ], [ 121.11842759559056, 14.672314399113759 ], [ 121.118536449697103, 14.672361277889479 ], [ 121.118584123028654, 14.672371607111359 ], [ 121.118654043914489, 14.672366045222645 ], [ 121.118726348467248, 14.672354126889843 ], [ 121.118787529242354, 14.67235492144539 ], [ 121.118989346345302, 14.672393854665927 ], [ 121.119040992454188, 14.67239226555489 ], [ 121.119091049452209, 14.672379552666541 ], [ 121.119147707087677, 14.672348836888148 ], [ 121.11918321789301, 14.672300097114373 ], [ 121.119214205558137, 14.672207928673629 ], [ 121.119261878889688, 14.672035510125056 ], [ 121.119338950775273, 14.67181462368967 ], [ 121.119379473107074, 14.671742319137138 ], [ 121.119450188548626, 14.671666836362419 ], [ 121.119577244254401, 14.671604521093911 ], [ 121.119887870997218, 14.671431096975823 ], [ 121.119947142531259, 14.671377313546941 ], [ 121.12012934761708, 14.671163277451967 ], [ 121.120180935804228, 14.671095224950022 ], [ 121.120210571571079, 14.671008512890978 ], [ 121.120270940725959, 14.670758255303156 ], [ 121.120303108506846, 14.670684348635007 ], [ 121.120346676575195, 14.670632028888065 ], [ 121.120397892967048, 14.670592834301431 ], [ 121.120460582987448, 14.670553609260651 ], [ 121.120508563617818, 14.670512983325466 ], [ 121.120553742459379, 14.670460800012165 ], [ 121.1205744056507, 14.670423326089178 ], [ 121.120591566606095, 14.670383750824897 ], [ 121.120591916829426, 14.670355032491216 ], [ 121.120579308780975, 14.670304600295879 ], [ 121.12051942054859, 14.670174667347965 ], [ 121.120512416076963, 14.670150852144616 ], [ 121.120508913841263, 14.670109525762314 ], [ 121.120501208922633, 14.670072752286501 ], [ 121.120490702215307, 14.670046135294513 ], [ 121.120188067432082, 14.669703050340615 ], [ 121.120154183590103, 14.669650158489219 ], [ 121.120113688265974, 14.669579085063845 ], [ 121.120053358498126, 14.669433632472533 ], [ 121.119977326461594, 14.669115454928829 ], [ 121.119973194285649, 14.669050992984978 ], [ 121.119978152897147, 14.669001406874258 ], [ 121.119995508035572, 14.668947688587593 ], [ 121.120140134191729, 14.668675791413989 ], [ 121.120276495996336, 14.66846918261939 ], [ 121.120308726968005, 14.668437778082648 ], [ 121.120465749652112, 14.668347696648084 ], [ 121.120523600114666, 14.668300589843 ], [ 121.120809546686246, 14.668031171974746 ], [ 121.12084838913961, 14.667987370910282 ], [ 121.120886405158103, 14.667931999753364 ], [ 121.12092690048155, 14.667854314846693 ], [ 121.120943429185104, 14.667800596559971 ], [ 121.120940949879696, 14.667689854246191 ], [ 121.120940949879696, 14.667547707395443 ], [ 121.120945908490853, 14.667504732766247 ], [ 121.120961610759082, 14.667450188044427 ], [ 121.121008717564337, 14.667332007813854 ], [ 121.121188604955023, 14.66690790882825 ], [ 121.121272350386221, 14.666740417965457 ], [ 121.121291082916855, 14.666694137595357 ], [ 121.121326344151157, 14.666590557719644 ], [ 121.121342872854711, 14.666560806053269 ], [ 121.121465185261172, 14.666445105128332 ], [ 121.121524688593922, 14.666407640066893 ], [ 121.121622758901708, 14.666372378832591 ], [ 121.1217031985924, 14.666365767351124 ], [ 121.121910358344167, 14.666418659202748 ], [ 121.122084460688029, 14.666506812288276 ], [ 121.122143964021006, 14.66652774864616 ], [ 121.122224403711584, 14.666537665868248 ], [ 121.122452499820838, 14.666546481176908 ], [ 121.122808417904366, 14.666557500312535 ], [ 121.123121361358585, 14.66652334099183 ], [ 121.123535012207981, 14.666419041464394 ], [ 121.123931649921019, 14.666369605459636 ], [ 121.124078903928762, 14.666371425523892 ], [ 121.124191476365127, 14.66638685057768 ], [ 121.124306443818, 14.666419041464394 ], [ 121.124420261596583, 14.666474225842023 ], [ 121.124815749635218, 14.666694963351858 ], [ 121.12496865634796, 14.666786937314384 ], [ 121.125038786494201, 14.666849019739061 ], [ 121.125097419895269, 14.666918000210899 ], [ 121.125122826340316, 14.666993955770977 ], [ 121.125151454598381, 14.667129540324538 ], [ 121.125141107527725, 14.667195071772881 ], [ 121.125108916640556, 14.667247956801305 ], [ 121.125054881937785, 14.667304290853224 ], [ 121.124999697560156, 14.667356026207187 ], [ 121.124762864607078, 14.667504334221576 ], [ 121.124730673720251, 14.667541123806643 ], [ 121.124700782182231, 14.66759860753308 ], [ 121.124677788691429, 14.667679084750318 ], [ 121.124670890644325, 14.667756112943891 ], [ 121.12467893836606, 14.667851535930026 ], [ 121.124689285436943, 14.668055028321874 ], [ 121.124681237715208, 14.668101015303193 ], [ 121.124645597804601, 14.668232078199708 ], [ 121.124632951385138, 14.668273466482731 ], [ 121.124630652035876, 14.668324052162234 ], [ 121.124640999106646, 14.668387284261428 ], [ 121.124712278927518, 14.668586177955319 ], [ 121.124858287592929, 14.668918433894703 ], [ 121.124997398211349, 14.669190906758502 ], [ 121.125079025102764, 14.66940589589575 ], [ 121.12514685589997, 14.669505917579841 ], [ 121.125246877584345, 14.669607088938619 ], [ 121.125548092311533, 14.669886459849693 ], [ 121.125617072783371, 14.669931297156381 ], [ 121.125700999024161, 14.669962338368634 ], [ 121.125771129170516, 14.669971535764944 ], [ 121.125859654109604, 14.669960039019657 ], [ 121.125944730024571, 14.669920950085611 ], [ 121.126702365540496, 14.669464529296818 ], [ 121.127197875263164, 14.669170212617018 ], [ 121.127415163749561, 14.669096633446884 ], [ 121.127643948981245, 14.669042598743943 ], [ 121.127868135514973, 14.669006958833506 ], [ 121.12830352211472, 14.668929664948621 ], [ 121.128577236696628, 14.668855805650765 ], [ 121.128885198897251, 14.668743980759359 ], [ 121.129536719862358, 14.668548545375927 ], [ 121.129989115000853, 14.668400049261834 ], [ 121.130365535383021, 14.668280907030692 ], [ 121.130650440718341, 14.668144497809521 ], [ 121.130988873722913, 14.667933840531418 ], [ 121.131095929060734, 14.667835418688298 ], [ 121.131139096535662, 14.667761170631309 ], [ 121.131146003331764, 14.667674835681112 ], [ 121.131140823234659, 14.667510799276045 ], [ 121.131125282943799, 14.667379570151923 ], [ 121.131089022264746, 14.667267334716769 ], [ 121.130923259160568, 14.666890914334601 ], [ 121.130864551394552, 14.666735511424349 ], [ 121.130798936832321, 14.666549027932206 ], [ 121.130750589260515, 14.666329737159117 ], [ 121.130729868872436, 14.666191601239007 ], [ 121.130636627126364, 14.665492288143412 ], [ 121.130629720330376, 14.664870676502858 ], [ 121.13063317372837, 14.664775708057789 ], [ 121.130653894116449, 14.664704913398623 ], [ 121.130691881494386, 14.66463239204063 ], [ 121.130760949454384, 14.664527063401636 ], [ 121.130873184889538, 14.664380293986369 ], [ 121.13105448828469, 14.664174816805314 ], [ 121.131137369836779, 14.664117835738182 ], [ 121.131258238767032, 14.664066034768098 ], [ 121.131360114007975, 14.664009053701079 ], [ 121.131506883423185, 14.663886458072 ], [ 121.131598398470146, 14.663789762927991 ], [ 121.131665739731488, 14.663677527492837 ], [ 121.131790062059281, 14.6634530566227 ], [ 121.132033977744527, 14.662992871782023 ], [ 121.132253572947548, 14.662622803849672 ], [ 121.132409295246589, 14.66231672898499 ], [ 121.132493063104675, 14.662083682509206 ], [ 121.132820740534385, 14.66138462393053 ], [ 121.132871486188833, 14.661312311373365 ], [ 121.132951410594046, 14.661227312402843 ], [ 121.133167079624059, 14.66106746359219 ], [ 121.133269308505078, 14.66099395197034 ], [ 121.133326936557978, 14.660931521579698 ], [ 121.133374959935509, 14.66084027716272 ], [ 121.133422983312698, 14.660689003523771 ], [ 121.133691032872434, 14.660136970636415 ], [ 121.133831938458457, 14.659859656451317 ], [ 121.13388740129551, 14.659768217719886 ], [ 121.133966848061846, 14.659676778988626 ], [ 121.134074775744807, 14.659576346283643 ], [ 121.134260651198815, 14.659408458777079 ], [ 121.134350590934446, 14.659284042142531 ], [ 121.134407552767016, 14.659165621490445 ], [ 121.134455520626261, 14.659033709878145 ], [ 121.134707351886277, 14.658317189983336 ], [ 121.134798790617538, 14.658117823569114 ], [ 121.134849756468157, 14.657970922000857 ], [ 121.134921708256684, 14.657710096767119 ], [ 121.134966678124329, 14.657525720309025 ], [ 121.13497417310225, 14.657422289612839 ], [ 121.134969676115702, 14.657323355903429 ], [ 121.134953187163887, 14.65722442219419 ], [ 121.134924706247602, 14.657144975427684 ], [ 121.134869243410776, 14.657065528661008 ], [ 121.134846758476556, 14.656972590934174 ], [ 121.134711848873053, 14.656346010775223 ], [ 121.13465188904911, 14.656199109206796 ], [ 121.134632402106377, 14.656137650387393 ], [ 121.134563448309109, 14.655881322140431 ], [ 121.134531969401564, 14.655740416554579 ], [ 121.134527472414788, 14.655610003937682 ], [ 121.134554454335444, 14.655431623461766 ], [ 121.13459642621217, 14.655328192765751 ], [ 121.134693860926063, 14.655190285170931 ], [ 121.134707351886277, 14.655130325347159 ], [ 121.134698357912953, 14.655050878580482 ], [ 121.134643003000406, 14.6546864120034 ], [ 121.13462564208703, 14.65462490396061 ], [ 121.134601496367623, 14.654572588235567 ], [ 121.134566619217594, 14.654525638225778 ], [ 121.134396257753565, 14.654348569617468 ], [ 121.134290284874282, 14.654251986740348 ], [ 121.134225896289649, 14.654213085303581 ], [ 121.133918709082991, 14.65406150384365 ], [ 121.133831516207806, 14.654014553833917 ], [ 121.133734933330516, 14.653951506677799 ], [ 121.133565913295342, 14.653813339506257 ], [ 121.133421038979463, 14.653704683769547 ], [ 121.133316407529492, 14.653632246611608 ], [ 121.133270798948388, 14.653583955173019 ], [ 121.133258726088798, 14.653534322305575 ], [ 121.133249336086806, 14.653361277983947 ], [ 121.133269457519646, 14.653270060822138 ], [ 121.133316407529492, 14.653185550804494 ], [ 121.133573961868592, 14.652830072159247 ], [ 121.133608839018734, 14.652776415005292 ], [ 121.133673227603367, 14.652636906404894 ], [ 121.13373895761697, 14.652564469246954 ], [ 121.133816760490504, 14.652493373517984 ], [ 121.133893221934954, 14.652441057792714 ], [ 121.134034071964152, 14.652369962063801 ], [ 121.134346624886234, 14.652235819178713 ], [ 121.134525034923286, 14.65218484488247 ], [ 121.134594789223684, 14.652155333447752 ], [ 121.134684664956126, 14.652097652007114 ], [ 121.135237333642408, 14.651692540494423 ], [ 121.135295015083102, 14.651645590484691 ], [ 121.135335257948668, 14.651599981903814 ], [ 121.135392939389135, 14.651540959034378 ], [ 121.135455986545139, 14.651506081884293 ], [ 121.135544520849294, 14.651481936164942 ], [ 121.135622323722487, 14.651456449016905 ], [ 121.136079750960448, 14.651323647560673 ], [ 121.136205845272229, 14.651288770410588 ], [ 121.136306452436088, 14.651247186116166 ], [ 121.136386938166993, 14.65118682181793 ], [ 121.136452668180482, 14.651111701802449 ], [ 121.136488886759707, 14.651003046065455 ], [ 121.136506325334949, 14.650902438901767 ], [ 121.136455351038421, 14.650627445987482 ], [ 121.136423156746105, 14.650487937387254 ], [ 121.136394986740243, 14.650376598792548 ], [ 121.136374865307175, 14.650322941638592 ], [ 121.136344012443942, 14.650281357344227 ], [ 121.136297062434323, 14.650249163051797 ], [ 121.136188406697329, 14.650200871613208 ], [ 121.136070360958456, 14.650123068739958 ], [ 121.136014020946845, 14.650110995880254 ], [ 121.135932193786857, 14.65011367873791 ], [ 121.135867805202111, 14.650120385882246 ], [ 121.135795368044114, 14.650101605878376 ], [ 121.135375500814348, 14.649827954392947 ], [ 121.135242699358059, 14.64975149294844 ], [ 121.135190383632789, 14.649715274369555 ], [ 121.135147457909511, 14.649652227213608 ], [ 121.13503343645732, 14.649393331445538 ], [ 121.134985145018732, 14.649236384270068 ], [ 121.134818807841384, 14.64891041705954 ], [ 121.134781247833644, 14.64881919989773 ], [ 121.134749053541213, 14.648732007022375 ], [ 121.134724907821692, 14.648685057012642 ], [ 121.134680640669899, 14.648644814147247 ], [ 121.13461356922744, 14.648612619854703 ], [ 121.133572620439736, 14.648200801197788 ], [ 121.133492408030861, 14.648188239920842 ], [ 121.133419697550721, 14.648202142626644 ], [ 121.133360674681285, 14.648207508342011 ], [ 121.13329360323894, 14.648188728338141 ], [ 121.133003854607182, 14.648027756876161 ], [ 121.132907271730119, 14.647988855439451 ], [ 121.132715447404621, 14.647916418281682 ], [ 121.132636303102458, 14.647861419698756 ], [ 121.132589353092499, 14.647810445402456 ], [ 121.132527647365578, 14.647610572503822 ], [ 121.13251691593473, 14.64751264819779 ], [ 121.132529972460588, 14.647424902237958 ], [ 121.131743827033802, 14.646673251974335 ], [ 121.130790408646476, 14.641005158955579 ], [ 121.132435664919171, 14.640716853987044 ], [ 121.133487744398167, 14.640456127515563 ], [ 121.133947718101467, 14.639960787377049 ], [ 121.134568660469313, 14.639129080912824 ], [ 121.134586546218543, 14.637013298935983 ], [ 121.134364341083256, 14.636526584819705 ], [ 121.134004725984255, 14.636215141509581 ], [ 121.13301068683711, 14.63598679697111 ], [ 121.132105991434742, 14.635891353969384 ], [ 121.131518585341837, 14.63575445159421 ], [ 121.130792084808149, 14.635557700661877 ], [ 121.130784898471461, 14.635511562168347 ], [ 121.130772576892241, 14.635457250539559 ], [ 121.130729933721454, 14.635395467100523 ], [ 121.130677754839439, 14.635357099261682 ], [ 121.130568866487693, 14.635264063366606 ], [ 121.130421989047477, 14.635174246197607 ], [ 121.13035077704285, 14.635123979372963 ], [ 121.13031270294141, 14.635073978650439 ], [ 121.130293761563507, 14.635042202469663 ], [ 121.13027226407678, 14.634977878146742 ], [ 121.13024817222697, 14.634876487650729 ], [ 121.130212204371219, 14.634740486367434 ], [ 121.130156435141203, 14.634412232432283 ], [ 121.130101785434931, 14.634349358591066 ], [ 121.130042742112323, 14.634308224881977 ], [ 121.129964719214854, 14.634275974169668 ], [ 121.129879578931764, 14.634279808053975 ], [ 121.12961737740693, 14.63431474720602 ], [ 121.129539499805105, 14.634337613741479 ], [ 121.129487848415465, 14.634372527380037 ], [ 121.129440942566134, 14.634434495111293 ], [ 121.129403335181109, 14.63449201981399 ], [ 121.129377528770988, 14.634556867677588 ], [ 121.129349296414148, 14.634600914523048 ], [ 121.129297585971358, 14.634642784926029 ], [ 121.129215100980446, 14.634685492292192 ], [ 121.129130090497029, 14.63471914388856 ], [ 121.129002689580943, 14.634760586699315 ], [ 121.12891780759719, 14.634797130585298 ], [ 121.128835445037566, 14.634825382078702 ], [ 121.128722202141262, 14.634875973949647 ], [ 121.128616107343419, 14.634904938157035 ], [ 121.12845574456162, 14.634934369627786 ], [ 121.128361404722796, 14.634976077819715 ], [ 121.128285891421228, 14.63501793732263 ], [ 121.128179949037531, 14.635101115174052 ], [ 121.128083396878537, 14.635187079099467 ], [ 121.127965805459439, 14.635281096052097 ], [ 121.127817563504323, 14.635424471007013 ], [ 121.127676408075445, 14.635571517010476 ], [ 121.127619920232974, 14.635599072567459 ], [ 121.127577759113365, 14.635615900811672 ], [ 121.127528075080136, 14.635626343737101 ], [ 121.12749505844954, 14.635656889020026 ], [ 121.127457519337099, 14.635706281981072 ], [ 121.127436572224951, 14.635748580041593 ], [ 121.127420124976084, 14.635801756815511 ], [ 121.127342345449051, 14.635876125293464 ], [ 121.127247936166327, 14.635916928860922 ], [ 121.127113409945764, 14.635914039575994 ], [ 121.126919603162037, 14.63588898823366 ], [ 121.126747278799598, 14.635857784788698 ], [ 121.126642867679948, 14.635850619835253 ], [ 121.126527359255874, 14.635861436393895 ], [ 121.126416702625079, 14.635886748628366 ], [ 121.126303268363358, 14.635887642792227 ], [ 121.126045512213068, 14.635876532729469 ], [ 121.125977254077043, 14.635884115169574 ], [ 121.125939600280958, 14.63591091834968 ], [ 121.125873423246162, 14.635943816707538 ], [ 121.125809535027884, 14.635950530731009 ], [ 121.125722174618318, 14.635963380566466 ], [ 121.125679814026626, 14.635994663519227 ], [ 121.125647194514158, 14.636050510895927 ], [ 121.125581696278573, 14.636183707856389 ], [ 121.125544301036598, 14.636279182279623 ], [ 121.12551833356531, 14.63629975467444 ], [ 121.12549223646306, 14.636299544542965 ], [ 121.125473601662293, 14.636276805931459 ], [ 121.125437648238631, 14.636238567643716 ], [ 121.125387752303027, 14.636138776190194 ], [ 121.125333010870122, 14.636086833464731 ], [ 121.125290689222311, 14.636086492664049 ], [ 121.125254742457173, 14.636092527989206 ], [ 121.125210105692531, 14.636094427386467 ], [ 121.12514896300479, 14.636147334348834 ], [ 121.125115324204103, 14.636204967767242 ], [ 121.12506427930623, 14.636233518303357 ], [ 121.124980358033099, 14.636259473336338 ], [ 121.124917200786513, 14.636288889040202 ], [ 121.124878781382677, 14.636331303762404 ], [ 121.124822897500508, 14.636388383332985 ], [ 121.124801268306214, 14.63640222601714 ], [ 121.124764066092439, 14.636403091185002 ], [ 121.124693122335657, 14.636414338365796 ], [ 121.12464553810878, 14.636462787760649 ], [ 121.124591897707774, 14.636635821313121 ], [ 121.124561616835649, 14.636712821244032 ], [ 121.12452527978985, 14.636730989767045 ], [ 121.124467313549758, 14.636719742586251 ], [ 121.124402425967446, 14.636723203257134 ], [ 121.124321100197676, 14.636782899832781 ], [ 121.124270920467438, 14.636845191911846 ], [ 121.124211223891962, 14.636961989559836 ], [ 121.12415870775817, 14.637127808888977 ], [ 121.124105110519167, 14.637234246258629 ], [ 121.124045976848947, 14.637321899349104 ], [ 121.123984549937745, 14.637397168944631 ], [ 121.123893741849542, 14.637653997830455 ], [ 121.123789049059951, 14.637775166147435 ], [ 121.12372432369682, 14.637798525677056 ], [ 121.123652298480465, 14.637793659108354 ], [ 121.123608012705859, 14.637775652804351 ], [ 121.12357686666644, 14.637735746941246 ], [ 121.123531120920688, 14.6377007076469 ], [ 121.123454229136087, 14.637675401489901 ], [ 121.123394856998061, 14.637681241372263 ], [ 121.123249346595003, 14.637727960431448 ], [ 121.123025373549467, 14.637737401681932 ], [ 121.122998637000137, 14.637878320000198 ], [ 121.123063863000311, 14.638074000000188 ], [ 121.123598722000338, 14.63804790900025 ], [ 121.123924856000258, 14.638100091000297 ], [ 121.124163444000146, 14.638164110000218 ], [ 121.125498813000149, 14.638614997000275 ], [ 121.126015592000272, 14.638803583000254 ], [ 121.125826340000231, 14.63933068100016 ], [ 121.125646188000246, 14.639844359000222 ], [ 121.125360232000048, 14.640628282000364 ], [ 121.125560246000077, 14.641529094000248 ], [ 121.126463926000156, 14.641871009000226 ], [ 121.126933793000262, 14.642023815000243 ], [ 121.127398858000333, 14.642217211000286 ], [ 121.127767847000314, 14.642353888000287 ], [ 121.12783090500011, 14.64237246900035 ], [ 121.127729608000323, 14.642621135000297 ], [ 121.128269630000204, 14.642939975000218 ], [ 121.128796838000312, 14.643026154000154 ], [ 121.128989328000216, 14.642968952000217 ], [ 121.129021556000225, 14.643495575000145 ], [ 121.129236425000045, 14.64482054600029 ], [ 121.129349577000312, 14.646229088000325 ], [ 121.129504476000307, 14.647368052000218 ], [ 121.129669917000342, 14.648059897000167 ], [ 121.130437868000172, 14.648279414000285 ], [ 121.130489644684644, 14.64828694989933 ], [ 121.130623379000326, 14.649405625000156 ], [ 121.130678927000304, 14.650396043000171 ], [ 121.13102933000016, 14.651795081000159 ], [ 121.131129828000212, 14.652058007000221 ], [ 121.131295425000189, 14.652503942000237 ], [ 121.131503450000309, 14.653049644000305 ], [ 121.13169151200043, 14.653581637000173 ], [ 121.131765300000211, 14.653770265000162 ], [ 121.131505160000188, 14.65390349500035 ], [ 121.131474812000192, 14.654506989000367 ], [ 121.131457244000217, 14.654584016000229 ], [ 121.130885859000273, 14.654551163000292 ], [ 121.1300991290002, 14.654516350000165 ], [ 121.12979342500023, 14.654552359000206 ], [ 121.129809214000261, 14.654603108000231 ], [ 121.129912784000339, 14.654818090000219 ], [ 121.13031855800034, 14.655739503000177 ], [ 121.130131813000162, 14.656006444000354 ], [ 121.129988454000113, 14.656183307000333 ], [ 121.129310001000363, 14.656997502000252 ], [ 121.129047759000173, 14.657344267000269 ], [ 121.128225995000207, 14.658364300000187 ], [ 121.127639833000103, 14.658138152000163 ], [ 121.127327542000216, 14.658064260000231 ], [ 121.127148171000272, 14.658102580000218 ], [ 121.126875674000303, 14.658262992000175 ], [ 121.126789633000271, 14.65831753200024 ], [ 121.126672770000255, 14.658331910000186 ], [ 121.12647171600031, 14.658278721000158 ], [ 121.125590757000168, 14.659609203000286 ], [ 121.125139993000175, 14.660316729000158 ], [ 121.125000237000108, 14.660583123000208 ], [ 121.124852953000186, 14.66088021600018 ], [ 121.124752431000388, 14.661197440000308 ], [ 121.124628794000273, 14.66162479500025 ], [ 121.124301292000382, 14.663081712000235 ], [ 121.123471839000217, 14.66277390800019 ], [ 121.123234506000131, 14.662700254000299 ], [ 121.123013542000308, 14.662659334000296 ], [ 121.122637460000192, 14.662649845000317 ], [ 121.122536365000087, 14.662649028000317 ], [ 121.121544585000265, 14.662652888000309 ], [ 121.121381569000278, 14.66265192800023 ], [ 121.121258540000326, 14.662635524000279 ], [ 121.12109723600031, 14.662594515000194 ], [ 121.120842977000393, 14.662501560000237 ], [ 121.120602388000293, 14.662435945000198 ], [ 121.120394607000321, 14.662422275000154 ], [ 121.120175890000269, 14.662424098000201 ], [ 121.119970842000271, 14.662465107000287 ], [ 121.119771263000189, 14.662552594000374 ], [ 121.119456857000387, 14.662722100000167 ], [ 121.119221735000224, 14.66288613800026 ], [ 121.119060431000207, 14.662973625000291 ], [ 121.11890854000012, 14.663012836000235 ], [ 121.11880212400024, 14.663002938000318 ], [ 121.117042468000136, 14.66297692000029 ], [ 121.116897272000188, 14.6629576750002 ], [ 121.115858282000204, 14.662546906000216 ], [ 121.115772831000299, 14.662515833000214 ], [ 121.115740744000277, 14.662478308000232 ], [ 121.115554412000279, 14.663160928000252 ], [ 121.11530398500031, 14.664050832000157 ], [ 121.11512483800027, 14.664528816000256 ], [ 121.114948785000138, 14.66457480600036 ], [ 121.114566835000232, 14.664695609000319 ], [ 121.114348617000132, 14.664736296000171 ], [ 121.114219583000249, 14.664743378000253 ], [ 121.114132225000162, 14.66471013700027 ], [ 121.114065627000286, 14.664655363000179 ], [ 121.114028097000073, 14.664606206000258 ], [ 121.114008635000232, 14.664535565000222 ], [ 121.113986707000208, 14.664387207000175 ], [ 121.113986310000087, 14.664166672000306 ], [ 121.112992427000449, 14.663835120000215 ], [ 121.112792373000275, 14.663758519000226 ], [ 121.112760318000255, 14.663836858000195 ], [ 121.112738950000221, 14.663899945000196 ], [ 121.112566721000235, 14.664457002000177 ], [ 121.112162701000102, 14.664314586000273 ], [ 121.111755445000313, 14.664181161000158 ], [ 121.11172534300033, 14.664166448000287 ], [ 121.111617824000177, 14.664195404000225 ], [ 121.111132529000315, 14.664260134000244 ], [ 121.11042256900032, 14.6643618840003 ], [ 121.110026014000141, 14.664413744000171 ], [ 121.10927803400034, 14.664488094000262 ], [ 121.108822300000156, 14.664593800000318 ], [ 121.108356301000299, 14.664735475000214 ], [ 121.10796754, 14.664847064000298 ], [ 121.107857085000319, 14.664874153000312 ], [ 121.107567104000282, 14.664956739000218 ], [ 121.107413007000218, 14.66499894500015 ], [ 121.106967837000525, 14.665114579000317 ], [ 121.106864654000333, 14.664808251000181 ], [ 121.106584512000268, 14.663892337000277 ], [ 121.106307893000348, 14.663025243000277 ], [ 121.106228231000159, 14.662778739000316 ], [ 121.106123147000176, 14.662486933000309 ], [ 121.106057593000287, 14.662345363000156 ], [ 121.105901775000234, 14.662022430000206 ], [ 121.105773931000272, 14.661776453000186 ], [ 121.105622111, 14.661413719000166 ], [ 121.105294563000257, 14.660736031000226 ], [ 121.104978565000238, 14.660037589000183 ], [ 121.104226895000124, 14.658426445000259 ], [ 121.104094657000473, 14.658152495000195 ], [ 121.103840992000301, 14.657603627000242 ], [ 121.103802296000254, 14.657510258000229 ], [ 121.103767255000321, 14.657367193000198 ], [ 121.103726972000231, 14.65716620600017 ], [ 121.10362231400029, 14.656518342000254 ], [ 121.103499860000284, 14.655775365000295 ], [ 121.10325815200008, 14.654172896000318 ], [ 121.103238965000173, 14.65346881700026 ], [ 121.103244745000211, 14.653106474000197 ], [ 121.103244245000269, 14.652989019000358 ], [ 121.10318009800028, 14.651645485000188 ], [ 121.103151375000039, 14.651347088000307 ], [ 121.103126694000139, 14.651215813000192 ], [ 121.103094805000524, 14.651112538000234 ], [ 121.102930551000327, 14.650676516000203 ], [ 121.102832885000112, 14.650462471000196 ], [ 121.102671802000145, 14.65014844600023 ], [ 121.101526552000109, 14.650446407000288 ], [ 121.099923443000307, 14.650822432000211 ], [ 121.09980994600005, 14.650809215000265 ], [ 121.099614244000122, 14.650813761000279 ], [ 121.099437846, 14.65077544900015 ], [ 121.099185395000291, 14.650773386000253 ], [ 121.099109554000279, 14.650785056000302 ], [ 121.099065004000181, 14.65082770700019 ], [ 121.0990013090003, 14.650894782000364 ], [ 121.098969222000392, 14.650955970000268 ], [ 121.098924461000252, 14.651023199000235 ], [ 121.098822367000139, 14.651151410000239 ], [ 121.098713645000203, 14.651316436000229 ], [ 121.098579677000316, 14.651481256000181 ], [ 121.098299118000227, 14.651810792000276 ], [ 121.098069117668615, 14.652342999928521 ], [ 121.097885231828741, 14.652639750908747 ], [ 121.096028585545696, 14.653950485340147 ], [ 121.095489052671041, 14.654348317735241 ], [ 121.095753034316658, 14.65475697675015 ], [ 121.096029344647718, 14.655156249470281 ], [ 121.096243935845337, 14.655735902925301 ], [ 121.096256158611368, 14.656181713291517 ], [ 121.09625017603787, 14.656971709025754 ], [ 121.096280383014118, 14.657674810619255 ], [ 121.096202623539057, 14.658392835959376 ], [ 121.096146149461106, 14.658548139684285 ], [ 121.096021240305049, 14.658645291250025 ], [ 121.095917149341972, 14.658815306489942 ], [ 121.095892475928622, 14.658995152543014 ], [ 121.09590448862275, 14.659295469898211 ], [ 121.095879132450477, 14.659309610840467 ], [ 121.095948801174131, 14.659553451373654 ], [ 121.090332904916977, 14.66297797085997 ], [ 121.090253671000482, 14.663196925000307 ], [ 121.09024964300022, 14.663268508000272 ], [ 121.090261909000219, 14.663316147000216 ], [ 121.090298695000229, 14.663367840000319 ], [ 121.090355849000161, 14.663407592000226 ], [ 121.090613229000155, 14.663554564000322 ], [ 121.090756175000251, 14.663673827000139 ], [ 121.091197419000309, 14.664150674000211 ], [ 121.091261527000142, 14.664211252000257 ], [ 121.09136758, 14.664368990000185 ], [ 121.091479850000042, 14.664542498000174 ], [ 121.091566604000491, 14.664639458000352 ], [ 121.091632945000015, 14.664700696000295 ], [ 121.091729905000307, 14.664726212000232 ], [ 121.091872794000324, 14.664807863000192 ], [ 121.092236239000385, 14.665097733000152 ], [ 121.092680317000259, 14.665545807000285 ], [ 121.094327988000259, 14.66714722400036 ], [ 121.094591522282371, 14.667227007409224 ], [ 121.095096374913737, 14.667298995948101 ], [ 121.095649778913071, 14.667325450059536 ], [ 121.098158751733763, 14.668841571533562 ], [ 121.099164684543894, 14.669412081284293 ], [ 121.099171127890713, 14.669427896772618 ], [ 121.099826886024744, 14.669751114051678 ], [ 121.099883868480106, 14.669774013543247 ], [ 121.100449213058369, 14.670230438523902 ], [ 121.101808114705591, 14.670992875707327 ], [ 121.102612045069009, 14.671527100400624 ], [ 121.102876564091957, 14.67192647225869 ], [ 121.103602694742676, 14.672751149212445 ], [ 121.103643169759266, 14.672805016697453 ], [ 121.104213474933545, 14.673505075946593 ], [ 121.104396339022855, 14.67378225481616 ], [ 121.104578147561824, 14.674053727558601 ], [ 121.104739129172458, 14.674306698661155 ], [ 121.104900110782978, 14.674533387051667 ], [ 121.105090660444716, 14.674717366035225 ], [ 121.105284495445289, 14.674881632985091 ], [ 121.10560317332795, 14.6750623266297 ], [ 121.105951419261032, 14.675210166884369 ], [ 121.106298456741001, 14.675318116690846 ], [ 121.106697476095292, 14.675445495946406 ], [ 121.106823968432877, 14.675507182761862 ], [ 121.106948311604015, 14.675401232601416 ], [ 121.10698371669389, 14.675378036163238 ], [ 121.107128999648694, 14.675307225983488 ], [ 121.107177834255253, 14.675279146084677 ], [ 121.107349976243881, 14.675144850916467 ], [ 121.107408577772048, 14.675107004096219 ], [ 121.107562406782677, 14.675047181703121 ], [ 121.107776058187028, 14.67493608297292 ], [ 121.107970175748505, 14.674815217321395 ], [ 121.108156968118806, 14.674683363883503 ], [ 121.108453638354376, 14.674500234108564 ], [ 121.108520785938481, 14.674447736906245 ], [ 121.108559853623888, 14.67440500662542 ], [ 121.108616013421624, 14.674324429524518 ], [ 121.109176390533094, 14.673859279895964 ], [ 121.109589042959101, 14.673545517548177 ], [ 121.109659853138965, 14.673512554188619 ], [ 121.109752451880468, 14.673486880735084 ], [ 121.109890614298024, 14.673453303414419 ], [ 121.109929696097424, 14.673437890874027 ], [ 121.109994648947008, 14.673398809074513 ], [ 121.110095549631637, 14.67332927720912 ], [ 121.110283327939669, 14.673170975728397 ], [ 121.110371256417125, 14.673066116401458 ], [ 121.110412875157067, 14.673033852631875 ], [ 121.110530647419637, 14.672950719269807 ], [ 121.110560247934927, 14.672922378350847 ], [ 121.110584180266414, 14.672880181871619 ], [ 121.110598035827024, 14.672830427814063 ], [ 121.110596776230636, 14.672781933352837 ], [ 121.11058543986303, 14.672717693936704 ], [ 121.110562137329794, 14.672647786336825 ], [ 121.110488450940579, 14.672469553447058 ], [ 121.110465778205594, 14.6723568195697 ], [ 121.110451922645211, 14.672308325108474 ], [ 121.11040090899121, 14.672164101321414 ], [ 121.110332260987661, 14.672012949754048 ], [ 121.110298881683207, 14.671960046705351 ], [ 121.110264242782364, 14.671910922446045 ], [ 121.110132614958957, 14.671755992089516 ], [ 121.109907777002832, 14.67144739097273 ], [ 121.109825273438901, 14.671284903037986 ], [ 121.109778038574177, 14.671182875729983 ], [ 121.109728284516677, 14.671055656494104 ], [ 121.109713169359907, 14.671002123647327 ], [ 121.10970750117599, 14.670958667571767 ], [ 121.109708760772378, 14.670898206944685 ], [ 121.109747178462499, 14.670559375514586 ], [ 121.109773000188284, 14.670467424977801 ], [ 121.109835350210233, 14.67031186482302 ], [ 121.10995312247303, 14.670158194062992 ], [ 121.110055429691101, 14.670072576496977 ], [ 121.110178590227633, 14.669988603403965 ], [ 121.11029503291627, 14.669923664211979 ], [ 121.110475295155993, 14.669826255424255 ], [ 121.110543593271586, 14.669803862599451 ] ] ] ] } },
{ "type": "Feature", "properties": { "RTA_ID": "JRTA128", "TIME": 20 }, "geometry": { "type": "MultiPolygon", "coordinates": [ [ [ [ 121.058545360029939, 14.550245919228701 ], [ 121.058329879747475, 14.550826799053141 ], [ 121.058284317547049, 14.55090826170103 ], [ 121.058233097203342, 14.550986290884659 ], [ 121.058176476245976, 14.551060494282796 ], [ 121.058114739358231, 14.551130498809798 ], [ 121.058048196945677, 14.551195952491428 ], [ 121.057977183575431, 14.55125652623455 ], [ 121.057902056294097, 14.551311915481762 ], [ 121.057823192832473, 14.551361841742677 ], [ 121.057740989706446, 14.551406053994137 ], [ 121.057655860223306, 14.551444329942328 ], [ 121.057568232403753, 14.551476477140445 ], [ 121.057478546829756, 14.551502333956291 ], [ 121.057387254429472, 14.551521770384946 ], [ 121.057294814209968, 14.551534688702418 ], [ 121.055640024950208, 14.55204385462855 ], [ 121.055632887560364, 14.55211370380124 ], [ 121.055613164077045, 14.55252548583212 ], [ 121.055422807196351, 14.553346399879217 ], [ 121.055232996000314, 14.553691680000327 ], [ 121.055134747000125, 14.553733178000243 ], [ 121.05502387200022, 14.553813048000109 ], [ 121.054935998000019, 14.553893794000203 ], [ 121.054986624000207, 14.554064407000169 ], [ 121.054802999000117, 14.554123905000154 ], [ 121.054487125000151, 14.554219901000067 ], [ 121.052718177000315, 14.554785501000197 ], [ 121.052028281000275, 14.555004459000145 ], [ 121.051801181000315, 14.55506607600023 ], [ 121.049939136000148, 14.555646337000155 ], [ 121.04916138800013, 14.555920325000102 ], [ 121.048944630591336, 14.556196421810739 ], [ 121.049223314471533, 14.556280360572487 ], [ 121.050691125287926, 14.55677533446277 ], [ 121.05135675240308, 14.556741199177111 ], [ 121.051987276329669, 14.556536691650422 ], [ 121.052092704742336, 14.556680471180073 ], [ 121.052451763136901, 14.556597264423374 ], [ 121.053215975983903, 14.558821123807832 ], [ 121.053529303251139, 14.559814600508901 ], [ 121.053823525197117, 14.560685803154229 ], [ 121.05401565200043, 14.561228047000156 ], [ 121.054078237000226, 14.561723368000173 ], [ 121.054111485000135, 14.562186625000209 ], [ 121.054438150000124, 14.562034090000111 ], [ 121.054969053000264, 14.56175880700016 ], [ 121.055411472000515, 14.561503187000199 ], [ 121.056070184000646, 14.561090263000096 ], [ 121.056612902088318, 14.560762224438974 ], [ 121.058259780773369, 14.559780210930796 ], [ 121.059536016227753, 14.559153556396325 ], [ 121.060689977626566, 14.558530722926207 ], [ 121.061668170070675, 14.557842931363837 ], [ 121.062585225486828, 14.556937339140404 ], [ 121.063113294772393, 14.556264050801701 ], [ 121.061473781006043, 14.554027498000266 ], [ 121.058853323187009, 14.550604004840864 ], [ 121.058745265289758, 14.550442573055818 ], [ 121.058618867826794, 14.550291512672231 ], [ 121.058545360029939, 14.550245919228701 ] ] ] ] } },
{ "type": "Feature", "properties": { "RTA_ID": "JRTA82", "TIME": 30 }, "geometry": { "type": "MultiPolygon", "coordinates": [ [ [ [ 121.082903631001386, 14.641571980000265 ], [ 121.083566748001658, 14.641133732000242 ], [ 121.084736317001102, 14.641555460000291 ], [ 121.084933752000211, 14.640662410000346 ], [ 121.085115232000248, 14.639569505000225 ], [ 121.085012695000387, 14.638728301000242 ], [ 121.085326301000578, 14.63855820300023 ], [ 121.085219693000113, 14.638133498000172 ], [ 121.08501318600031, 14.637427799000307 ], [ 121.084885544000258, 14.63696493800029 ], [ 121.084627014000148, 14.63613414300022 ], [ 121.084163827000111, 14.634468480000294 ], [ 121.08407274200033, 14.633755329000167 ], [ 121.084241317000306, 14.633290890000239 ], [ 121.08433739650593, 14.631831518431056 ], [ 121.084467581321064, 14.631275274221025 ], [ 121.084751620917814, 14.630872884792439 ], [ 121.085201350279135, 14.630577010212676 ], [ 121.085875944320946, 14.630281135632913 ], [ 121.086200091360638, 14.630096378395137 ], [ 121.086313181200012, 14.629820228787423 ], [ 121.086330266228288, 14.628549044309352 ], [ 121.086953057745859, 14.62759485913989 ], [ 121.088883436928654, 14.625423182559132 ], [ 121.090478097993014, 14.624258660334533 ], [ 121.091211682244079, 14.624061930008793 ], [ 121.092028273947676, 14.624075207922658 ], [ 121.092722044947664, 14.624281015587655 ], [ 121.093447623000543, 14.624270257000205 ], [ 121.093740229000105, 14.62418245300023 ], [ 121.094375007000053, 14.624212929000237 ], [ 121.09448758200017, 14.624247955000271 ], [ 121.095180072000403, 14.62469881200019 ], [ 121.095229650000419, 14.624692647000302 ], [ 121.095344939000142, 14.624663626000313 ], [ 121.095723125000177, 14.624682090000249 ], [ 121.095719585000097, 14.624672105000229 ], [ 121.095717434000676, 14.624651093000239 ], [ 121.095718878000298, 14.62464059700028 ], [ 121.095726624000235, 14.624620947000267 ], [ 121.095744986000113, 14.624603007000189 ], [ 121.09579306400019, 14.624550458000215 ], [ 121.095837070000243, 14.624494455000274 ], [ 121.095876756000052, 14.62443531200023 ], [ 121.095971940000595, 14.624273071000232 ], [ 121.096051716000261, 14.624103756000181 ], [ 121.09612956300009, 14.623922783000239 ], [ 121.096347025000455, 14.623432064000212 ], [ 121.09703521900019, 14.623837939000282 ], [ 121.097135590000107, 14.623898470000256 ], [ 121.097276784000201, 14.624012596000284 ], [ 121.097400406000133, 14.624135568000156 ], [ 121.097495759000253, 14.624240255000188 ], [ 121.097576476000313, 14.624332260000244 ], [ 121.098018343000149, 14.624149642000248 ], [ 121.098437661000276, 14.623958815000151 ], [ 121.098704761000135, 14.623847948000162 ], [ 121.098842502000252, 14.623798500000305 ], [ 121.098858382000117, 14.62387370200031 ], [ 121.098879553000074, 14.624029277000318 ], [ 121.098879574000307, 14.624204580000196 ], [ 121.098887769000044, 14.624390836000316 ], [ 121.098884199000281, 14.624571514000309 ], [ 121.098881543000061, 14.624623916000246 ], [ 121.099284890000263, 14.624623571000313 ], [ 121.099851630000217, 14.624631831000272 ], [ 121.100070872000288, 14.624622765000197 ], [ 121.100250650000589, 14.624605242000257 ], [ 121.100484215000279, 14.624591785000348 ], [ 121.100790514000323, 14.624550941000166 ], [ 121.10090197, 14.624542823000183 ], [ 121.101185649000286, 14.624509891000287 ], [ 121.101424848000192, 14.624479295000242 ], [ 121.10232326600044, 14.624369334000278 ], [ 121.102500073000328, 14.624342217000276 ], [ 121.103035969000075, 14.624250192000204 ], [ 121.10410810500025, 14.624129585000276 ], [ 121.10779992804737, 14.623754764946852 ], [ 121.108379469405577, 14.622107426934008 ], [ 121.108174477229454, 14.622059381892655 ], [ 121.106545426364391, 14.621697370589402 ], [ 121.104666107480966, 14.621325200805529 ], [ 121.102929930821801, 14.620955801516402 ], [ 121.101927011751854, 14.620756325900288 ], [ 121.099957190042574, 14.620346292689362 ], [ 121.096683388842507, 14.619611188104159 ], [ 121.095447697092482, 14.619338858179333 ], [ 121.093956026055139, 14.619032925364593 ], [ 121.092542105513076, 14.618692472551288 ], [ 121.091964014241512, 14.618611753628215 ], [ 121.091784632106624, 14.618584986150381 ], [ 121.091694810672038, 14.618573408350642 ], [ 121.091457192786493, 14.618555199057027 ], [ 121.091241675564788, 14.618565788115745 ], [ 121.091145631749782, 14.618576870094614 ], [ 121.090864888289843, 14.618628585994998 ], [ 121.09062108475905, 14.618683995888546 ], [ 121.090377281228257, 14.618754181753104 ], [ 121.090188887590671, 14.618846531575514 ], [ 121.089995876462353, 14.618946269383571 ], [ 121.08968188706649, 14.619167908957081 ], [ 121.089438083535697, 14.619352608601673 ], [ 121.089146258097344, 14.619617652591785 ], [ 121.088577383191932, 14.6201754455181 ], [ 121.088148880016774, 14.620584555230778 ], [ 121.086596479504124, 14.622078775355305 ], [ 121.086245088430587, 14.62243432217133 ], [ 121.086180166473355, 14.622432232045526 ], [ 121.082012888472377, 14.622414048057351 ], [ 121.081821605093751, 14.622424570823114 ], [ 121.081782327709789, 14.621766674643482 ], [ 121.081654676211883, 14.621157875193489 ], [ 121.08140919256266, 14.620490159667952 ], [ 121.081134250875948, 14.620009011715354 ], [ 121.080800393112781, 14.61976352806613 ], [ 121.080417438619861, 14.619557321801096 ], [ 121.080054122819433, 14.619302018805627 ], [ 121.079651529635044, 14.618948522350763 ], [ 121.079356949255725, 14.6185950258959 ], [ 121.079082007568786, 14.618113877943699 ], [ 121.079006028479739, 14.61797616584505 ], [ 121.075906220819434, 14.619459241341247 ], [ 121.076583639878436, 14.620788040270099 ], [ 121.076602608740131, 14.620806809379246 ], [ 121.076650267319792, 14.621925400552868 ], [ 121.075834365152105, 14.623316139701444 ], [ 121.075739322034337, 14.623473470850229 ], [ 121.075674920405959, 14.623644969247607 ], [ 121.07554946200014, 14.623717547000126 ], [ 121.075412714000208, 14.62377964000018 ], [ 121.075362109000025, 14.62382349700016 ], [ 121.075286933000029, 14.623905930000319 ], [ 121.075550517260922, 14.62407445501492 ], [ 121.075220701568128, 14.624445711627004 ], [ 121.075159312477695, 14.624552452278522 ], [ 121.075137293601188, 14.624672890303259 ], [ 121.075077577501929, 14.625702861652144 ], [ 121.074548058067421, 14.628520900642741 ], [ 121.076465281475862, 14.629317113069249 ], [ 121.076753581265621, 14.629571485908116 ], [ 121.076870805053431, 14.629679611470692 ], [ 121.076949047575795, 14.629817140941498 ], [ 121.07718469928443, 14.630387310912283 ], [ 121.077297259054944, 14.630609241442414 ], [ 121.077348885558195, 14.630806364165721 ], [ 121.077352602758992, 14.630827717947227 ], [ 121.077369547185867, 14.631008742714471 ], [ 121.07736835091805, 14.631031862971668 ], [ 121.077369934802732, 14.631052114915065 ], [ 121.077358747500057, 14.631211855385175 ], [ 121.077355805263892, 14.631233334888861 ], [ 121.077316756910932, 14.631411006087319 ], [ 121.07691110763551, 14.632160740869665 ], [ 121.076865041861197, 14.63226534950752 ], [ 121.076863819177902, 14.632273922854154 ], [ 121.076860927055804, 14.632280856076363 ], [ 121.076858040991283, 14.632313449330866 ], [ 121.076848599469372, 14.632378153773686 ], [ 121.076851070753378, 14.632393172624575 ], [ 121.076849546075209, 14.632410055865705 ], [ 121.076863915645504, 14.63247369203583 ], [ 121.07687081191159, 14.632516666216475 ], [ 121.076875630972154, 14.632525741222082 ], [ 121.076878137676317, 14.63253669452331 ], [ 121.076937384074313, 14.632640998341174 ], [ 121.076944045313326, 14.632649456095805 ], [ 121.077041313069003, 14.632737991236638 ], [ 121.079580058057786, 14.633936232186329 ], [ 121.079915805005726, 14.634438468077576 ], [ 121.080214242922921, 14.634962712984475 ], [ 121.080473865376575, 14.635506153689846 ], [ 121.080693393905108, 14.636066159542395 ], [ 121.080871859268655, 14.636639741010924 ], [ 121.081008212525717, 14.637224269295018 ], [ 121.081062399253028, 14.63762913248371 ], [ 121.081148929550409, 14.638028750810918 ], [ 121.081267367198393, 14.638420500449683 ], [ 121.08141689174613, 14.638801935097092 ], [ 121.082903631001386, 14.641571980000265 ] ] ] ] } },
{ "type": "Feature", "properties": { "RTA_ID": "JRTA82", "TIME": 30 }, "geometry": { "type": "MultiPolygon", "coordinates": [ [ [ [ 121.11906750413948, 14.635565257315875 ], [ 121.119214474513456, 14.635545791041068 ], [ 121.119421303681634, 14.635562337374608 ], [ 121.119622292967506, 14.635619276228226 ], [ 121.119687991644582, 14.635659668748133 ], [ 121.119808195890755, 14.635696168012885 ], [ 121.1200179450002, 14.635723420797433 ], [ 121.120412623719062, 14.635699087954151 ], [ 121.120607286465656, 14.635708821091498 ], [ 121.120705104496096, 14.635734613905584 ], [ 121.120730897309841, 14.635760893376073 ], [ 121.120800489241901, 14.636001788525107 ], [ 121.120854508153911, 14.63604948089818 ], [ 121.121033111224051, 14.63619158470317 ], [ 121.121072043773324, 14.636242683674425 ], [ 121.12117034846051, 14.636397927214603 ], [ 121.121253566784844, 14.636453892754503 ], [ 121.12132607865783, 14.636479198911502 ], [ 121.121408810325192, 14.636464112548765 ], [ 121.121542640963639, 14.636377974283164 ], [ 121.121787916024346, 14.636307409037613 ], [ 121.121844368220877, 14.636309842321793 ], [ 121.122135875683853, 14.63638089422426 ], [ 121.122366551038795, 14.63648552545061 ], [ 121.122751983277226, 14.636828618541642 ], [ 121.122768529610426, 14.636868037748002 ], [ 121.122747603365497, 14.636914756807016 ], [ 121.122676064805887, 14.637058807239612 ], [ 121.122612312756246, 14.637202857672321 ], [ 121.122599659677803, 14.637264176437498 ], [ 121.122616692668089, 14.637322088604662 ], [ 121.122706724188674, 14.637431586399657 ], [ 121.122745656737948, 14.637510911468837 ], [ 121.122757336502673, 14.637569310292747 ], [ 121.122751009963395, 14.637659341813105 ], [ 121.122757823159418, 14.63769876101918 ], [ 121.122788482541978, 14.637725040490011 ], [ 121.122828875061941, 14.637738666882285 ], [ 121.122918419925554, 14.637741586823552 ], [ 121.123249346594889, 14.637727960431278 ], [ 121.123394856998061, 14.637681241372263 ], [ 121.123454229135859, 14.63767540148973 ], [ 121.123531120920688, 14.6377007076469 ], [ 121.123576866666212, 14.637735746941019 ], [ 121.123608012705745, 14.63777565280418 ], [ 121.123652298480465, 14.637793659108183 ], [ 121.123724323696592, 14.637798525676828 ], [ 121.123789049059837, 14.637775166147435 ], [ 121.123893741849542, 14.637653997830455 ], [ 121.123984549937745, 14.63739716894446 ], [ 121.124045976848947, 14.637321899349104 ], [ 121.124105110519167, 14.637234246258629 ], [ 121.124158707757942, 14.637127808888806 ], [ 121.124211223891962, 14.636961989559666 ], [ 121.124270920467325, 14.636845191911846 ], [ 121.124321100197562, 14.63678289983261 ], [ 121.124402425967332, 14.636723203256963 ], [ 121.12446731354953, 14.636719742586251 ], [ 121.124525279789736, 14.636730989767045 ], [ 121.124561616835649, 14.636712821243805 ], [ 121.12459189770766, 14.636635821313121 ], [ 121.12464553810878, 14.636462787760479 ], [ 121.124693122335657, 14.636414338365569 ], [ 121.124764066092439, 14.636403091184832 ], [ 121.124801268305987, 14.63640222601714 ], [ 121.12482289750028, 14.636388383332985 ], [ 121.124878781382677, 14.636331303762404 ], [ 121.124917200786513, 14.636288889039974 ], [ 121.124980358033099, 14.636259473336338 ], [ 121.125064279306002, 14.636233518303186 ], [ 121.125115324204103, 14.636204967767071 ], [ 121.125148963004676, 14.636147334348834 ], [ 121.125210105692531, 14.636094427386467 ], [ 121.125254742457059, 14.636092527989206 ], [ 121.125290689222084, 14.636086492663878 ], [ 121.125333010870122, 14.636086833464503 ], [ 121.125387752303027, 14.636138776190194 ], [ 121.125437648238631, 14.636238567643545 ], [ 121.125473601662293, 14.636276805931288 ], [ 121.12549223646306, 14.636299544542965 ], [ 121.12551833356531, 14.63629975467444 ], [ 121.125544301036484, 14.636279182279623 ], [ 121.125581696278573, 14.636183707856219 ], [ 121.125647194514045, 14.636050510895927 ], [ 121.125679814026626, 14.635994663519057 ], [ 121.12572217461809, 14.635963380566295 ], [ 121.125809535027656, 14.635950530730781 ], [ 121.125873423245935, 14.635943816707311 ], [ 121.125939600280844, 14.635910918349509 ], [ 121.125977254077043, 14.635884115169574 ], [ 121.126045512213068, 14.635876532729469 ], [ 121.126303268363358, 14.635887642792056 ], [ 121.126416702624965, 14.635886748628366 ], [ 121.126527359255874, 14.635861436393725 ], [ 121.126642867679834, 14.635850619835253 ], [ 121.126747278799598, 14.635857784788527 ], [ 121.126919603161809, 14.63588898823366 ], [ 121.127113409945764, 14.635914039575994 ], [ 121.127247936166327, 14.635916928860695 ], [ 121.127342345448824, 14.635876125293237 ], [ 121.127420124975856, 14.635801756815283 ], [ 121.127436572224724, 14.635748580041366 ], [ 121.127457519336872, 14.635706281980845 ], [ 121.12749505844954, 14.635656889020026 ], [ 121.127528075080022, 14.635626343737101 ], [ 121.127577759113251, 14.635615900811501 ], [ 121.127619920232974, 14.635599072567231 ], [ 121.127676408075331, 14.635571517010476 ], [ 121.127817563504323, 14.635424471007013 ], [ 121.127965805459439, 14.635281096052097 ], [ 121.128083396878537, 14.635187079099467 ], [ 121.128179949037303, 14.635101115173882 ], [ 121.128285891421228, 14.635017937322459 ], [ 121.128361404722796, 14.634976077819545 ], [ 121.128455744561506, 14.634934369627615 ], [ 121.128616107343191, 14.634904938157035 ], [ 121.128722202141034, 14.634875973949647 ], [ 121.128835445037566, 14.634825382078532 ], [ 121.12891780759719, 14.634797130585127 ], [ 121.129002689580943, 14.634760586699315 ], [ 121.129130090497029, 14.634719143888333 ], [ 121.129215100980332, 14.634685492292022 ], [ 121.129297585971244, 14.634642784925802 ], [ 121.12934929641392, 14.634600914522878 ], [ 121.129377528770988, 14.634556867677418 ], [ 121.129403335180996, 14.634492019813763 ], [ 121.129440942566134, 14.634434495111122 ], [ 121.129487848415238, 14.634372527379867 ], [ 121.129539499804878, 14.634337613741309 ], [ 121.129617377406703, 14.634314747205792 ], [ 121.129879578931764, 14.634279808053975 ], [ 121.129964719214854, 14.634275974169498 ], [ 121.130042742112323, 14.634308224881977 ], [ 121.130101785434704, 14.634349358590839 ], [ 121.130156435140975, 14.634412232432283 ], [ 121.130212204371105, 14.634740486367434 ], [ 121.13024817222697, 14.634876487650729 ], [ 121.13027226407678, 14.634977878146572 ], [ 121.130293761563394, 14.635042202469663 ], [ 121.130312702941296, 14.635073978650269 ], [ 121.130350777042622, 14.635123979372963 ], [ 121.130421989047477, 14.635174246197607 ], [ 121.130568866487465, 14.635264063366606 ], [ 121.130677754839326, 14.635357099261682 ], [ 121.130729933721341, 14.635395467100352 ], [ 121.130772576892127, 14.635457250539332 ], [ 121.130784898471234, 14.635511562168176 ], [ 121.130792084807922, 14.635557700661877 ], [ 121.13151858534161, 14.635754451594039 ], [ 121.132105991434628, 14.635891353969157 ], [ 121.13301068683711, 14.63598679697094 ], [ 121.134004725984141, 14.63621514150941 ], [ 121.13480799304466, 14.63564182962773 ], [ 121.135152485881576, 14.635487057483488 ], [ 121.13524636009447, 14.624373603225251 ], [ 121.133957500000292, 14.624298575000068 ], [ 121.133805113000221, 14.624290945000098 ], [ 121.132582345000287, 14.624314568000216 ], [ 121.131805192, 14.624387696000213 ], [ 121.130953164000061, 14.624501904000056 ], [ 121.129819712000085, 14.624677844000246 ], [ 121.128253217000179, 14.624890784000286 ], [ 121.126823968000167, 14.625100614000075 ], [ 121.126127199000166, 14.625204949000249 ], [ 121.12575155400009, 14.625249672000109 ], [ 121.125496331359386, 14.625289605564831 ], [ 121.12517125998454, 14.625335780476235 ], [ 121.125006415551525, 14.625351018196966 ], [ 121.124793087461398, 14.625365794168715 ], [ 121.124682498549305, 14.625362792799251 ], [ 121.124504378829101, 14.625354135003533 ], [ 121.12449924900011, 14.625401166000074 ], [ 121.124477686000205, 14.62551671600005 ], [ 121.124076993000017, 14.627998392 ], [ 121.123986333000289, 14.628372364000029 ], [ 121.123912672000188, 14.628570682000088 ], [ 121.123856010000054, 14.628655675000118 ], [ 121.123776683000187, 14.628740669000081 ], [ 121.12367469000003, 14.628831329000263 ], [ 121.123549624000134, 14.628897021 ], [ 121.122990451000305, 14.62902444100007 ], [ 121.121897729000125, 14.629220805000159 ], [ 121.120252562000019, 14.629550351999967 ], [ 121.119100838000122, 14.630266064999944 ], [ 121.116789165000228, 14.631722173000185 ], [ 121.116941152000322, 14.633103494000181 ], [ 121.117024743000229, 14.633749926000178 ], [ 121.117097187000127, 14.634078715000328 ], [ 121.117102760000193, 14.634329486000183 ], [ 121.116829698000288, 14.634357349000254 ], [ 121.116573355000128, 14.634429794000312 ], [ 121.115447671000311, 14.634507812000209 ], [ 121.115815469000268, 14.635460742000191 ], [ 121.115865623000332, 14.635728231000201 ], [ 121.115965931, 14.636363517000177 ], [ 121.115993795, 14.63669787900028 ], [ 121.116032804000497, 14.637806844000295 ], [ 121.116072617782265, 14.638011681384683 ], [ 121.116294046656435, 14.637814585353453 ], [ 121.11658312083523, 14.637490471880312 ], [ 121.116755397366205, 14.637302622330026 ], [ 121.116951520083376, 14.63713764565199 ], [ 121.117006025652358, 14.637044694190536 ], [ 121.117066371103988, 14.63699018862161 ], [ 121.117158835908526, 14.636959529238823 ], [ 121.11744693677349, 14.63694492953266 ], [ 121.117812416080369, 14.636914270150442 ], [ 121.11803627823906, 14.636908430267908 ], [ 121.118345305349408, 14.636904050356009 ], [ 121.118448963262267, 14.636883610767484 ], [ 121.11856478759637, 14.636830565169362 ], [ 121.118623186420336, 14.636766326462919 ], [ 121.118636812812611, 14.636699654471954 ], [ 121.118619779822438, 14.63634342164562 ], [ 121.118615065466997, 14.635982640437703 ], [ 121.118626559000063, 14.635860219999984 ], [ 121.118736090813513, 14.635712714346425 ], [ 121.118877707961587, 14.635635335904453 ], [ 121.11906750413948, 14.635565257315875 ] ] ] ] } },
{ "type": "Feature", "properties": { "RTA_ID": "JRTA37", "TIME": 30 }, "geometry": { "type": "MultiPolygon", "coordinates": [ [ [ [ 121.078372591245966, 14.61569507652905 ], [ 121.078484469711725, 14.61509055070394 ], [ 121.078011752446173, 14.614997947455663 ], [ 121.077786308194618, 14.614777436172119 ], [ 121.07772957637701, 14.614771547222858 ], [ 121.0776139226449, 14.614800409715883 ], [ 121.077483819978283, 14.614836381159648 ], [ 121.077366059158521, 14.614843541617518 ], [ 121.077339855706327, 14.614820737446166 ], [ 121.077316553038258, 14.614728386009631 ], [ 121.07727899874169, 14.614620466799352 ], [ 121.077194227493919, 14.614556521051952 ], [ 121.077087873116511, 14.614510467681043 ], [ 121.076995994512231, 14.614506999205446 ], [ 121.076937008549976, 14.614487538651701 ], [ 121.076911243283462, 14.614423176055027 ], [ 121.076885167778642, 14.614376881332703 ], [ 121.076797700210022, 14.61435899282742 ], [ 121.076724659564661, 14.614362907838313 ], [ 121.076431429268609, 14.61452763989314 ], [ 121.076238021015456, 14.614688768083056 ], [ 121.076097043177356, 14.614796027172872 ], [ 121.07592568767177, 14.614929237541446 ], [ 121.075791061482278, 14.615001311509218 ], [ 121.075696386523873, 14.615011372234278 ], [ 121.075604547822991, 14.614968148588275 ], [ 121.075515317316103, 14.614897840810215 ], [ 121.075434923307284, 14.614867360885455 ], [ 121.075345245904373, 14.614874752169499 ], [ 121.075210581764622, 14.614880868442128 ], [ 121.075123252920207, 14.614890989594414 ], [ 121.074965115191162, 14.614947509055526 ], [ 121.074893703345651, 14.615019200975667 ], [ 121.074837723350242, 14.615237156110311 ], [ 121.074582736565844, 14.615237156110311 ], [ 121.072876286547285, 14.614790929237643 ], [ 121.071542509521009, 14.614511424493287 ], [ 121.071292426328796, 14.614457484981244 ], [ 121.071120800608583, 14.614462388573259 ], [ 121.070636849002199, 14.614665064638018 ], [ 121.070620322408558, 14.614804973269145 ], [ 121.070606638467439, 14.615399465719975 ], [ 121.07063425999138, 14.615584102525759 ], [ 121.070673990850196, 14.615757906983504 ], [ 121.070732893927811, 14.615918317343869 ], [ 121.070807489636763, 14.616113281646165 ], [ 121.070942477169751, 14.616394580047256 ], [ 121.071124570737197, 14.616828962932857 ], [ 121.072960348843026, 14.620808701699275 ], [ 121.073012975228608, 14.620925690920274 ], [ 121.074254703762108, 14.623624379991952 ], [ 121.074357918545502, 14.624062917821448 ], [ 121.074431938785779, 14.624470029144618 ], [ 121.07444427549251, 14.62484629870039 ], [ 121.07444427549251, 14.62535827203061 ], [ 121.074413433725681, 14.625925760541008 ], [ 121.074320908425193, 14.62634520857074 ], [ 121.074222214771225, 14.626702973066642 ], [ 121.074185204650917, 14.627887296914707 ], [ 121.074184883206044, 14.628504417568649 ], [ 121.074548058067421, 14.628520900642741 ], [ 121.075077577501929, 14.625702861652144 ], [ 121.075137293601188, 14.624672890303259 ], [ 121.075159312477695, 14.624552452278522 ], [ 121.075220701568128, 14.624445711627004 ], [ 121.075550517260922, 14.62407445501492 ], [ 121.075286933000029, 14.623905930000319 ], [ 121.075362109000025, 14.62382349700016 ], [ 121.075412714000208, 14.62377964000018 ], [ 121.07554946200014, 14.623717547000126 ], [ 121.075674920405959, 14.623644969247607 ], [ 121.075739322034337, 14.623473470850229 ], [ 121.075834365152105, 14.623316139701444 ], [ 121.076650267319792, 14.621925400552868 ], [ 121.076602608740131, 14.620806809379246 ], [ 121.076583639878436, 14.620788040270099 ], [ 121.075906220819434, 14.619459241341247 ], [ 121.079006028479739, 14.61797616584505 ], [ 121.078611398996941, 14.617291317813795 ], [ 121.078479426292461, 14.616977097088295 ], [ 121.078372591245966, 14.616499481585777 ], [ 121.078334884758874, 14.616034434912251 ], [ 121.078372591245966, 14.61569507652905 ] ] ] ] } },
{ "type": "Feature", "properties": { "RTA_ID": "JRTA37", "TIME": 30 }, "geometry": { "type": "MultiPolygon", "coordinates": [ [ [ [ 121.096146149460992, 14.658548139684285 ], [ 121.096202623538829, 14.658392835959205 ], [ 121.096280383014118, 14.657674810619028 ], [ 121.09625017603787, 14.656971709025754 ], [ 121.096256158611368, 14.656181713291346 ], [ 121.096243935845109, 14.655735902925073 ], [ 121.096029344647718, 14.65515624947011 ], [ 121.095753034316658, 14.654756976749979 ], [ 121.095241083626775, 14.653964546330883 ], [ 121.094459399106654, 14.65344737832487 ], [ 121.091145173604787, 14.652174506718552 ], [ 121.090382216088642, 14.651777107176997 ], [ 121.090174346879508, 14.651493808879479 ], [ 121.089913799418696, 14.651290108132514 ], [ 121.089599213396582, 14.650852155042912 ], [ 121.089315469141297, 14.649951575449961 ], [ 121.089179765367021, 14.649273056578465 ], [ 121.089167428660289, 14.648724073128108 ], [ 121.089275225627034, 14.648377374760344 ], [ 121.089290158018343, 14.647977127484637 ], [ 121.08956773941884, 14.646619511212123 ], [ 121.089568371629753, 14.646158038123758 ], [ 121.089673233636859, 14.645861957161856 ], [ 121.089726814670144, 14.645737189887825 ], [ 121.089831378798635, 14.645448357662872 ], [ 121.089907614036861, 14.645316185654735 ], [ 121.090105018373151, 14.644856515561685 ], [ 121.090425772749086, 14.644356878938197 ], [ 121.090820547364729, 14.643357605691278 ], [ 121.090960392970828, 14.642821947683217 ], [ 121.090520559995639, 14.642742466060326 ], [ 121.090521217249716, 14.64274133080329 ], [ 121.088789436001889, 14.642423438000208 ], [ 121.088073987001962, 14.642264324000166 ], [ 121.084736317001557, 14.641555460000291 ], [ 121.083566748001658, 14.641133732000242 ], [ 121.082903631001386, 14.641571980000265 ], [ 121.083740650000209, 14.643855363000114 ], [ 121.083699925000133, 14.644595079 ], [ 121.083663516000229, 14.644987926000283 ], [ 121.083630040000116, 14.645160281000244 ], [ 121.083593335000046, 14.645290094000075 ], [ 121.08350355000016, 14.645501679000233 ], [ 121.083156430000031, 14.646163091000062 ], [ 121.082875909, 14.646161586000062 ], [ 121.082742267000299, 14.646177308000119 ], [ 121.082647932000214, 14.646208754000213 ], [ 121.082545735000053, 14.646248060000119 ], [ 121.082427815000074, 14.646334534000118 ], [ 121.082088467000062, 14.646619694000094 ], [ 121.081948276000048, 14.646704015000239 ], [ 121.08183821800003, 14.646790489000296 ], [ 121.081673131000116, 14.646869101999982 ], [ 121.081589908000069, 14.646937998 ], [ 121.081460876000051, 14.647010605000219 ], [ 121.081280066000204, 14.647081357000047 ], [ 121.081052089000082, 14.647065635 ], [ 121.080824111000084, 14.647018466999953 ], [ 121.080635440000151, 14.64694771500001 ], [ 121.08047086800002, 14.646872970000288 ], [ 121.080372408000244, 14.646823570000095 ], [ 121.07974809100017, 14.646074425000052 ], [ 121.079331901000046, 14.645564026000159 ], [ 121.079128656000194, 14.645358068000178 ], [ 121.079013569000153, 14.645245113000158 ], [ 121.078893090000065, 14.645135700999958 ], [ 121.078622949000192, 14.645021698000221 ], [ 121.078329086000281, 14.644986714000026 ], [ 121.078041213, 14.644943085000023 ], [ 121.077876126000092, 14.644943085000023 ], [ 121.077735477000147, 14.64496341 ], [ 121.077585911000028, 14.645016369000075 ], [ 121.077461070000027, 14.645094031999975 ], [ 121.077335910000215, 14.645186049000245 ], [ 121.077058286000124, 14.64549388000006 ], [ 121.076846297000088, 14.645650602000217 ], [ 121.076719679000121, 14.645763805000058 ], [ 121.076476816000309, 14.64590216299996 ], [ 121.07635103500013, 14.645965053000054 ], [ 121.076185948000102, 14.646027944000025 ], [ 121.07601300000033, 14.646075112000176 ], [ 121.075792883000304, 14.646114418000025 ], [ 121.075529648000156, 14.646145407000063 ], [ 121.074454141000047, 14.646185704000061 ], [ 121.074360107357847, 14.646180423489454 ], [ 121.074372671701212, 14.647485894829572 ], [ 121.07439612494727, 14.64826271723706 ], [ 121.074392451044105, 14.649471796776083 ], [ 121.07438230600394, 14.650949919000197 ], [ 121.074380583396305, 14.651603932139665 ], [ 121.07436871585378, 14.653071551584276 ], [ 121.074372671700985, 14.653676796260925 ], [ 121.074418023909175, 14.65488230699998 ], [ 121.074388688247836, 14.65602738000365 ], [ 121.074366436605146, 14.65678616101394 ], [ 121.074352456748102, 14.657499524417119 ], [ 121.07437490429129, 14.657663358681191 ], [ 121.074527676871639, 14.657876804200896 ], [ 121.074798921349725, 14.658132324361873 ], [ 121.07528637519556, 14.658533294460426 ], [ 121.076045073519595, 14.659185853640452 ], [ 121.076194454536676, 14.659362752213553 ], [ 121.076229834251535, 14.65948658121431 ], [ 121.076239661949785, 14.659683135184366 ], [ 121.07634815065137, 14.659710257530492 ], [ 121.076408698363821, 14.6597421013754 ], [ 121.076530561824825, 14.6598226885028 ], [ 121.076601321254429, 14.659871826995527 ], [ 121.076766426588961, 14.660005483695102 ], [ 121.076923669765165, 14.660174520108967 ], [ 121.077051429845369, 14.66027279709391 ], [ 121.077208673021573, 14.660355349761517 ], [ 121.077308915546041, 14.660394660555426 ], [ 121.077466158722245, 14.660418247031657 ], [ 121.077914301773262, 14.660461488905071 ], [ 121.078313306332234, 14.660544041572507 ], [ 121.078427307634684, 14.660612835462018 ], [ 121.078610102826474, 14.660746492161593 ], [ 121.078765380463096, 14.660817251590515 ], [ 121.078969796591537, 14.660866390083072 ], [ 121.079410077483999, 14.660921425194431 ], [ 121.079864117154898, 14.660974494766663 ], [ 121.080398743952514, 14.661043288656003 ], [ 121.080783989733732, 14.661102254847037 ], [ 121.080941715011932, 14.661128154999972 ], [ 121.081502999011605, 14.661185600000067 ], [ 121.081630012011942, 14.661158382999986 ], [ 121.081747952011938, 14.661113022000052 ], [ 121.082083885012253, 14.660775836000084 ], [ 121.082263476012145, 14.660588923000319 ], [ 121.082438920012237, 14.660354289999987 ], [ 121.082540951012106, 14.660207177000018 ], [ 121.082667442011598, 14.659956650000311 ], [ 121.082826563011736, 14.659710088000168 ], [ 121.082993682011988, 14.659538099000088 ], [ 121.083263028011856, 14.65937113800004 ], [ 121.083471691012164, 14.65928948700008 ], [ 121.083733806012106, 14.659068975000139 ], [ 121.083873045011956, 14.659009911000226 ], [ 121.083983204011929, 14.658902577000049 ], [ 121.084256767012448, 14.658739488000151 ], [ 121.084448649011961, 14.658643968000092 ], [ 121.08463810201215, 14.658511364000276 ], [ 121.084832538012392, 14.658463907000169 ], [ 121.085168213012366, 14.6584276170002 ], [ 121.085440383012497, 14.658418545000131 ], [ 121.085667191012249, 14.658491124000022 ], [ 121.086891953012355, 14.659597946000304 ], [ 121.087490725012003, 14.660223935000317 ], [ 121.087606129012102, 14.660408038000185 ], [ 121.087617738012113, 14.660532393999972 ], [ 121.087752850011952, 14.66076639500011 ], [ 121.088087885012555, 14.661102026000037 ], [ 121.088528227012375, 14.661500661000105 ], [ 121.089315898012615, 14.662260676000017 ], [ 121.089713442012112, 14.662673459000303 ], [ 121.090079376538711, 14.662957808783119 ], [ 121.090268427171281, 14.663017288768174 ], [ 121.095948801173904, 14.659553451373654 ], [ 121.095879132450364, 14.659309610840467 ], [ 121.095904488622637, 14.659295469897984 ], [ 121.095892475928508, 14.658995152543014 ], [ 121.095917149341858, 14.658815306489942 ], [ 121.096021240305049, 14.658645291250025 ], [ 121.096146149460992, 14.658548139684285 ] ] ] ] } },
{ "type": "Feature", "properties": { "RTA_ID": "JRTA134", "TIME": 20 }, "geometry": { "type": "MultiPolygon", "coordinates": [ [ [ [ 120.983569334381741, 14.670730092677161 ], [ 120.983957035593448, 14.670508904165388 ], [ 120.984419294730401, 14.670059071349442 ], [ 120.984901435980646, 14.66958438589154 ], [ 120.98533138668347, 14.6691867436233 ], [ 120.985555060459319, 14.668903423507118 ], [ 120.985644529969704, 14.668806498204333 ], [ 120.985786190027738, 14.668746851864 ], [ 120.986034716445374, 14.668729455014727 ], [ 120.986457211355514, 14.668746851864 ], [ 120.987148127632622, 14.668966652015229 ], [ 120.988199688186796, 14.669429192059908 ], [ 120.98854588195627, 14.669605930251976 ], [ 120.988883209103847, 14.669798130953382 ], [ 120.989210982486611, 14.670005607560825 ], [ 120.989528366008585, 14.670227720444473 ], [ 120.989537018000078, 14.669898691000071 ], [ 120.989529018000098, 14.66930159900005 ], [ 120.989552518000096, 14.668760510000141 ], [ 120.989580139000054, 14.668187801000101 ], [ 120.989625508000131, 14.667582961000164 ], [ 120.989877508000063, 14.667643711000039 ], [ 120.990065758000128, 14.667679580000026 ], [ 120.990487758000086, 14.667808820000062 ], [ 120.990800889000298, 14.667912810000189 ], [ 120.991379389000031, 14.668235910000078 ], [ 120.99210025800005, 14.668525890000069 ], [ 120.992147008000074, 14.667806929 ], [ 120.992184879000092, 14.667184720000137 ], [ 120.992272987000092, 14.665571597000167 ], [ 120.992276105198926, 14.665547625266925 ], [ 120.992282198, 14.665524232000053 ], [ 120.992296269, 14.665491797000129 ], [ 120.992308116, 14.665472862000058 ], [ 120.992421120000017, 14.665318961000025 ], [ 120.992304120000085, 14.665176849000204 ], [ 120.992133120000176, 14.665034480000031 ], [ 120.991913608000118, 14.664868000000126 ], [ 120.991976201000057, 14.664693578000083 ], [ 120.992064475, 14.664512424000179 ], [ 120.992220560000078, 14.664294142000074 ], [ 120.992418705000091, 14.664000331000182 ], [ 120.992798874000187, 14.663474093000161 ], [ 120.993077744000175, 14.663111394000111 ], [ 120.993640526000149, 14.662341931000128 ], [ 120.993678979000038, 14.662294261000056 ], [ 120.993262393, 14.661982598000122 ], [ 120.993217723000043, 14.661910841000122 ], [ 120.993245677000118, 14.6596066890001 ], [ 120.993287587000168, 14.657346585000141 ], [ 120.993293219839643, 14.657223201291004 ], [ 120.990499940179461, 14.657191727717418 ], [ 120.990501977000122, 14.657068480000135 ], [ 120.990501960000188, 14.656556662000071 ], [ 120.99050933400008, 14.655655785000022 ], [ 120.990569765000032, 14.655649977999985 ], [ 120.991239643000199, 14.655658496000171 ], [ 120.991189499000143, 14.654091092000158 ], [ 120.991172087000109, 14.652735467000184 ], [ 120.99115084600021, 14.652579899000102 ], [ 120.991105864000019, 14.651307164000059 ], [ 120.991045960000065, 14.649767685000143 ], [ 120.991022682000107, 14.648524679000104 ], [ 120.990989908000074, 14.647123130000068 ], [ 120.990994228000091, 14.646624334000194 ], [ 120.990975211000205, 14.646191325000132 ], [ 120.990962135000132, 14.645694229000071 ], [ 120.990952753000101, 14.645230593000065 ], [ 120.99094979400013, 14.645225127000117 ], [ 120.990934519, 14.644770466000068 ], [ 120.990909943000133, 14.644326459000013 ], [ 120.990896982845584, 14.643966268515499 ], [ 120.990069268583966, 14.644194540289959 ], [ 120.988049212426404, 14.644294952538758 ], [ 120.985857820343881, 14.644378333220175 ], [ 120.984363223406831, 14.644423169369531 ], [ 120.983860322418764, 14.644400762889859 ], [ 120.98363990495011, 14.644404133594946 ], [ 120.983858810327547, 14.651523536299862 ], [ 120.984052535977071, 14.657099897052035 ], [ 120.984067566328804, 14.657428894751718 ], [ 120.984099142399259, 14.658677903765067 ], [ 120.984120193112972, 14.660087424470532 ], [ 120.984144752279008, 14.660871563556327 ], [ 120.98417632834969, 14.661660088207384 ], [ 120.98419036215887, 14.662284592714002 ], [ 120.984214921324678, 14.662757356659483 ], [ 120.984239480490828, 14.663324848816387 ], [ 120.984278073465816, 14.66375200288212 ], [ 120.984337717154631, 14.664334405961483 ], [ 120.984351750963924, 14.664652798006273 ], [ 120.984344734059505, 14.665035219305366 ], [ 120.984320174893242, 14.665372030724825 ], [ 120.984288598822786, 14.665574643844195 ], [ 120.984242988943038, 14.665711473483384 ], [ 120.984113176208439, 14.665925489072777 ], [ 120.98396582121245, 14.666121962400723 ], [ 120.983828991573318, 14.666285982544991 ], [ 120.983586908365737, 14.666549116466228 ], [ 120.982533495567168, 14.667656910275298 ], [ 120.982428241998605, 14.667782337444407 ], [ 120.982273870098084, 14.668010386842923 ], [ 120.982189667243347, 14.668164758743444 ], [ 120.982154582720455, 14.668347198262438 ], [ 120.982126515102209, 14.668624365992798 ], [ 120.982094939031526, 14.66909712993828 ], [ 120.982087922126993, 14.669430432905187 ], [ 120.982077396770251, 14.670317194220218 ], [ 120.982065554969267, 14.670705295245682 ], [ 120.982363981255958, 14.670687843186329 ], [ 120.98283866671386, 14.670831988508496 ], [ 120.983211456340541, 14.670854355886149 ], [ 120.983569334381741, 14.670730092677161 ] ] ] ] } },
{ "type": "Feature", "properties": { "RTA_ID": "JRTA55", "TIME": 30 }, "geometry": { "type": "MultiPolygon", "coordinates": [ [ [ [ 120.978818621000073, 14.640853807000099 ], [ 120.978922250094911, 14.638573316660597 ], [ 120.978757852715262, 14.638574143255425 ], [ 120.978816989000165, 14.638478175000216 ], [ 120.978878538, 14.638354016 ], [ 120.979090184000256, 14.637937453000234 ], [ 120.979302076000067, 14.637423356000056 ], [ 120.979434160000096, 14.637168707000228 ], [ 120.979645388000222, 14.636639212000205 ], [ 120.97976119700013, 14.636281477000182 ], [ 120.979203301000098, 14.636225116000219 ], [ 120.978699415057008, 14.636176773953935 ], [ 120.978408428686066, 14.636085546731351 ], [ 120.978068459000042, 14.635940968 ], [ 120.977988910000136, 14.635957454999982 ], [ 120.977891874000079, 14.6359566120002 ], [ 120.977830440000162, 14.635921721000045 ], [ 120.977804534000143, 14.635861367000075 ], [ 120.977787363000061, 14.635809681000012 ], [ 120.977713552709361, 14.635799434654757 ], [ 120.977348208466879, 14.635706365079045 ], [ 120.976975277649558, 14.635647832039695 ], [ 120.976608264994866, 14.635135806679955 ], [ 120.976091968583205, 14.635180286969785 ], [ 120.975340790288328, 14.635217664022548 ], [ 120.974814228408718, 14.635329993206199 ], [ 120.974250023837158, 14.63555790894884 ], [ 120.97359598532114, 14.634625797561455 ], [ 120.973482287406455, 14.634439686691451 ], [ 120.973120961896825, 14.63313445904339 ], [ 120.973019960084912, 14.633040974006065 ], [ 120.972884450571655, 14.633013412916455 ], [ 120.972531511564853, 14.633003654191612 ], [ 120.97233414767561, 14.633061474219119 ], [ 120.97193890304743, 14.633216681232625 ], [ 120.970669469276913, 14.633945833183702 ], [ 120.970625781149806, 14.63426934624465 ], [ 120.970563422944451, 14.634401070629622 ], [ 120.97046103965647, 14.634466221756782 ], [ 120.9701620649397, 14.634496682246038 ], [ 120.969578191872415, 14.634491590867526 ], [ 120.9691910464486, 14.634514685787451 ], [ 120.968969928672095, 14.634572972701449 ], [ 120.968845378615811, 14.634613319902712 ], [ 120.968789243379092, 14.634644895973395 ], [ 120.968740125047134, 14.634708048114476 ], [ 120.968692760941394, 14.634802776326069 ], [ 120.968652413740074, 14.634946184313264 ], [ 120.968620837669391, 14.635111081570699 ], [ 120.968598032729574, 14.63531939592508 ], [ 120.968615574991304, 14.63553341151453 ], [ 120.968640134156999, 14.635736901747009 ], [ 120.968669956001577, 14.635959249910513 ], [ 120.968705040524242, 14.636127655620385 ], [ 120.968796260283852, 14.636469291161575 ], [ 120.968857658198658, 14.636686815203177 ], [ 120.968989225159362, 14.637122740399548 ], [ 120.969040097717652, 14.637301671466162 ], [ 120.969061148431365, 14.637433238426866 ], [ 120.969080444918973, 14.637625764746019 ], [ 120.969080444918973, 14.637785399324969 ], [ 120.969068165335898, 14.637909510824556 ], [ 120.96900501319476, 14.638090196117219 ], [ 120.968934844149089, 14.638212553390701 ], [ 120.968862920877086, 14.63831254428095 ], [ 120.968678288575688, 14.638506824826209 ], [ 120.968637559059744, 14.638607990160949 ], [ 120.968378056, 14.639007506000041 ], [ 120.968200703000321, 14.63915653700019 ], [ 120.968127526000217, 14.639234524000017 ], [ 120.967978770000173, 14.639421127000048 ], [ 120.967794155000092, 14.63969064700018 ], [ 120.967704461000153, 14.639858010000069 ], [ 120.967633847, 14.640052528000183 ], [ 120.967588790000036, 14.640231908000089 ], [ 120.967557771000088, 14.64047566500011 ], [ 120.967555986000207, 14.641308377999962 ], [ 120.967557601000067, 14.642106769000236 ], [ 120.967586136000023, 14.642396121 ], [ 120.96772010400025, 14.643857626000056 ], [ 120.967798827000138, 14.644530582000129 ], [ 120.967804265846326, 14.645021189559714 ], [ 120.971987232378524, 14.644906981117344 ], [ 120.977824642000201, 14.644743503000086 ], [ 120.978541373000098, 14.644726367000089 ], [ 120.978489245000219, 14.643358599000067 ], [ 120.978464157000076, 14.642807170000196 ], [ 120.978462671000102, 14.642326426000011 ], [ 120.978526613000099, 14.641902285000185 ], [ 120.97859269800017, 14.641557638 ], [ 120.978666196000177, 14.641235746 ], [ 120.978818621000073, 14.640853807000099 ] ] ] ] } },
{ "type": "Feature", "properties": { "RTA_ID": "JRTA60", "TIME": 30 }, "geometry": { "type": "MultiPolygon", "coordinates": [ [ [ [ 121.013187743000231, 14.611329042000136 ], [ 121.012992801000223, 14.611970758000098 ], [ 121.012861619000205, 14.612316472000089 ], [ 121.012454861000151, 14.612192033000042 ], [ 121.012296049000156, 14.611996032000093 ], [ 121.012121797000304, 14.611768247000157 ], [ 121.011871495000037, 14.611445383000046 ], [ 121.011630576000243, 14.611173418000192 ], [ 121.011407523000116, 14.61087766900016 ], [ 121.011194376000162, 14.610662615000138 ], [ 121.010960690000388, 14.610379427000169 ], [ 121.010750348000215, 14.610094590000131 ], [ 121.010521390000122, 14.609836005000147 ], [ 121.010401734000197, 14.609722394000073 ], [ 121.010009472000206, 14.609272475000068 ], [ 121.009785842000042, 14.6090241 ], [ 121.009537213000158, 14.608738513000105 ], [ 121.009099553000169, 14.608198931000061 ], [ 121.008900462000156, 14.607933944000081 ], [ 121.008306094000091, 14.607192619000102 ], [ 121.00822716800019, 14.607076309000036 ], [ 121.007786338000074, 14.606487918000141 ], [ 121.007161723000081, 14.605684616000474 ], [ 121.006892144000517, 14.605327171000454 ], [ 121.006589263000592, 14.604954070000417 ], [ 121.006302219000645, 14.604556708000416 ], [ 121.00601400800042, 14.604171967000468 ], [ 121.005851313000676, 14.603889596000442 ], [ 121.005809397000462, 14.603863952000438 ], [ 121.005750582000474, 14.603835356000388 ], [ 121.005439842738951, 14.603534959046328 ], [ 121.004594859051053, 14.604090511250376 ], [ 121.002558875410614, 14.606243532681731 ], [ 121.002361902334542, 14.606472769138747 ], [ 121.002811824000332, 14.606716422000375 ], [ 121.003053811000541, 14.606857695000258 ], [ 121.003232878000176, 14.607009210000285 ], [ 121.003339295000274, 14.607132077000415 ], [ 121.00340207900058, 14.607222087000196 ], [ 121.003440526000304, 14.607330007000428 ], [ 121.0034695530004, 14.607427834000077 ], [ 121.003599921000614, 14.607980168000324 ], [ 121.003766990000486, 14.608716287000391 ], [ 121.003811210000549, 14.608962504000431 ], [ 121.003840218000505, 14.609088346000362 ], [ 121.003859356000135, 14.609191482000369 ], [ 121.003917708000472, 14.609329310000419 ], [ 121.003989339000327, 14.609467355000163 ], [ 121.004029430000173, 14.609552605000317 ], [ 121.004164630000446, 14.609809455000402 ], [ 121.004223069000659, 14.609913036000364 ], [ 121.004338917000382, 14.610124573000405 ], [ 121.004833909000126, 14.61061132000043 ], [ 121.004905056000325, 14.610701466000421 ], [ 121.005158033000384, 14.611033385000269 ], [ 121.00528911400022, 14.611178269000334 ], [ 121.005510801000355, 14.611414175000334 ], [ 121.005635318000486, 14.611499271000241 ], [ 121.005827018000332, 14.611624755000321 ], [ 121.005499280000777, 14.612012334000326 ], [ 121.005458955000336, 14.61198582100036 ], [ 121.005409921000364, 14.611961010000357 ], [ 121.00522087700017, 14.611945737000269 ], [ 121.004730183000333, 14.611984105000431 ], [ 121.004339316000596, 14.612046681000265 ], [ 121.004136352000501, 14.612100057000418 ], [ 121.004001178000635, 14.612163961000363 ], [ 121.00391678400058, 14.612232794000306 ], [ 121.003650423000522, 14.612498938000272 ], [ 121.00347584600047, 14.612728744000094 ], [ 121.003328508000095, 14.612952532000349 ], [ 121.003180866000662, 14.613344353000343 ], [ 121.002991840000391, 14.613751859000104 ], [ 121.00288880100004, 14.613880758000391 ], [ 121.002663218600787, 14.614052979252961 ], [ 121.002415754655999, 14.614231914720619 ], [ 121.001981740968859, 14.614405139481903 ], [ 121.001589605795061, 14.614506028628568 ], [ 121.000673989199868, 14.614654506995237 ], [ 121.000255867745068, 14.61469741946047 ], [ 120.999709008895479, 14.614878972197232 ], [ 120.999543960952792, 14.614979101282302 ], [ 120.99932169638987, 14.615184861051034 ], [ 120.99925144000008, 14.61528654800037 ], [ 120.999180498000555, 14.615426435000302 ], [ 120.998942503000194, 14.615711690000353 ], [ 120.998888568000211, 14.61583782300022 ], [ 120.998846532000243, 14.615959420000252 ], [ 120.998772069000211, 14.616239864000363 ], [ 120.998670186000254, 14.616580485000213 ], [ 120.998645799000315, 14.616679769000257 ], [ 120.998559088000661, 14.616982571000108 ], [ 120.998549103000414, 14.617518448000283 ], [ 120.998517843000172, 14.617897725000148 ], [ 120.998456791000308, 14.618233282000119 ], [ 120.998373386000253, 14.618501885000228 ], [ 120.998300018000236, 14.618694708000248 ], [ 120.998588437000308, 14.618952515000217 ], [ 120.998670592000167, 14.618861834000256 ], [ 120.999536553000439, 14.61786201900037 ], [ 121.000441766000336, 14.61693077200033 ], [ 121.000583112080221, 14.616753817651897 ], [ 121.001017502328637, 14.617118258133075 ], [ 121.001181522473075, 14.617252456432652 ], [ 121.001755812255965, 14.617741008413418 ], [ 121.002041751117304, 14.617723466151915 ], [ 121.00316669400047, 14.61785747900052 ], [ 121.004335426000807, 14.617965420000303 ], [ 121.005401205000794, 14.618071548000387 ], [ 121.007945335000613, 14.618263548000471 ], [ 121.008463420000908, 14.618323239000347 ], [ 121.008818344000815, 14.618356984000229 ], [ 121.009169808000593, 14.61838206300024 ], [ 121.009487470000749, 14.618407384000307 ], [ 121.009777903000895, 14.618441778000317 ], [ 121.010132407000697, 14.618439395000223 ], [ 121.010486935000586, 14.618464344000245 ], [ 121.010640799000839, 14.618473346000258 ], [ 121.011684881414453, 14.618553426472999 ], [ 121.012518165202891, 14.618621971768846 ], [ 121.014639338373513, 14.618797259605344 ], [ 121.014808812794172, 14.618817676668584 ], [ 121.014861835000374, 14.618814938000298 ], [ 121.014944047558174, 14.618831108210145 ], [ 121.014965792937687, 14.61861198169214 ], [ 121.01502017394796, 14.618383932293796 ], [ 121.015093851446068, 14.618190967418229 ], [ 121.015193842336089, 14.618000195325351 ], [ 121.015379790307065, 14.617687943072156 ], [ 121.015595560122279, 14.617377445045008 ], [ 121.015995962239572, 14.616778376817649 ], [ 121.016294180683644, 14.616365256561267 ], [ 121.016470041854063, 14.616080194813151 ], [ 121.016608625719527, 14.615811798213485 ], [ 121.016720896192624, 14.615490774829595 ], [ 121.016799836368818, 14.615225886682254 ], [ 121.016840183569911, 14.615039061598168 ], [ 121.016871759640594, 14.614775927676931 ], [ 121.0169068441636, 14.614111953082158 ], [ 121.016996309696651, 14.61213362455095 ], [ 121.017022623088565, 14.611427548528923 ], [ 121.017080512551388, 14.60997680350971 ], [ 121.017101563265214, 14.609233888738743 ], [ 121.017138402014211, 14.60853307539503 ], [ 121.017148927371295, 14.608227840046425 ], [ 121.017153063728642, 14.608152610042509 ], [ 121.017083850000063, 14.608112760000097 ], [ 121.016953092000108, 14.607990438000115 ], [ 121.016784372000188, 14.607901860000084 ], [ 121.016298598000276, 14.607656851000115 ], [ 121.015944277000358, 14.607501778000199 ], [ 121.015769218000173, 14.60744255800023 ], [ 121.015460689000179, 14.60732591100026 ], [ 121.015186933000223, 14.607273854000141 ], [ 121.01401799700011, 14.607153766000181 ], [ 121.013794665000091, 14.608809648000204 ], [ 121.013654043000088, 14.609264532000168 ], [ 121.0134395460002, 14.609670232000212 ], [ 121.013400056000251, 14.610071121000203 ], [ 121.013387468000133, 14.610423987000104 ], [ 121.013372035000202, 14.610533543000145 ], [ 121.01327706900031, 14.610920231000136 ], [ 121.013187743000231, 14.611329042000136 ] ] ] ] } },
{ "type": "Feature", "properties": { "RTA_ID": "JRTA99", "TIME": 30 }, "geometry": { "type": "MultiPolygon", "coordinates": [ [ [ [ 120.986002083502285, 14.590428323838637 ], [ 120.985815695000156, 14.590225808000241 ], [ 120.985503630000153, 14.590361358000109 ], [ 120.983947689000274, 14.590386752000029 ], [ 120.982058739000081, 14.590394009000022 ], [ 120.980853112000091, 14.590402828000151 ], [ 120.980799722688289, 14.590387185511247 ], [ 120.980769201864405, 14.590471693641518 ], [ 120.980679942851225, 14.590694985140772 ], [ 120.980592123499264, 14.590934112916671 ], [ 120.98041446926959, 14.591405746025544 ], [ 120.980343062058978, 14.591575914015323 ], [ 120.980231056394018, 14.591790711511749 ], [ 120.980008772657698, 14.592152066549374 ], [ 120.979936895399078, 14.592236965050745 ], [ 120.980763069145382, 14.594559252382226 ], [ 120.980728407887341, 14.596590402112611 ], [ 120.980880917423292, 14.597685697871555 ], [ 120.981005697952924, 14.59801151369868 ], [ 120.981286905594061, 14.598377944415233 ], [ 120.981568810482486, 14.599843854337053 ], [ 120.981656624280618, 14.600341945717616 ], [ 120.981783306481589, 14.601188413150453 ], [ 120.981912867823326, 14.601890923537042 ], [ 120.98198961404546, 14.602357444548034 ], [ 120.98205808336013, 14.603632685532659 ], [ 120.982092741045221, 14.603617765038848 ], [ 120.982838783471607, 14.603521151323207 ], [ 120.984345251827335, 14.603303227689764 ], [ 120.984577558963565, 14.603265233531943 ], [ 120.984793582889097, 14.603209870616411 ], [ 120.985123102890952, 14.603107208987694 ], [ 120.985054114256627, 14.60277565167047 ], [ 120.984908108136096, 14.602055933767417 ], [ 120.98473659165245, 14.601169041570245 ], [ 120.984599812684564, 14.600477547898834 ], [ 120.984512968895388, 14.600091093036951 ], [ 120.984400071969276, 14.599574915264952 ], [ 120.984276319569631, 14.59903756931925 ], [ 120.984086891554512, 14.59812788062743 ], [ 120.984043469659923, 14.597936824291139 ], [ 120.983903518541183, 14.597411339608698 ], [ 120.983761178339819, 14.596766652357019 ], [ 120.983663238336362, 14.596632091315257 ], [ 120.983496497032775, 14.596505259531966 ], [ 120.983411412623695, 14.596428976958293 ], [ 120.98331927428751, 14.596356418018445 ], [ 120.9834162530002, 14.596225383000046 ], [ 120.983548607000102, 14.59602427700014 ], [ 120.983999366000035, 14.595375434000175 ], [ 120.984054398000126, 14.595312643999932 ], [ 120.984590359000208, 14.59464403000004 ], [ 120.985134979000122, 14.594000849000224 ], [ 120.985403619000294, 14.59367511500011 ], [ 120.985580510000091, 14.593507711000086 ], [ 120.985971501000222, 14.593243550000182 ], [ 120.987158025000326, 14.592534491000038 ], [ 120.987237888938239, 14.592460550019211 ], [ 120.987141143684994, 14.592320039056347 ], [ 120.986758481657034, 14.59167766209282 ], [ 120.986630941839962, 14.591440978153173 ], [ 120.986144897923509, 14.590596476302494 ], [ 120.986002083502285, 14.590428323838637 ] ] ] ] } },
{ "type": "Feature", "properties": { "RTA_ID": "JRTA64", "TIME": 30 }, "geometry": { "type": "MultiPolygon", "coordinates": [ [ [ [ 121.074258218092268, 14.647395453999138 ], [ 121.069971704503246, 14.644431787227234 ], [ 121.069787757000086, 14.644579962000137 ], [ 121.069890490000034, 14.644806432000053 ], [ 121.06998900200017, 14.644910078720386 ], [ 121.069697417004363, 14.645126933489564 ], [ 121.068914804000087, 14.646508222000193 ], [ 121.068891549000227, 14.64727435900005 ], [ 121.068945252000162, 14.647271446000104 ], [ 121.068948503, 14.647470059000057 ], [ 121.068942758000162, 14.648376794000058 ], [ 121.068961898000111, 14.648560487000054 ], [ 121.068975582, 14.64901132500006 ], [ 121.068884676000152, 14.64930919000011 ], [ 121.0687559160001, 14.649531847000162 ], [ 121.068642427000214, 14.649764499000014 ], [ 121.068545961000041, 14.649957431000189 ], [ 121.068449496000198, 14.650218455000129 ], [ 121.068397373000039, 14.650487972000121 ], [ 121.068393523000054, 14.650953997000045 ], [ 121.068421123, 14.651115018000155 ], [ 121.068481732, 14.651441809000062 ], [ 121.068522739000059, 14.651717679000171 ], [ 121.068560019000188, 14.651993550000157 ], [ 121.06858238700022, 14.652261964000161 ], [ 121.068584753000096, 14.652469079000184 ], [ 121.068558922000193, 14.653159237000068 ], [ 121.068551395000327, 14.653863812 ], [ 121.068591132006418, 14.656134744000155 ], [ 121.072733329006496, 14.65620123400015 ], [ 121.072717018006529, 14.65651712000016 ], [ 121.072729405007067, 14.657506237 ], [ 121.073850492007182, 14.657537883000145 ], [ 121.074107431006951, 14.657542415000194 ], [ 121.074273110001741, 14.657549669000048 ], [ 121.074358973694871, 14.657541587479045 ], [ 121.074352456748102, 14.657499524417176 ], [ 121.074366436605146, 14.656786161013827 ], [ 121.074388688247723, 14.656027380003707 ], [ 121.074418023909175, 14.65488230699998 ], [ 121.074372671700985, 14.653676796260925 ], [ 121.074368715853666, 14.653071551584333 ], [ 121.074380583396305, 14.651603932139551 ], [ 121.074382306003827, 14.650949919000084 ], [ 121.074392451044105, 14.64947179677614 ], [ 121.074396124947157, 14.64826271723706 ], [ 121.074372671701212, 14.647485894829458 ], [ 121.074260507815552, 14.647403641313247 ], [ 121.074258218092268, 14.647395453999138 ] ] ] ] } },
{ "type": "Feature", "properties": { "RTA_ID": "JRTA54", "TIME": 30 }, "geometry": { "type": "MultiPolygon", "coordinates": [ [ [ [ 121.045968467279067, 14.630730577756026 ], [ 121.046956696850657, 14.628577583203651 ], [ 121.046867656904737, 14.628565969299132 ], [ 121.04666025931283, 14.628545822039996 ], [ 121.046423815093817, 14.628602286330988 ], [ 121.046406924518806, 14.6286024471936 ], [ 121.046383903354467, 14.628608572537246 ], [ 121.045285050072494, 14.628623227836044 ], [ 121.045120699044446, 14.628603384929875 ], [ 121.044895750217051, 14.628591699276569 ], [ 121.044677450035351, 14.628549869301708 ], [ 121.044439384032216, 14.628521126424459 ], [ 121.044388966912834, 14.628494591098558 ], [ 121.04430640417911, 14.628478770694528 ], [ 121.044182865434891, 14.628386116636591 ], [ 121.044144177776502, 14.628365754710956 ], [ 121.044128882655968, 14.628345629552314 ], [ 121.044094663087094, 14.628319964875743 ], [ 121.043911154141597, 14.628079991638685 ], [ 121.043729819891041, 14.627821018987902 ], [ 121.043599580461319, 14.627690779558691 ], [ 121.043570826324867, 14.62768023637534 ], [ 121.043424842726836, 14.627635547518594 ], [ 121.043212408539262, 14.627667096510152 ], [ 121.043004196466086, 14.627712973746895 ], [ 121.042976869881159, 14.627707079777508 ], [ 121.042958913562757, 14.627710973918852 ], [ 121.04292265615004, 14.627695386619735 ], [ 121.042824216538406, 14.627674154546582 ], [ 121.042396247056672, 14.62743055361517 ], [ 121.042170957016197, 14.627307007463742 ], [ 121.041684865512593, 14.627080608681354 ], [ 121.040967936035031, 14.626812037576769 ], [ 121.040115611206943, 14.626452463039868 ], [ 121.039589566977043, 14.626172793955902 ], [ 121.038962155232412, 14.62578182670228 ], [ 121.038574626753075, 14.625469837025889 ], [ 121.038078022165223, 14.624834377624154 ], [ 121.03789844145615, 14.624708814347059 ], [ 121.037757532362548, 14.624650706837883 ], [ 121.037631883387917, 14.624649041366183 ], [ 121.037516186951507, 14.624673179471756 ], [ 121.037591278000605, 14.624432199000069 ], [ 121.037173484000505, 14.62437558900001 ], [ 121.036174730000653, 14.62431276600023 ], [ 121.035207720000585, 14.624255868000319 ], [ 121.034116456000561, 14.624144151000223 ], [ 121.032974276000573, 14.624052531000302 ], [ 121.033354116000282, 14.625827742000183 ], [ 121.033420424000269, 14.626114224000275 ], [ 121.03348523000011, 14.626406028000247 ], [ 121.033675945111099, 14.627302264062337 ], [ 121.033887361701204, 14.628117359244982 ], [ 121.034089066000206, 14.629004712000153 ], [ 121.034109472004616, 14.629100307000158 ], [ 121.036225874003435, 14.628674046000128 ], [ 121.03645207500324, 14.627989319000051 ], [ 121.038697786003354, 14.628635237000026 ], [ 121.041012683003487, 14.629317104000222 ], [ 121.044898995003336, 14.630438742000308 ], [ 121.0457274350033, 14.630644764000294 ], [ 121.045968467279067, 14.630730577756026 ] ] ] ] } },
{ "type": "Feature", "properties": { "RTA_ID": "JRTA58", "TIME": 30 }, "geometry": { "type": "MultiPolygon", "coordinates": [ [ [ [ 120.954012567586233, 14.604218973618629 ], [ 120.953616265570304, 14.601619557971276 ], [ 120.951874746573594, 14.603150478659131 ], [ 120.951755238029705, 14.603364001641182 ], [ 120.951532433945204, 14.603626669231403 ], [ 120.951450389604588, 14.603768966779739 ], [ 120.95143523582351, 14.603818885499948 ], [ 120.951457006012333, 14.603847716447319 ], [ 120.951337597973634, 14.603959419807325 ], [ 120.950369835095103, 14.605334298430535 ], [ 120.950376290378358, 14.60538910493068 ], [ 120.950238538379381, 14.605506699532839 ], [ 120.949825146227909, 14.606088689665171 ], [ 120.94972244349276, 14.606197557359394 ], [ 120.949580317231948, 14.606374199364097 ], [ 120.949437987739429, 14.606564481727105 ], [ 120.949366163364175, 14.606734875364623 ], [ 120.949280958334953, 14.606829893006875 ], [ 120.948974824811785, 14.60726510830375 ], [ 120.948889492034709, 14.607373857233256 ], [ 120.948511392004889, 14.607986239744719 ], [ 120.948433224467863, 14.608081409221825 ], [ 120.948305301706455, 14.6082444425125 ], [ 120.948283168135504, 14.608353747167428 ], [ 120.948310106011149, 14.608477125824606 ], [ 120.948365581362395, 14.60855973846185 ], [ 120.948610226329038, 14.608698674694892 ], [ 120.948993826900391, 14.609003082106483 ], [ 120.949370643167867, 14.609280054480962 ], [ 120.949524248988723, 14.609384038445853 ], [ 120.949650728901361, 14.6096654042247 ], [ 120.94991953957242, 14.609814399539459 ], [ 120.952904816093906, 14.605896832488611 ], [ 120.954012567586233, 14.604218973618629 ] ] ] ] } },
{ "type": "Feature", "properties": { "RTA_ID": "JRTA58", "TIME": 30 }, "geometry": { "type": "MultiPolygon", "coordinates": [ [ [ [ 120.952443170354854, 14.595927658041603 ], [ 120.947273652467857, 14.595278568596825 ], [ 120.943772592229379, 14.59481198729452 ], [ 120.943222940741293, 14.596744520696973 ], [ 120.943080327420489, 14.598178252387527 ], [ 120.942764310479902, 14.598357030295006 ], [ 120.942735415293555, 14.598458623602653 ], [ 120.943147428352063, 14.598548454801858 ], [ 120.951319769126485, 14.600534385400294 ], [ 120.951467096000215, 14.600104107 ], [ 120.951705008000317, 14.599139288 ], [ 120.951907811000183, 14.598216362000016 ], [ 120.95212688100014, 14.597262931000103 ], [ 120.952254366000147, 14.596890440000095 ], [ 120.952285152000059, 14.596843352000121 ], [ 120.952443170354854, 14.595927658041603 ] ] ] ] } },
{ "type": "Feature", "properties": { "RTA_ID": "JRTA32", "TIME": 30 }, "geometry": { "type": "MultiPolygon", "coordinates": [ [ [ [ 121.055190254000195, 14.630744462000052 ], [ 121.055319735000126, 14.630369693000034 ], [ 121.055472424000072, 14.630021213000191 ], [ 121.055660744000193, 14.629617027000108 ], [ 121.055826007000064, 14.629305962000046 ], [ 121.055879721690417, 14.629210381620169 ], [ 121.055622854784701, 14.629102786564658 ], [ 121.055427329895451, 14.629024576607549 ], [ 121.055252797663229, 14.628999509739344 ], [ 121.055205778587151, 14.629019238022011 ], [ 121.055026935968158, 14.629101986100238 ], [ 121.054912156376645, 14.629235450742613 ], [ 121.054829408297678, 14.629400946899125 ], [ 121.054750283749854, 14.629592313274998 ], [ 121.054743990926909, 14.629611821034189 ], [ 121.054770683855281, 14.629723931333672 ], [ 121.054800873024874, 14.629770527663709 ], [ 121.054878030460145, 14.629924326755543 ], [ 121.054901479205341, 14.630001537789894 ], [ 121.054904148498167, 14.630143010310746 ], [ 121.054800046076934, 14.630295160003016 ], [ 121.054560705886047, 14.630491791132897 ], [ 121.054477061642388, 14.63056742787353 ], [ 121.054352336345801, 14.630591082670207 ], [ 121.054286412977149, 14.630622496248463 ], [ 121.05421013235798, 14.630647506658875 ], [ 121.054100691351323, 14.630668861001709 ], [ 121.053847108531045, 14.630556750702169 ], [ 121.05376169115948, 14.630498026259431 ], [ 121.053684281666847, 14.630377908081471 ], [ 121.053566832782053, 14.630220419803436 ], [ 121.053417352383349, 14.630185718996358 ], [ 121.053226694935347, 14.630195585888032 ], [ 121.05312221000122, 14.63025701267685 ], [ 121.053102375827052, 14.63029249071036 ], [ 121.052966241891681, 14.630391254545657 ], [ 121.052822100078174, 14.630441971109803 ], [ 121.052726005535533, 14.630417947474086 ], [ 121.052485037352881, 14.630298326705486 ], [ 121.052330950194005, 14.630201734753484 ], [ 121.052181469794959, 14.630081616575296 ], [ 121.052039997274278, 14.629921459004549 ], [ 121.051938564146099, 14.629868073147577 ], [ 121.051814737661402, 14.629860773980965 ], [ 121.051423771636451, 14.629952552212899 ], [ 121.051281918105587, 14.63000687637566 ], [ 121.050953595085616, 14.630102970918131 ], [ 121.050849492664724, 14.630105640211013 ], [ 121.050740051657726, 14.630070939403993 ], [ 121.050587308789432, 14.630004058788643 ], [ 121.05038800159025, 14.629937623055639 ], [ 121.050297838809342, 14.629909150598507 ], [ 121.050131749476463, 14.629890168960571 ], [ 121.04997515096295, 14.629866441913009 ], [ 121.049861261134879, 14.629828478636966 ], [ 121.049771098353972, 14.629728825037262 ], [ 121.049609754431231, 14.629425118828806 ], [ 121.049453155917377, 14.629197339172549 ], [ 121.049306048222775, 14.629026504430271 ], [ 121.049135213480326, 14.628903123783061 ], [ 121.048978614966813, 14.628732289040784 ], [ 121.048874215957881, 14.628604162984175 ], [ 121.048731853672734, 14.628476036927566 ], [ 121.048557313927063, 14.628421314437219 ], [ 121.04825039401851, 14.628421314437219 ], [ 121.047820706146808, 14.62847042162258 ], [ 121.04753015529991, 14.628560451462306 ], [ 121.047374649213339, 14.628605466382282 ], [ 121.047223235392153, 14.628613650913223 ], [ 121.047075913835897, 14.628601374116727 ], [ 121.046956696850657, 14.628577583203651 ], [ 121.045968467279067, 14.630730577756083 ], [ 121.046177132009348, 14.630804868000098 ], [ 121.046644143005096, 14.630962125000053 ], [ 121.047385344000645, 14.631170813000097 ], [ 121.049851516000558, 14.631870113000048 ], [ 121.051424486000883, 14.632313423000141 ], [ 121.052165898000567, 14.63253565600013 ], [ 121.052458130000787, 14.632620117000101 ], [ 121.054401792001045, 14.63313277900005 ], [ 121.054591056000163, 14.632646282000053 ], [ 121.054857845000129, 14.631797249000044 ], [ 121.054989158000012, 14.631348308000099 ], [ 121.055139684000096, 14.630913972000087 ], [ 121.055190254000195, 14.630744462000052 ] ] ] ] } },
{ "type": "Feature", "properties": { "RTA_ID": "JRTA32", "TIME": 30 }, "geometry": { "type": "MultiPolygon", "coordinates": [ [ [ [ 121.065626037043785, 14.639295568785258 ], [ 121.064740913989453, 14.637872674906475 ], [ 121.064852794692456, 14.637202113031833 ], [ 121.06559767772842, 14.636195814220798 ], [ 121.065655619002882, 14.636209546000259 ], [ 121.065780882002514, 14.636209690000044 ], [ 121.065921533002552, 14.636189172000172 ], [ 121.066068247002818, 14.636154259000193 ], [ 121.066205854002533, 14.636112025000045 ], [ 121.068456413002878, 14.635469170000249 ], [ 121.071505241002455, 14.634574139000165 ], [ 121.071678672002577, 14.634517646000234 ], [ 121.072972040002469, 14.634129834000134 ], [ 121.074094792000096, 14.633765652000193 ], [ 121.074267320855142, 14.63373007688881 ], [ 121.074256911758653, 14.633320652433554 ], [ 121.074218745072812, 14.632390773162001 ], [ 121.074201396578474, 14.6317488788888 ], [ 121.074194457180738, 14.630794711726139 ], [ 121.074184048084589, 14.630107711368908 ], [ 121.074185204650803, 14.627887296914651 ], [ 121.074222214771112, 14.626702973066585 ], [ 121.074320908425079, 14.626345208570683 ], [ 121.074413433725567, 14.625925760541122 ], [ 121.074444275492624, 14.625358272030553 ], [ 121.074444275492624, 14.624846298700334 ], [ 121.074431938785779, 14.624470029144561 ], [ 121.074357918545616, 14.624062917821561 ], [ 121.074254703761994, 14.623624379991895 ], [ 121.073012975228721, 14.620925690920217 ], [ 121.072960348843139, 14.620808701699389 ], [ 121.071124570737197, 14.6168289629328 ], [ 121.070942477169865, 14.61639458004737 ], [ 121.070807489636877, 14.616113281646108 ], [ 121.070732893927811, 14.615918317343812 ], [ 121.070673990850196, 14.615757906983447 ], [ 121.070634259991493, 14.615584102525872 ], [ 121.070606638467552, 14.615399465720088 ], [ 121.070620322408672, 14.614804973269258 ], [ 121.070636849002199, 14.614665064638075 ], [ 121.070471848039006, 14.614631081902701 ], [ 121.070410301894981, 14.614616104195477 ], [ 121.070143770001891, 14.614564445999861 ], [ 121.069795866001527, 14.614413299000262 ], [ 121.069198281001718, 14.614255191000154 ], [ 121.0674327000022, 14.613801711000121 ], [ 121.066333727002757, 14.613564045000146 ], [ 121.065571621004096, 14.615277978000108 ], [ 121.065206910004122, 14.616091125000139 ], [ 121.064759176004486, 14.617077541000242 ], [ 121.064065861004565, 14.618678079000176 ], [ 121.063861980004503, 14.619160577000116 ], [ 121.063328266004646, 14.620367225000109 ], [ 121.06299067900477, 14.621149734000142 ], [ 121.063652975000082, 14.621384075000037 ], [ 121.064828830000124, 14.621888649000255 ], [ 121.065097328000206, 14.622007848000237 ], [ 121.06540464700015, 14.62212171400023 ], [ 121.066089872000248, 14.622424997000223 ], [ 121.066175019000298, 14.622460910000257 ], [ 121.066241670000181, 14.622481432000143 ], [ 121.066331344000332, 14.622494309000103 ], [ 121.066461122000419, 14.622500040000091 ], [ 121.067394126000181, 14.622478103000162 ], [ 121.068912727000111, 14.622491430000082 ], [ 121.069041954, 14.622506942000143 ], [ 121.069427388000349, 14.622608606000199 ], [ 121.071020618000375, 14.623017509000192 ], [ 121.071549922000031, 14.623155618000339 ], [ 121.071373811000171, 14.623667531000137 ], [ 121.071195175000071, 14.62419471200019 ], [ 121.071002666000254, 14.624694878000184 ], [ 121.07083902800025, 14.62517565800016 ], [ 121.070692919000294, 14.625514821000252 ], [ 121.070551749000174, 14.625902749000204 ], [ 121.070080628000142, 14.6272489400003 ], [ 121.069776659000127, 14.628071967000267 ], [ 121.069591245000311, 14.628630203000284 ], [ 121.069369373000086, 14.629253621000146 ], [ 121.070531818000177, 14.629845922000243 ], [ 121.071157857, 14.630161575000159 ], [ 121.071537909000085, 14.630333781000161 ], [ 121.071474599, 14.630527824000126 ], [ 121.071019988451781, 14.631478788449385 ], [ 121.07030773999054, 14.63243587231949 ], [ 121.069654845567356, 14.633148120780959 ], [ 121.06931355984625, 14.633511664266393 ], [ 121.06899453188953, 14.633778757439416 ], [ 121.068786792755191, 14.633897465516384 ], [ 121.068052286529223, 14.633993915828796 ], [ 121.065781994558279, 14.633763918929787 ], [ 121.064758137394961, 14.633734241910531 ], [ 121.064491044221995, 14.633890046261456 ], [ 121.064327820616313, 14.634728422054593 ], [ 121.064068146697991, 14.63595259909772 ], [ 121.063934600111452, 14.636301304073754 ], [ 121.063578475880718, 14.636538720227463 ], [ 121.063118482082814, 14.636650009049561 ], [ 121.062694790000364, 14.636678326000094 ], [ 121.062536164000335, 14.636602009000114 ], [ 121.06233196300002, 14.636543384000163 ], [ 121.061440439000194, 14.636304583000197 ], [ 121.061212530000034, 14.63626452800014 ], [ 121.061100475000103, 14.636241232000202 ], [ 121.060454534000201, 14.636072318000231 ], [ 121.058555283000373, 14.635529646000123 ], [ 121.057269294000093, 14.635197603000108 ], [ 121.057095484000342, 14.63516600100013 ], [ 121.056805908000115, 14.635165172000143 ], [ 121.056684662000407, 14.635237105000158 ], [ 121.056581956000059, 14.635308209000186 ], [ 121.056435465000163, 14.635385364000058 ], [ 121.056221350000442, 14.635519204000161 ], [ 121.056045089000122, 14.635642394000229 ], [ 121.055809624000176, 14.635835618000215 ], [ 121.055664272000172, 14.635897624000165 ], [ 121.055492893000178, 14.635936498000206 ], [ 121.054734691000135, 14.636099566000212 ], [ 121.054669664284916, 14.636119553718174 ], [ 121.054737647252637, 14.636372944779737 ], [ 121.054861460214624, 14.63708177398729 ], [ 121.054904794751451, 14.637580121159374 ], [ 121.054945033964259, 14.638131088840453 ], [ 121.054954319936428, 14.638654198605025 ], [ 121.054954733843829, 14.639260818170101 ], [ 121.055042802003641, 14.639261245000228 ], [ 121.056435740003963, 14.639288516000249 ], [ 121.057028702004004, 14.639307944000109 ], [ 121.057590768004502, 14.639329639000209 ], [ 121.057666895004331, 14.639340583000205 ], [ 121.057723116004581, 14.639340583000205 ], [ 121.05778023800417, 14.639333367000177 ], [ 121.057836005004447, 14.639319049000221 ], [ 121.057889538004588, 14.639297853000244 ], [ 121.057939992004322, 14.639270116000148 ], [ 121.057986573004882, 14.639236273000108 ], [ 121.058028544004628, 14.639196860000141 ], [ 121.058065244004297, 14.639152497000111 ], [ 121.058096095004657, 14.639103883000189 ], [ 121.058120610004607, 14.639051787000142 ], [ 121.058127219004973, 14.639034030000175 ], [ 121.058169450005153, 14.638391834000117 ], [ 121.059543906005047, 14.638832671000102 ], [ 121.059607144005781, 14.638839532000247 ], [ 121.060185031006313, 14.638922938000235 ], [ 121.060765228005721, 14.638976671000137 ], [ 121.061400262005691, 14.639029822000168 ], [ 121.06245503900584, 14.639081489000262 ], [ 121.062875342006237, 14.639087018000112 ], [ 121.063175525006386, 14.639114187000132 ], [ 121.063301842006467, 14.639128617000097 ], [ 121.063353694764487, 14.63913618127782 ], [ 121.063417467006957, 14.639140588000259 ], [ 121.063520010006641, 14.63916109600018 ], [ 121.063543826006594, 14.639342292000094 ], [ 121.063643145006722, 14.639455800000235 ], [ 121.063898538006811, 14.639661534000197 ], [ 121.064132649006979, 14.639867267000113 ], [ 121.06538833000559, 14.641286116000174 ], [ 121.065650818004883, 14.641420907000224 ], [ 121.065722400272648, 14.641446337624245 ], [ 121.066517923044444, 14.642043882882092 ], [ 121.067672132925736, 14.641024997911074 ], [ 121.067684349264255, 14.640906015980818 ], [ 121.067629470752536, 14.640818913178123 ], [ 121.066634158509601, 14.640063981983928 ], [ 121.065626037043785, 14.639295568785258 ] ] ] ] } },
{ "type": "Feature", "properties": { "RTA_ID": "JRTA150", "TIME": 20 }, "geometry": { "type": "MultiPolygon", "coordinates": [ [ [ [ 121.038026469000101, 14.619518631000119 ], [ 121.038371088000304, 14.618969870000114 ], [ 121.03882335000003, 14.618225394000149 ], [ 121.038931332000288, 14.618028568999932 ], [ 121.039290902000062, 14.617434703000015 ], [ 121.039390505000028, 14.617283679000309 ], [ 121.039673264000044, 14.616811493 ], [ 121.03978747300016, 14.616626112000176 ], [ 121.040663272000074, 14.615176808000172 ], [ 121.040243114000305, 14.614797400000214 ], [ 121.039868384000215, 14.614440485000102 ], [ 121.039842986000053, 14.614412010000308 ], [ 121.039809411714145, 14.614369591467607 ], [ 121.03977884200026, 14.614324959000101 ], [ 121.039746942570105, 14.614269944485216 ], [ 121.039719606000176, 14.614212526000131 ], [ 121.039701484140778, 14.614166075400135 ], [ 121.039686351, 14.614118567000276 ], [ 121.03960135300008, 14.613793006000094 ], [ 121.039583968257148, 14.613742528867704 ], [ 121.039563076433751, 14.613693399427461 ], [ 121.039532424000299, 14.613634658000137 ], [ 121.039502102395545, 14.613586523694153 ], [ 121.039468258954571, 14.613540796977134 ], [ 121.039431084000057, 14.613497735000237 ], [ 121.038509983000154, 14.612758663000363 ], [ 121.038444946163622, 14.61272685701033 ], [ 121.038378364114806, 14.612698427415296 ], [ 121.038310412000101, 14.612673449000056 ], [ 121.03824097200004, 14.612651904000131 ], [ 121.038146119715407, 14.612628642326342 ], [ 121.038049886000181, 14.612611995000123 ], [ 121.037811686000055, 14.612575365000112 ], [ 121.037697760986248, 14.612553717789694 ], [ 121.037584720000041, 14.612527848000184 ], [ 121.03751238700022, 14.612508948000027 ], [ 121.037418840000214, 14.612481724000133 ], [ 121.037298515000089, 14.612441963000094 ], [ 121.037227975926839, 14.612407532878763 ], [ 121.03715956870667, 14.612369040719443 ], [ 121.037093527000025, 14.612326618000054 ], [ 121.037039554864805, 14.612287678443238 ], [ 121.036564395000141, 14.611915124000291 ], [ 121.036522290141534, 14.611887433915228 ], [ 121.036478291176877, 14.611862864604177 ], [ 121.036432629000046, 14.611841545 ], [ 121.036382944612228, 14.611822708046816 ], [ 121.036331967408842, 14.61180771825309 ], [ 121.036279994799315, 14.611796663071573 ], [ 121.036227330000202, 14.611789607000105 ], [ 121.035886933000029, 14.611754534 ], [ 121.034965469000326, 14.611643714000024 ], [ 121.034665553000195, 14.61160816600011 ], [ 121.034634270000197, 14.611605663000034 ], [ 121.03457296046497, 14.611596445533394 ], [ 121.034512759462359, 14.61158162459833 ], [ 121.034454178000033, 14.611561325999958 ], [ 121.033360718000154, 14.611093461999985 ], [ 121.03291265200005, 14.611818749000236 ], [ 121.03246577084326, 14.612599038323367 ], [ 121.031447399768126, 14.612285109290156 ], [ 121.031188628278414, 14.612224702490948 ], [ 121.031155323700432, 14.612214252535921 ], [ 121.028270412132315, 14.611264779436681 ], [ 121.027879006925559, 14.611134527512434 ], [ 121.027417774629157, 14.610974230182535 ], [ 121.026470208803175, 14.610662636232576 ], [ 121.025544115570483, 14.610389077117645 ], [ 121.024843631562817, 14.610165130452174 ], [ 121.024453260771679, 14.61001383049387 ], [ 121.023618099270607, 14.609755580994545 ], [ 121.02285961109169, 14.609497888497856 ], [ 121.022614416802639, 14.609388293282677 ], [ 121.022461860241833, 14.609299360399916 ], [ 121.022246497182209, 14.609148456996024 ], [ 121.021934862194485, 14.608808782991161 ], [ 121.021896848345023, 14.608764764313037 ], [ 121.0208423952879, 14.609805075561383 ], [ 121.020492481619158, 14.610254131436534 ], [ 121.019891796487286, 14.611012277718999 ], [ 121.019792654281218, 14.611449669805268 ], [ 121.019804318070101, 14.611793751579739 ], [ 121.019885964592845, 14.612260303138214 ], [ 121.020008434376905, 14.612598553018188 ], [ 121.020224214473046, 14.613222565727824 ], [ 121.020439994568733, 14.613899065487828 ], [ 121.020591955046029, 14.614561528895877 ], [ 121.020674671929328, 14.615246067933981 ], [ 121.020674671929328, 14.615841122785412 ], [ 121.019911995993198, 14.617802289478618 ], [ 121.019442656955334, 14.618749348608219 ], [ 121.018964936863426, 14.618975637072651 ], [ 121.017992734571067, 14.618824778096325 ], [ 121.017070818604225, 14.618640394903139 ], [ 121.016794243814275, 14.618665538065898 ], [ 121.016542812186799, 14.618774491770978 ], [ 121.016291380559437, 14.619067828669415 ], [ 121.016299283251442, 14.619253541932096 ], [ 121.016672872000527, 14.619372214 ], [ 121.019702035000591, 14.62028007300006 ], [ 121.020694267000295, 14.620581057000095 ], [ 121.021379603000355, 14.620809698000301 ], [ 121.02171006700064, 14.620925272000079 ], [ 121.022552922663976, 14.621191128017642 ], [ 121.023409115000391, 14.621445883000263 ], [ 121.024123141992391, 14.621660903981194 ], [ 121.024115109760828, 14.621674993344641 ], [ 121.024417153000286, 14.621749442000237 ], [ 121.024863780000373, 14.621882124000024 ], [ 121.027277640000307, 14.622608761000208 ], [ 121.028181360001554, 14.622868188000268 ], [ 121.029086393000853, 14.623168040000223 ], [ 121.029392654000503, 14.623255872000357 ], [ 121.030590338000479, 14.623644191000267 ], [ 121.031076618000498, 14.623790710000208 ], [ 121.031574739000575, 14.623946551000245 ], [ 121.032108695000602, 14.62399844000015 ], [ 121.032974276000573, 14.624052531000302 ], [ 121.034116456000561, 14.624144151000223 ], [ 121.035207720000585, 14.624255868000319 ], [ 121.035405745000162, 14.623897515000067 ], [ 121.035663076000219, 14.623468460000197 ], [ 121.035940785000207, 14.622981552999988 ], [ 121.036128274000021, 14.622645932000012 ], [ 121.036484956000209, 14.622086816000262 ], [ 121.036744187000068, 14.621640958 ], [ 121.036963037000078, 14.621274422 ], [ 121.037341856000239, 14.620665166000038 ], [ 121.037883028000238, 14.619767551000109 ], [ 121.038026469000101, 14.619518631000119 ] ] ] ] } },
{ "type": "Feature", "properties": { "RTA_ID": "JRTA236", "TIME": 30 }, "geometry": { "type": "MultiPolygon", "coordinates": [ [ [ [ 121.107092547930051, 14.566355612408302 ], [ 121.110665627016147, 14.561295766779949 ], [ 121.119579557405928, 14.548731923620551 ], [ 121.119596313830584, 14.548713210665767 ], [ 121.118651354, 14.54798548700029 ], [ 121.116926612754241, 14.547168487405713 ], [ 121.115294962360394, 14.546504353384535 ], [ 121.113960448532225, 14.546265822716975 ], [ 121.11239145075308, 14.546090449373708 ], [ 121.111154668584845, 14.546145529305079 ], [ 121.110246694468515, 14.546237591567433 ], [ 121.109336832205827, 14.546308763162131 ], [ 121.108425464553534, 14.546359047188673 ], [ 121.107513051537467, 14.546388357023204 ], [ 121.106600282681597, 14.546396607905308 ], [ 121.105687539201654, 14.546383983652561 ], [ 121.104775358389702, 14.546350307935768 ], [ 121.103864197955545, 14.546295765205969 ], [ 121.103374119510477, 14.546255086354222 ], [ 121.103364084000077, 14.546354015000304 ], [ 121.104386800000157, 14.547680785000296 ], [ 121.104403244000082, 14.547756086999982 ], [ 121.104413651000186, 14.54783245800013 ], [ 121.104417954000269, 14.547909415000049 ], [ 121.104416127000036, 14.547986470000126 ], [ 121.104408180000178, 14.548063136000223 ], [ 121.104394165000144, 14.548138928000128 ], [ 121.104374169000266, 14.548213367000301 ], [ 121.104348320000213, 14.54828598 ], [ 121.10431678000009, 14.548356308 ], [ 121.104279751000263, 14.548423908000075 ], [ 121.10424864200013, 14.548472371000059 ], [ 121.104214710000178, 14.548518901000193 ], [ 121.104178073000071, 14.548563333000118 ], [ 121.104068090000055, 14.54871353700031 ], [ 121.103950966000184, 14.548789533000047 ], [ 121.10381784100025, 14.548853530000258 ], [ 121.103469718000156, 14.549058519000255 ], [ 121.1028023450001, 14.549469622000061 ], [ 121.101856099000088, 14.550031467000281 ], [ 121.101431852000132, 14.550310701000285 ], [ 121.098764364000203, 14.551997985000128 ], [ 121.097913992000031, 14.552538831000106 ], [ 121.097527619000061, 14.552787817000251 ], [ 121.097205746000213, 14.553076176000218 ], [ 121.097083497000085, 14.553201669000032 ], [ 121.096906374000127, 14.553466028 ], [ 121.096871375000319, 14.553628268000068 ], [ 121.096883626000022, 14.553849004000028 ], [ 121.096950128, 14.554075364000141 ], [ 121.097263008000141, 14.554882311000028 ], [ 121.097480849000135, 14.555433005000282 ], [ 121.097581726000044, 14.555648081000299 ], [ 121.097588220000034, 14.55569373600008 ], [ 121.097590583000169, 14.55575909800001 ], [ 121.097586073000116, 14.555824348000044 ], [ 121.097574739000265, 14.555888764000088 ], [ 121.097556707000194, 14.555951635000042 ], [ 121.097532177000289, 14.556012266000153 ], [ 121.097218761000136, 14.556690489999937 ], [ 121.097099331000209, 14.556938779 ], [ 121.09655552900017, 14.55813885699996 ], [ 121.096475155000235, 14.558343345000196 ], [ 121.09633178200022, 14.558539333000056 ], [ 121.095936910000205, 14.559033054000167 ], [ 121.095570538000061, 14.559421407000229 ], [ 121.095038167000212, 14.560038746000089 ], [ 121.094533799000033, 14.561065808000308 ], [ 121.094401675000086, 14.561316918000102 ], [ 121.095333009000228, 14.561589102000255 ], [ 121.096507034000297, 14.561939302000098 ], [ 121.096702157000209, 14.561990041000115 ], [ 121.096787683, 14.562015239000061 ], [ 121.09693139400008, 14.562050916000089 ], [ 121.097125694000169, 14.562106682000092 ], [ 121.097712468000054, 14.562294185000098 ], [ 121.097857908000151, 14.562344319000317 ], [ 121.098005526000293, 14.562387619000162 ], [ 121.098155002000226, 14.562423991 ], [ 121.098306011000204, 14.562453356 ], [ 121.098458225000172, 14.56247565100017 ], [ 121.098605211000063, 14.562469470000281 ], [ 121.098715389000176, 14.562405693000244 ], [ 121.099065117000123, 14.563098804000106 ], [ 121.099226084000065, 14.563430593000305 ], [ 121.100126090294566, 14.563869693037702 ], [ 121.100350890077266, 14.564529589174185 ], [ 121.10037989650084, 14.56458035041544 ], [ 121.100441535150935, 14.564612982641961 ], [ 121.100517677012817, 14.564605731036067 ], [ 121.100873005701601, 14.564486079538824 ], [ 121.10096365077527, 14.564504208553558 ], [ 121.101025289425365, 14.564547718188919 ], [ 121.101217456981544, 14.565138724069243 ], [ 121.101870101511963, 14.565693471920099 ], [ 121.102551752465956, 14.565805871811449 ], [ 121.10336755812898, 14.565918271702799 ], [ 121.104185176693477, 14.565616591468768 ], [ 121.104528956528497, 14.565522052014103 ], [ 121.107092547930051, 14.566355612408302 ] ] ] ] } },
{ "type": "Feature", "properties": { "RTA_ID": "JRTA153", "TIME": 20 }, "geometry": { "type": "MultiPolygon", "coordinates": [ [ [ [ 121.079338586690824, 14.602227292374607 ], [ 121.079401344776556, 14.601082305967566 ], [ 121.079977049000263, 14.60109812800016 ], [ 121.080150867000157, 14.601038872000231 ], [ 121.08069207300025, 14.601070475000256 ], [ 121.082283903730172, 14.601134258689683 ], [ 121.082369342535571, 14.600165952229247 ], [ 121.082565899933797, 14.599080733917447 ], [ 121.082682173324429, 14.598388630402155 ], [ 121.082665562840248, 14.597674379574244 ], [ 121.082571436762123, 14.597105470484792 ], [ 121.082532678965322, 14.596204351707854 ], [ 121.082455163371492, 14.595146817536545 ], [ 121.082361037293595, 14.594068520259611 ], [ 121.082333353152762, 14.593283674873248 ], [ 121.082372110949564, 14.592836576002469 ], [ 121.082482847511983, 14.592249672221385 ], [ 121.082687710152641, 14.591453753178882 ], [ 121.0829313305901, 14.590479271429388 ], [ 121.082975119952607, 14.590268589788877 ], [ 121.08245859800013, 14.590171226000223 ], [ 121.08168533900016, 14.589989192000246 ], [ 121.080971891000445, 14.589862711000194 ], [ 121.080658615000061, 14.58982056200017 ], [ 121.079937615000176, 14.589774069000157 ], [ 121.077853673000163, 14.589680569000222 ], [ 121.077349277000167, 14.589665284000091 ], [ 121.077093258000218, 14.589653821000127 ], [ 121.076898378000124, 14.589653821000127 ], [ 121.075751796378086, 14.589557398764441 ], [ 121.071486055661353, 14.589207930696602 ], [ 121.071463423001546, 14.59019387799998 ], [ 121.071307920001573, 14.592017596000233 ], [ 121.071222014001137, 14.592998542000032 ], [ 121.071219725001583, 14.593231275000221 ], [ 121.071047390000217, 14.593165158000318 ], [ 121.070907515001522, 14.593120661000114 ], [ 121.070590515001641, 14.593091415 ], [ 121.069705195000097, 14.593004404000169 ], [ 121.069682265001575, 14.593547224000133 ], [ 121.069578568001589, 14.594052580000039 ], [ 121.06939057600141, 14.59484733000005 ], [ 121.06900837800174, 14.596534624000071 ], [ 121.068596700001535, 14.598501259000159 ], [ 121.067961841256988, 14.60154757804429 ], [ 121.068806562760074, 14.601746571857518 ], [ 121.068941280000217, 14.601737984000181 ], [ 121.068965024000022, 14.601791948000198 ], [ 121.06899867900006, 14.601858324000148 ], [ 121.069191283000464, 14.602315739000119 ], [ 121.070130455000708, 14.604916747000175 ], [ 121.070343358000741, 14.606625693000183 ], [ 121.070526499000721, 14.608205343000122 ], [ 121.071363715000189, 14.608158491000154 ], [ 121.072119353000176, 14.608097656000211 ], [ 121.072851750000154, 14.608031647000189 ], [ 121.074940981000736, 14.607893025000237 ], [ 121.074800263001407, 14.607154399000251 ], [ 121.074745238076844, 14.606881498709583 ], [ 121.0751413280002, 14.606819385000222 ], [ 121.075891570000181, 14.606731590000152 ], [ 121.076360457901274, 14.606603754640446 ], [ 121.076774288861202, 14.606518807497082 ], [ 121.077290569558158, 14.606421489410309 ], [ 121.077902518882411, 14.606309326191877 ], [ 121.078493025238686, 14.606182317841558 ], [ 121.07909267106254, 14.606069294170595 ], [ 121.079138866806034, 14.60580100350694 ], [ 121.079223853991039, 14.60471316753808 ], [ 121.079338586690824, 14.602227292374607 ] ] ] ] } },
{ "type": "Feature", "properties": { "RTA_ID": "JRTA214", "TIME": 30 }, "geometry": { "type": "MultiPolygon", "coordinates": [ [ [ [ 121.055131218533347, 14.610840347999499 ], [ 121.055342656000903, 14.610911024000018 ], [ 121.055996224000637, 14.611081221000177 ], [ 121.056629233000649, 14.611229238000078 ], [ 121.057274218000657, 14.611386412000115 ], [ 121.057882687000415, 14.611547052000105 ], [ 121.058530858000722, 14.611704718000169 ], [ 121.059171933000584, 14.611851925000167 ], [ 121.059684622000759, 14.611973244000183 ], [ 121.060176473000865, 14.612092561 ], [ 121.061083821000807, 14.612301998000191 ], [ 121.061952245000498, 14.61251310900019 ], [ 121.062739967000539, 14.61268843300013 ], [ 121.063650096000629, 14.612915445000056 ], [ 121.064534234000575, 14.613131479000174 ], [ 121.065389323000886, 14.613355816000194 ], [ 121.066333727002643, 14.613564045000089 ], [ 121.0674327000022, 14.613801711 ], [ 121.069198281001604, 14.614255191000098 ], [ 121.069795866001414, 14.614413299000205 ], [ 121.070143770001778, 14.614564445999804 ], [ 121.070410301894867, 14.61461610419542 ], [ 121.070471848038892, 14.614631081902644 ], [ 121.070636849002199, 14.614665064638018 ], [ 121.070603084690447, 14.614090304279785 ], [ 121.070461992002379, 14.613469995000116 ], [ 121.070462212002553, 14.613383270000156 ], [ 121.07047951000186, 14.613199007999981 ], [ 121.070864027000198, 14.611141760000123 ], [ 121.07087596400072, 14.611055131000171 ], [ 121.07088463900061, 14.610962161000089 ], [ 121.070880145000842, 14.610811208000143 ], [ 121.070840606000615, 14.6104584200001 ], [ 121.070526499000721, 14.608205343000066 ], [ 121.070343358000741, 14.606625693000126 ], [ 121.070130455000594, 14.604916747000118 ], [ 121.06919128300035, 14.602315739 ], [ 121.06899867900006, 14.601858324000091 ], [ 121.068965024000022, 14.601791948000141 ], [ 121.068941280000217, 14.601737984000124 ], [ 121.06880656275996, 14.601746571857461 ], [ 121.06789151114026, 14.60153055626057 ], [ 121.06751935200009, 14.601445296000065 ], [ 121.059999454000035, 14.599672904000101 ], [ 121.059901576000243, 14.599660121000227 ], [ 121.059762661335071, 14.599647011978618 ], [ 121.0596813525176, 14.600378327271756 ], [ 121.059436553781325, 14.60123388020088 ], [ 121.05869352990851, 14.602994019093614 ], [ 121.056854745719875, 14.607000327108551 ], [ 121.056725748499844, 14.606937266085879 ], [ 121.055686320000177, 14.609186657000123 ], [ 121.054154832000108, 14.6125926590002 ], [ 121.053932490000193, 14.613113766000026 ], [ 121.053743131000033, 14.613536503000091 ], [ 121.053388317000213, 14.614301247000128 ], [ 121.053320470000017, 14.614443755000025 ], [ 121.052992758000073, 14.61517361500006 ], [ 121.052381676161417, 14.616418529525788 ], [ 121.052449592000016, 14.616412812000135 ], [ 121.052560255032176, 14.616409280001108 ], [ 121.053210839191024, 14.615074960898255 ], [ 121.05405037065816, 14.613250379176634 ], [ 121.055131218533347, 14.610840347999499 ] ] ] ] } },
{ "type": "Feature", "properties": { "RTA_ID": "JRTA42", "TIME": 30 }, "geometry": { "type": "MultiPolygon", "coordinates": [ [ [ [ 121.046985695578883, 14.655068379526654 ], [ 121.047575889126961, 14.654164672353204 ], [ 121.047664451009268, 14.654017731000067 ], [ 121.047589390009534, 14.653974568000137 ], [ 121.047534629886854, 14.653945622227752 ], [ 121.04748178913178, 14.653913305307242 ], [ 121.047431075009513, 14.653877744000113 ], [ 121.047365988228876, 14.653821367360592 ], [ 121.047303565009543, 14.653762055000016 ], [ 121.047254574264912, 14.653711440357938 ], [ 121.047207524009195, 14.653659017000052 ], [ 121.047108500009472, 14.653542331000153 ], [ 121.047030453009711, 14.653438991000144 ], [ 121.046896931009314, 14.653231279000181 ], [ 121.046797264009115, 14.653044938000107 ], [ 121.046742903009545, 14.652911303000167 ], [ 121.046696710009542, 14.652778284000078 ], [ 121.046636111009207, 14.652582805000179 ], [ 121.046615854009247, 14.652459178000129 ], [ 121.046592787008876, 14.65225369 ], [ 121.046583071009309, 14.652069810000057 ], [ 121.046578890009755, 14.651949413000182 ], [ 121.046592869009373, 14.651763853000091 ], [ 121.046612138009436, 14.651597890000119 ], [ 121.046648851009422, 14.651416671000106 ], [ 121.046694872009084, 14.651233467000054 ], [ 121.046745698170298, 14.65105130228352 ], [ 121.046797032340464, 14.650882933241633 ], [ 121.046854574233294, 14.650709665596196 ], [ 121.046916378009087, 14.650537872000143 ], [ 121.046981875009237, 14.650398060000157 ], [ 121.047122358009574, 14.6501536990001 ], [ 121.047169161001875, 14.65008709763373 ], [ 121.046542735935532, 14.649679417182369 ], [ 121.04587487737524, 14.64927261227615 ], [ 121.044156497002291, 14.648212311 ], [ 121.042217455389164, 14.647906356004455 ], [ 121.042049981291143, 14.648217981247058 ], [ 121.041716068335518, 14.64948031356414 ], [ 121.03958232866114, 14.648985620145652 ], [ 121.03937309027026, 14.649706807131508 ], [ 121.03920186966991, 14.650349268745572 ], [ 121.039116964300433, 14.650719213570369 ], [ 121.039032058930957, 14.651155869757133 ], [ 121.038947153561253, 14.651719883998112 ], [ 121.038850118852679, 14.652386997616873 ], [ 121.038771278152467, 14.653157210612846 ], [ 121.038753084145242, 14.653678772169087 ], [ 121.038413677908807, 14.6537556599813 ], [ 121.036393927802465, 14.654200333725328 ], [ 121.035265767310875, 14.654470828346177 ], [ 121.035600688457862, 14.656006694969051 ], [ 121.036279733639844, 14.658988026673057 ], [ 121.036564285906593, 14.660223242194547 ], [ 121.036671462000186, 14.660206460000097 ], [ 121.037029434000146, 14.660110116000112 ], [ 121.03759471900014, 14.659975758000144 ], [ 121.038065564000249, 14.659876953000094 ], [ 121.038534388000016, 14.659783012000048 ], [ 121.039523985000073, 14.659574877000125 ], [ 121.039998894000178, 14.65947818 ], [ 121.04047765100006, 14.659376568000141 ], [ 121.040999947000159, 14.659259940000084 ], [ 121.041509372000064, 14.659153885000137 ], [ 121.042029958000171, 14.659034464000115 ], [ 121.042524895000042, 14.658935686000063 ], [ 121.043529516000262, 14.658729015000119 ], [ 121.043922820000148, 14.658641941000042 ], [ 121.044062884845403, 14.655314715593022 ], [ 121.044754864221204, 14.654823216223292 ], [ 121.046080541000038, 14.654498248000095 ], [ 121.0466639670002, 14.654870663000111 ], [ 121.046903666000048, 14.655020964000187 ], [ 121.046985695578883, 14.655068379526654 ] ] ] ] } },
{ "type": "Feature", "properties": { "RTA_ID": "JRTA157", "TIME": 20 }, "geometry": { "type": "MultiPolygon", "coordinates": [ [ [ [ 121.034911164719119, 14.554933837897522 ], [ 121.033352118629409, 14.553625370837153 ], [ 121.029476098400551, 14.550277898813647 ], [ 121.027619726859143, 14.548728792133033 ], [ 121.026136052535207, 14.547483823964114 ], [ 121.026138283400542, 14.547481212237301 ], [ 121.025168311481025, 14.546625149833744 ], [ 121.020124300561292, 14.542536316742428 ], [ 121.019842465000238, 14.542989040000066 ], [ 121.019732716000135, 14.543159780000167 ], [ 121.019560343000194, 14.543509008000285 ], [ 121.019265722000227, 14.544093973000258 ], [ 121.01896435100025, 14.544676938000293 ], [ 121.018662979000169, 14.545232779000173 ], [ 121.01835735800023, 14.545756122000228 ], [ 121.018055487000197, 14.546351836000156 ], [ 121.017864090609351, 14.546679222756268 ], [ 121.018161151297249, 14.546849866667174 ], [ 121.018498082975839, 14.547074487786006 ], [ 121.018852146773497, 14.547371444519342 ], [ 121.019246185515726, 14.54769695478484 ], [ 121.019594538607407, 14.547959647280152 ], [ 121.019975252368226, 14.548169039848858 ], [ 121.020228427019561, 14.548296578958798 ], [ 121.020449241000506, 14.54835178245412 ], [ 121.020761426284594, 14.548406985949384 ], [ 121.020967011715129, 14.548427925206283 ], [ 121.021145947183072, 14.548431732343829 ], [ 121.021404832540497, 14.548414600224646 ], [ 121.021531963957159, 14.548390050258149 ], [ 121.021572749000256, 14.548504427999887 ], [ 121.021674876000247, 14.548751911000238 ], [ 121.022061758000291, 14.549877587000083 ], [ 121.022130644000299, 14.549858330000177 ], [ 121.022336841000197, 14.550427741000135 ], [ 121.022325341000169, 14.550530363000291 ], [ 121.02228174700042, 14.550585847000264 ], [ 121.022234664000393, 14.550625038000021 ], [ 121.021992094000211, 14.55069717799995 ], [ 121.019183641000268, 14.550960286000418 ], [ 121.019294621000199, 14.551702349000266 ], [ 121.019456706718415, 14.553238297441396 ], [ 121.019642304677063, 14.554485135008633 ], [ 121.019723206351387, 14.554642179435177 ], [ 121.020237169928691, 14.555356017736699 ], [ 121.021105023299015, 14.556651681424512 ], [ 121.021252382165812, 14.556786587429656 ], [ 121.024434253669824, 14.554696417110335 ], [ 121.024783063094105, 14.555380722621805 ], [ 121.026275470686187, 14.55827725154569 ], [ 121.029279412487654, 14.559151770291635 ], [ 121.030638849002003, 14.559576081000159 ], [ 121.030817857194393, 14.559626541508806 ], [ 121.031513918569658, 14.559029460764521 ], [ 121.031953928893131, 14.558584084461415 ], [ 121.032461013960983, 14.558047486505984 ], [ 121.033575220261355, 14.556619412471662 ], [ 121.034911164719119, 14.554933837897522 ] ] ] ] } },
{ "type": "Feature", "properties": { "RTA_ID": "JRTA160", "TIME": 20 }, "geometry": { "type": "MultiPolygon", "coordinates": [ [ [ [ 120.981465476000153, 14.611077115 ], [ 120.981455314000073, 14.610916207 ], [ 120.981353509000087, 14.609744173000024 ], [ 120.981275269000093, 14.608750307000037 ], [ 120.981092267000122, 14.6066252560002 ], [ 120.980867852000074, 14.605293042000085 ], [ 120.980659048, 14.603938632000109 ], [ 120.980634827548442, 14.603836772077273 ], [ 120.98007282510423, 14.60400860435692 ], [ 120.979347882580441, 14.604254537198642 ], [ 120.97693903830816, 14.605230128600454 ], [ 120.97487540773875, 14.606010047512825 ], [ 120.975328715964906, 14.607320242028891 ], [ 120.97562136511533, 14.608177585186411 ], [ 120.975663289092154, 14.608374162684356 ], [ 120.975964754165375, 14.610196942675145 ], [ 120.976211829845624, 14.611567453500129 ], [ 120.976440954314171, 14.612572618360275 ], [ 120.97652236700003, 14.612556 ], [ 120.977303756000083, 14.612407367000117 ], [ 120.977745520000212, 14.612273833000074 ], [ 120.978082561000292, 14.612103214000115 ], [ 120.978989957000067, 14.611637595999923 ], [ 120.979010588000051, 14.611622409 ], [ 120.979365186000109, 14.611431245000176 ], [ 120.980125591000046, 14.6110329710001 ], [ 120.980286651000029, 14.610922367000171 ], [ 120.98079335, 14.611004444000116 ], [ 120.981114021000167, 14.611048792000076 ], [ 120.981465476000153, 14.611077115 ] ] ] ] } },
{ "type": "Feature", "properties": { "RTA_ID": "JRTA162", "TIME": 30 }, "geometry": { "type": "MultiPolygon", "coordinates": [ [ [ [ 121.000944398, 14.522003873000301 ], [ 120.999194137000018, 14.522001182000167 ], [ 120.998678207000125, 14.522012073000099 ], [ 120.99824958600027, 14.522030994000147 ], [ 120.996858847000226, 14.522082373000046 ], [ 120.996872027000109, 14.522222612 ], [ 120.996708406000153, 14.522225822000109 ], [ 120.995178539000108, 14.522225323000157 ], [ 120.993674037239998, 14.522226989681144 ], [ 120.99368021409316, 14.522330451973744 ], [ 120.993725557724588, 14.524048471781953 ], [ 120.993728864030913, 14.525982659000022 ], [ 120.993680686422863, 14.526924800948962 ], [ 120.993658018140536, 14.527281842132084 ], [ 120.993418765300021, 14.529098894828508 ], [ 120.99348436400021, 14.529106574000082 ], [ 120.994201797000073, 14.52915437300004 ], [ 120.99452511700008, 14.529174311000133 ], [ 120.994878777000167, 14.529205322999985 ], [ 120.994947515000035, 14.529200514000081 ], [ 120.995134066000105, 14.529219283000089 ], [ 120.995603699000071, 14.529250392999984 ], [ 120.995709687000044, 14.529264842000032 ], [ 120.996130027000163, 14.52929735400005 ], [ 120.996426808000137, 14.529308033000177 ], [ 120.996546918000263, 14.52931538100006 ], [ 120.997204062000151, 14.529390488000161 ], [ 120.997472238000114, 14.529397471000095 ], [ 120.997563687000138, 14.529402772000083 ], [ 120.997924316000194, 14.529406744000084 ], [ 120.999129996000079, 14.52943977200016 ], [ 120.999527501560351, 14.529472561055172 ], [ 120.999779213080615, 14.529596013732942 ], [ 120.999698493209962, 14.528978331248027 ], [ 120.999386142408071, 14.528357139203592 ], [ 120.99902816733163, 14.527806138350797 ], [ 120.99900360041454, 14.527321819129611 ], [ 120.999351351000087, 14.527350904000116 ], [ 120.999559034000072, 14.527373713000145 ], [ 120.999609454000165, 14.527384518000247 ], [ 120.999693488000048, 14.527217651000058 ], [ 120.999905936513187, 14.526615460859091 ], [ 121.000441847000047, 14.525184174000117 ], [ 121.000837129000047, 14.524158631000091 ], [ 121.000865746000045, 14.523946561000287 ], [ 121.000879699000052, 14.523747834000119 ], [ 121.000944398, 14.522003873000301 ] ] ] ] } },
{ "type": "Feature", "properties": { "RTA_ID": "JRTA83", "TIME": 30 }, "geometry": { "type": "MultiPolygon", "coordinates": [ [ [ [ 121.108821181000167, 14.636558156000035 ], [ 121.108816778334926, 14.636465630767361 ], [ 121.108675911053638, 14.636503684961667 ], [ 121.108589394277601, 14.636518681202915 ], [ 121.108493649045045, 14.636508299189757 ], [ 121.108414053610886, 14.636466771137123 ], [ 121.108117589457265, 14.636242981075839 ], [ 121.107916870536314, 14.636078022422339 ], [ 121.107803821948778, 14.635964973834575 ], [ 121.107600795913527, 14.635674277466251 ], [ 121.107488900883027, 14.635588914247023 ], [ 121.107402384106535, 14.635495476128654 ], [ 121.107336631356588, 14.635388195326072 ], [ 121.107272807700042, 14.635262021112624 ], [ 121.107110534181288, 14.634869094668147 ], [ 121.107006714049817, 14.634675297089302 ], [ 121.106817530699004, 14.634348840453356 ], [ 121.106673336071708, 14.63416196421656 ], [ 121.10653790300023, 14.634028376000288 ], [ 121.106352173000118, 14.634063432000175 ], [ 121.10255078137186, 14.634805711990907 ], [ 121.102650886708602, 14.634829839943905 ], [ 121.102852470797302, 14.634870502828676 ], [ 121.102893133682301, 14.634883480345138 ], [ 121.102941583076813, 14.634928469068825 ], [ 121.102960616767632, 14.634995086986578 ], [ 121.102956290928773, 14.635369704627863 ], [ 121.102944178580174, 14.635618007775861 ], [ 121.102977054955431, 14.635835164884327 ], [ 121.103042807705151, 14.636207187022421 ], [ 121.103068762738076, 14.636303220644152 ], [ 121.103067897570213, 14.636382816078253 ], [ 121.103051459382755, 14.636517782249257 ], [ 121.103072223409072, 14.636590456341423 ], [ 121.103136245823634, 14.636746186538687 ], [ 121.103228818773914, 14.636983242505721 ], [ 121.103595657174992, 14.637948195524757 ], [ 121.10389520459546, 14.638831404118321 ], [ 121.104096221191185, 14.639340413042532 ], [ 121.104324625480444, 14.639958719603726 ], [ 121.104791816072634, 14.641154958230629 ], [ 121.104940624927735, 14.64156562452871 ], [ 121.105129644501972, 14.642039059994147 ], [ 121.105174335580159, 14.642169470025692 ], [ 121.105512470000235, 14.642070778000118 ], [ 121.107266857000013, 14.641453308000052 ], [ 121.10853599200027, 14.640992783000058 ], [ 121.108230894000258, 14.640176946000111 ], [ 121.107732044000045, 14.638887838000016 ], [ 121.108201988000019, 14.638750706000053 ], [ 121.108641142000124, 14.638602481000135 ], [ 121.109299841000166, 14.638208384000109 ], [ 121.109000985000307, 14.637304325 ], [ 121.108828495000239, 14.636660361000054 ], [ 121.108821181000167, 14.636558156000035 ] ] ] ] } },
{ "type": "Feature", "properties": { "RTA_ID": "JRTA82", "TIME": 30 }, "geometry": { "type": "MultiPolygon", "coordinates": [ [ [ [ 121.099109554000165, 14.650785056000132 ], [ 121.099185395000291, 14.650773386000083 ], [ 121.099437846, 14.65077544900015 ], [ 121.099614244, 14.650813761000109 ], [ 121.09980994600005, 14.650809215000265 ], [ 121.09992344300008, 14.650822432000211 ], [ 121.101526552000109, 14.650446407000118 ], [ 121.102671802000032, 14.65014844600023 ], [ 121.102584856000135, 14.650032993000025 ], [ 121.102411116000098, 14.649829103000172 ], [ 121.102323892000186, 14.649749802000088 ], [ 121.102224197000055, 14.64967488700006 ], [ 121.102055792000215, 14.64958948200001 ], [ 121.102162512000177, 14.649461052 ], [ 121.102269233000015, 14.649358945000188 ], [ 121.1024162880002, 14.649263468000186 ], [ 121.102517776000241, 14.64920014300003 ], [ 121.102964931000201, 14.648978739000142 ], [ 121.103674114, 14.648673620000238 ], [ 121.103936136000016, 14.648573625000211 ], [ 121.10408730000006, 14.648502616000144 ], [ 121.104204161000098, 14.648476801000015 ], [ 121.104671099000143, 14.648266904000138 ], [ 121.105164541000136, 14.648056829000268 ], [ 121.106950794000227, 14.647279675999982 ], [ 121.107033847157481, 14.647246077699322 ], [ 121.107013102705423, 14.64717574124586 ], [ 121.10699233867922, 14.647083600879057 ], [ 121.106985201045063, 14.647015468917857 ], [ 121.107023276711402, 14.646672022856535 ], [ 121.10706047064059, 14.646488581750191 ], [ 121.107046195372391, 14.646337393683837 ], [ 121.107016995960407, 14.645992191746245 ], [ 121.107004018443945, 14.645863714333359 ], [ 121.107013102705423, 14.645825430659841 ], [ 121.107108775934989, 14.645653698408353 ], [ 121.107196492265871, 14.645538594031962 ], [ 121.107231915787224, 14.645525136050765 ], [ 121.107316127714398, 14.645468548957695 ], [ 121.107354411388087, 14.645428967532439 ], [ 121.107359602394467, 14.645377706342686 ], [ 121.107351167008915, 14.645315414263621 ], [ 121.107289523805662, 14.645199265491613 ], [ 121.10724150699491, 14.645092200980741 ], [ 121.107232422733318, 14.645007198248095 ], [ 121.107236964864114, 14.644973456705543 ], [ 121.107259026642282, 14.644932577528493 ], [ 121.10731677659021, 14.644877423083585 ], [ 121.107334296237468, 14.6448378416585 ], [ 121.107364468963283, 14.644669169993449 ], [ 121.107453677372519, 14.644521514695327 ], [ 121.107530581173705, 14.644376935548962 ], [ 121.107559804618177, 14.644250813315068 ], [ 121.107565956922258, 14.644103158016947 ], [ 121.107535195401965, 14.643938583882345 ], [ 121.107404458939754, 14.643764781291907 ], [ 121.107226042121397, 14.643590978701468 ], [ 121.107132219483901, 14.643474084923412 ], [ 121.107075310671007, 14.64333873423351 ], [ 121.107056853758536, 14.643221840455794 ], [ 121.10706915836704, 14.643092642069746 ], [ 121.107118376799576, 14.642920377555299 ], [ 121.107142986016129, 14.642805021853405 ], [ 121.107112224495495, 14.642726579976227 ], [ 121.106955340741138, 14.642574310450186 ], [ 121.106809223519008, 14.642492792420683 ], [ 121.106708420746827, 14.642475361368895 ], [ 121.106518048061389, 14.642552226705732 ], [ 121.106483151402131, 14.642582000830259 ], [ 121.106458542185806, 14.642640447719032 ], [ 121.106445372295411, 14.642742423384959 ], [ 121.106423166437253, 14.642792717245413 ], [ 121.106370871852391, 14.642845011830104 ], [ 121.106263438260953, 14.642909728528366 ], [ 121.106235549028156, 14.642935375252932 ], [ 121.106082852116515, 14.643007138027542 ], [ 121.105997119378799, 14.643043423637039 ], [ 121.105924829805758, 14.643058804397185 ], [ 121.105844849852588, 14.643023428648803 ], [ 121.105672585338084, 14.642952677151698 ], [ 121.105541848876101, 14.642891154110998 ], [ 121.10542341702228, 14.64278041263708 ], [ 121.105364227450082, 14.642690504557493 ], [ 121.105348959897128, 14.642656712119162 ], [ 121.103563282000096, 14.643457476000151 ], [ 121.103028348000066, 14.643626608000261 ], [ 121.102469905000135, 14.643867836000311 ], [ 121.10186936700029, 14.644162988000232 ], [ 121.101558823000232, 14.644305001000191 ], [ 121.101427951000346, 14.644350943000234 ], [ 121.100847506000264, 14.644593842000177 ], [ 121.100366510000185, 14.644799536000164 ], [ 121.100229782000156, 14.644510182000204 ], [ 121.099352757000247, 14.644725294000239 ], [ 121.099066402000176, 14.644774439000287 ], [ 121.098802462000322, 14.644833844000345 ], [ 121.098423613000136, 14.644941879000271 ], [ 121.098341075000235, 14.644963779000307 ], [ 121.098264695000012, 14.644973112000287 ], [ 121.0981402540001, 14.64497749900022 ], [ 121.097848784000234, 14.644970596000292 ], [ 121.097718829000314, 14.644971352000312 ], [ 121.097600076000276, 14.644983031000152 ], [ 121.097489992000305, 14.645002901000169 ], [ 121.097375672000453, 14.645037210000282 ], [ 121.097204913000269, 14.645096334000186 ], [ 121.096473759000332, 14.645358167000268 ], [ 121.096425159000319, 14.645403585000281 ], [ 121.096212516000492, 14.645484210000291 ], [ 121.096145909000029, 14.645541266000237 ], [ 121.096030866000319, 14.645564038000316 ], [ 121.095786925000539, 14.645602699000278 ], [ 121.095555586000387, 14.645632264000312 ], [ 121.095374913, 14.645664321000197 ], [ 121.094620006000355, 14.645760219000294 ], [ 121.093837183000232, 14.645880289000331 ], [ 121.092990339000153, 14.645961011000225 ], [ 121.092545084000449, 14.646001623000245 ], [ 121.092530569000132, 14.645794590000207 ], [ 121.092522508000116, 14.645592053000257 ], [ 121.092494551000073, 14.645401184000207 ], [ 121.091867159000117, 14.645489554000221 ], [ 121.091642034000301, 14.645502847000159 ], [ 121.091322331000242, 14.645516164000298 ], [ 121.091074579000178, 14.645465368000373 ], [ 121.09084950700003, 14.645450542000162 ], [ 121.089831378798635, 14.645448357662872 ], [ 121.089726814670144, 14.645737189887825 ], [ 121.089673233636859, 14.645861957161856 ], [ 121.089568371629753, 14.646158038123758 ], [ 121.08956773941884, 14.646619511212123 ], [ 121.089290158018343, 14.647977127484637 ], [ 121.089275225627034, 14.648377374760344 ], [ 121.089167428660289, 14.648724073128108 ], [ 121.089179765367021, 14.649273056578465 ], [ 121.089315469141297, 14.649951575449961 ], [ 121.089599213396582, 14.650852155042912 ], [ 121.089913799418696, 14.651290108132514 ], [ 121.090174346879508, 14.651493808879479 ], [ 121.090382216088642, 14.651777107176997 ], [ 121.091145173604787, 14.652174506718552 ], [ 121.094459399106654, 14.65344737832487 ], [ 121.095241083626775, 14.653964546330883 ], [ 121.095489052670814, 14.654348317735241 ], [ 121.096028585545582, 14.653950485339919 ], [ 121.097885231828513, 14.652639750908577 ], [ 121.098069117668388, 14.652342999928294 ], [ 121.098299118000227, 14.651810792000276 ], [ 121.098579677000089, 14.651481256000181 ], [ 121.098713645000203, 14.651316436000229 ], [ 121.098822367000139, 14.651151410000068 ], [ 121.098924461000024, 14.651023199000065 ], [ 121.098969222000278, 14.650955970000098 ], [ 121.099001309000187, 14.650894782000137 ], [ 121.099065004000181, 14.650827707000019 ], [ 121.099109554000165, 14.650785056000132 ] ] ] ] } },
{ "type": "Feature", "properties": { "RTA_ID": "JRTA58", "TIME": 30 }, "geometry": { "type": "MultiPolygon", "coordinates": [ [ [ [ 120.966827795537256, 14.596543844196844 ], [ 120.968171681637273, 14.59455968643914 ], [ 120.968599930072742, 14.593947980498967 ], [ 120.969244745207675, 14.593017666407263 ], [ 120.970119696383563, 14.59178557014792 ], [ 120.970607277672798, 14.591115792723656 ], [ 120.970843213702324, 14.590809663066921 ], [ 120.970601950800415, 14.590616842716315 ], [ 120.970254263000015, 14.590368227000226 ], [ 120.970228625000118, 14.590351251000243 ], [ 120.969411606000108, 14.589611097000102 ], [ 120.968604227000128, 14.588832338000032 ], [ 120.9677721380001, 14.587997327000153 ], [ 120.966787293000039, 14.587084227999981 ], [ 120.966723452434053, 14.587077995456298 ], [ 120.963427418117931, 14.583826053773578 ], [ 120.962749296893207, 14.584474793229504 ], [ 120.959923561259416, 14.587523542327347 ], [ 120.956122519703285, 14.595981791265388 ], [ 120.956026777564944, 14.596377619075554 ], [ 120.961107638000044, 14.596584198000187 ], [ 120.962405140000101, 14.596592092000094 ], [ 120.962775467000142, 14.596561898000118 ], [ 120.963287003, 14.596525728000131 ], [ 120.96351099400033, 14.596516837000195 ], [ 120.96643179900002, 14.596528759000137 ], [ 120.966827795537256, 14.596543844196844 ] ] ] ] } },
{ "type": "Feature", "properties": { "RTA_ID": "JRTA77", "TIME": 30 }, "geometry": { "type": "MultiPolygon", "coordinates": [ [ [ [ 121.032629661999522, 14.510919077090136 ], [ 121.032817149405787, 14.511677105434615 ], [ 121.032948019761193, 14.511953717776521 ], [ 121.03307591579005, 14.512173817919631 ], [ 121.033483398487306, 14.512798426433505 ], [ 121.034256723314229, 14.513892978496187 ], [ 121.0347140259762, 14.514452151832643 ], [ 121.035035253212186, 14.514713892543341 ], [ 121.035569787682221, 14.515045379215906 ], [ 121.03605427878324, 14.515280054593006 ], [ 121.036648537399515, 14.515537440490505 ], [ 121.037360133704055, 14.515809966734707 ], [ 121.038052804575273, 14.515972725464053 ], [ 121.038609212324332, 14.516044642111808 ], [ 121.039354874409469, 14.516108988586268 ], [ 121.040550961815484, 14.516158194713626 ], [ 121.041716768527067, 14.516143054366694 ], [ 121.043022623447996, 14.516131699106666 ], [ 121.045694894677013, 14.516249036795045 ], [ 121.046391350634622, 14.516343663963369 ], [ 121.047095376766151, 14.516487497258879 ], [ 121.048049218621486, 14.516756238416519 ], [ 121.049078762211252, 14.5171461023495 ], [ 121.049990968112638, 14.517547321542281 ], [ 121.050252139096528, 14.517706295185064 ], [ 121.050925884533854, 14.518205926632788 ], [ 121.052239309628476, 14.519296031610054 ], [ 121.052485340265321, 14.519542062247524 ], [ 121.052719479604434, 14.51981861862464 ], [ 121.05292267396419, 14.52008781984631 ], [ 121.053343949843338, 14.52068499551342 ], [ 121.053610850913287, 14.521091998320344 ], [ 121.053930728506316, 14.521663961952925 ], [ 121.054240061721316, 14.522311535074266 ], [ 121.054516210576708, 14.522955220222116 ], [ 121.055331713991905, 14.525103145837761 ], [ 121.056031585666915, 14.526875043174527 ], [ 121.056513620501278, 14.526819269265673 ], [ 121.059604540347664, 14.526740747052429 ], [ 121.060532530140222, 14.524584955381215 ], [ 121.061303475506406, 14.524756276573612 ], [ 121.062135675000377, 14.52348443800048 ], [ 121.062043665000488, 14.522046280000325 ], [ 121.062056662000145, 14.521541312000465 ], [ 121.062010981000185, 14.521064742000647 ], [ 121.061974768000027, 14.520831819000648 ], [ 121.061964157000489, 14.520699241000159 ], [ 121.061946529000807, 14.520325765000166 ], [ 121.061778548376196, 14.518336045897797 ], [ 121.061176754000257, 14.516328525000233 ], [ 121.061115127000221, 14.515930550000235 ], [ 121.061093125000184, 14.515649068000016 ], [ 121.061071124000136, 14.515596697000035 ], [ 121.061062248000553, 14.515356962000226 ], [ 121.061044748000086, 14.515322840000238 ], [ 121.061037618000114, 14.514650757000311 ], [ 121.061018116000014, 14.514274282000315 ], [ 121.060982239000168, 14.513951302000237 ], [ 121.06092673500018, 14.513384839000366 ], [ 121.060769728000309, 14.512207165000291 ], [ 121.060802852000052, 14.512095672000214 ], [ 121.060440229000164, 14.512288662000344 ], [ 121.060289604000218, 14.512352659000214 ], [ 121.060124979000193, 14.512410906000184 ], [ 121.059930230000418, 14.51246890300024 ], [ 121.059769105000328, 14.512498277000361 ], [ 121.059668230000625, 14.512521901000184 ], [ 121.059526856000275, 14.51253877600044 ], [ 121.059313106000559, 14.512557776000222 ], [ 121.059081106000235, 14.512565777000077 ], [ 121.058488981000664, 14.51252378400028 ], [ 121.058075606000443, 14.512496913000064 ], [ 121.057748231, 14.512496040000258 ], [ 121.057669857000178, 14.512583910000444 ], [ 121.057493607000424, 14.512642032000258 ], [ 121.057416607000278, 14.512648657000227 ], [ 121.057325732000436, 14.512658782000415 ], [ 121.057197857000119, 14.512668531999964 ], [ 121.056275358000562, 14.512680787000363 ], [ 121.056060233000494, 14.512706162000427 ], [ 121.055892233000577, 14.512729161000095 ], [ 121.055576734000283, 14.512776285000086 ], [ 121.055119609000599, 14.51283115900037 ], [ 121.054790360000311, 14.512888158000237 ], [ 121.054407360000368, 14.512936407000382 ], [ 121.054194111000584, 14.512965781000332 ], [ 121.054114986000513, 14.512986031000253 ], [ 121.054045611000333, 14.513008530000207 ], [ 121.053615111000454, 14.51300003300031 ], [ 121.053408736000392, 14.513021533000313 ], [ 121.053145237000535, 14.513064406999945 ], [ 121.053159988000061, 14.513330139000459 ], [ 121.053225864000183, 14.513364387000252 ], [ 121.053261114000179, 14.513411509000434 ], [ 121.053265489000182, 14.51347563000013 ], [ 121.053340741000284, 14.513723238000011 ], [ 121.053252617, 14.513863105000326 ], [ 121.053215742000361, 14.513932726000291 ], [ 121.053174618000298, 14.514001597000401 ], [ 121.053076744000464, 14.514141713000299 ], [ 121.053021369000362, 14.514193960000057 ], [ 121.052967119000186, 14.514241583 ], [ 121.052850745000455, 14.514335952000295 ], [ 121.052790370000139, 14.514380950000259 ], [ 121.052729246000126, 14.514425572000221 ], [ 121.052589121000437, 14.514501693000398 ], [ 121.05251837100036, 14.51454794100016 ], [ 121.052450122000437, 14.514600813000243 ], [ 121.052388622000194, 14.514657310000246 ], [ 121.052333373000238, 14.514715431000127 ], [ 121.052285748000031, 14.514779427000462 ], [ 121.052244873000291, 14.514850422999928 ], [ 121.051766130000374, 14.515807615000256 ], [ 121.051679381000213, 14.515993604000471 ], [ 121.051579633000301, 14.516219340000305 ], [ 121.051538383000093, 14.516297585000473 ], [ 121.051387258000204, 14.516239340000368 ], [ 121.051167632000329, 14.516119599000319 ], [ 121.050807381000368, 14.515948487000401 ], [ 121.050737131000233, 14.515935613000408 ], [ 121.050328756000113, 14.515928241000324 ], [ 121.050328631000184, 14.515837247000263 ], [ 121.050311005000481, 14.515794500000368 ], [ 121.050263255000459, 14.515758877000337 ], [ 121.047126371000445, 14.514157873000386 ], [ 121.045105990000252, 14.513122327000303 ], [ 121.043029484000613, 14.512051158000418 ], [ 121.042983234000531, 14.511997036000366 ], [ 121.042936984000107, 14.511974538000288 ], [ 121.042888484000514, 14.51196666400034 ], [ 121.042905484000471, 14.511909167000283 ], [ 121.041166729000452, 14.510997486000292 ], [ 121.040108225000267, 14.510452777000239 ], [ 121.039571974000523, 14.510164674000293 ], [ 121.039044472000455, 14.509896194000305 ], [ 121.038961722000181, 14.509880446000238 ], [ 121.038857972000301, 14.509879571000226 ], [ 121.038772347000531, 14.509888821000288 ], [ 121.038770222000494, 14.509833325000329 ], [ 121.038739847000556, 14.509752330000083 ], [ 121.038703971000245, 14.509716583000056 ], [ 121.038600721000421, 14.509665212000357 ], [ 121.038037345000475, 14.509394982 ], [ 121.037994595000328, 14.509452479000231 ], [ 121.037954095000032, 14.50946572800018 ], [ 121.0378930950003, 14.509456104000265 ], [ 121.03630671600024, 14.508778782000377 ], [ 121.035012443000483, 14.508223750000298 ], [ 121.034252972588547, 14.507831683014274 ], [ 121.032629661999522, 14.510919077090136 ] ] ] ] } },
{ "type": "Feature", "properties": { "RTA_ID": "JRTA153", "TIME": 30 }, "geometry": { "type": "MultiPolygon", "coordinates": [ [ [ [ 121.074893703345651, 14.615019200975553 ], [ 121.075111412646379, 14.613982404101762 ], [ 121.075451395025766, 14.61228903032827 ], [ 121.075673691196698, 14.611295235681382 ], [ 121.075778301159517, 14.610935638934109 ], [ 121.075954830471801, 14.610438741610835 ], [ 121.076170588520199, 14.610079144863448 ], [ 121.076634795230234, 14.609529942558652 ], [ 121.077321298111428, 14.608843439677628 ], [ 121.078465469579783, 14.607601196368876 ], [ 121.078798913836295, 14.607065070309432 ], [ 121.078968905025818, 14.606615029531781 ], [ 121.07909267106254, 14.606069294170538 ], [ 121.078493025238686, 14.606182317841501 ], [ 121.077902518882297, 14.60630932619182 ], [ 121.077290569558045, 14.606421489410252 ], [ 121.076774288861088, 14.606518807497025 ], [ 121.07636045790116, 14.606603754640389 ], [ 121.075891570000067, 14.606731590000095 ], [ 121.0751413280002, 14.606819385000165 ], [ 121.074745238076616, 14.606881498709527 ], [ 121.074800263001293, 14.607154399000194 ], [ 121.074940981001077, 14.60789302500018 ], [ 121.072851750000041, 14.608031647000075 ], [ 121.072119353000176, 14.608097656000155 ], [ 121.071363715000189, 14.608158491000097 ], [ 121.070526499000721, 14.608205343000066 ], [ 121.070840606000615, 14.6104584200001 ], [ 121.070880145000842, 14.610811208000143 ], [ 121.07088463900061, 14.610962161000089 ], [ 121.07087596400072, 14.611055131000171 ], [ 121.070864027000198, 14.611141760000123 ], [ 121.07047951000186, 14.613199007999981 ], [ 121.070462212002553, 14.613383270000156 ], [ 121.070461992002379, 14.613469995000116 ], [ 121.070603084690447, 14.614090304279785 ], [ 121.070636849002199, 14.614665064638018 ], [ 121.071120800608469, 14.614462388573145 ], [ 121.071292426328682, 14.614457484981131 ], [ 121.071542509521009, 14.614511424493173 ], [ 121.072876286547285, 14.614790929237643 ], [ 121.074582736565844, 14.615237156110368 ], [ 121.074837723350242, 14.615237156110368 ], [ 121.074893703345651, 14.615019200975553 ] ] ] ] } },
{ "type": "Feature", "properties": { "RTA_ID": "JRTA175", "TIME": 20 }, "geometry": { "type": "MultiPolygon", "coordinates": [ [ [ [ 121.078917038295344, 14.606752343376286 ], [ 121.079445030225997, 14.606996336467489 ], [ 121.080540534073293, 14.607474608129564 ], [ 121.080689012439962, 14.607487933111202 ], [ 121.080894788227624, 14.607485204662623 ], [ 121.081323936000103, 14.607326364000073 ], [ 121.081572643000186, 14.607197511000152 ], [ 121.081747170000085, 14.607132512000192 ], [ 121.081793846000096, 14.60712231500014 ], [ 121.082004917000063, 14.607117510000194 ], [ 121.082080452980961, 14.60713478523919 ], [ 121.082154249617545, 14.607158410960784 ], [ 121.082225774046321, 14.607188216570689 ], [ 121.082294509810694, 14.607223986851482 ], [ 121.082359960590225, 14.607265463516629 ], [ 121.082421653784351, 14.607312347075501 ], [ 121.082479143924886, 14.607364298995899 ], [ 121.082532015892696, 14.607420944148496 ], [ 121.08257988791506, 14.607481873515535 ], [ 121.082622414322373, 14.607546647144225 ], [ 121.082659288044127, 14.607614797323508 ], [ 121.082690242826189, 14.607685831961263 ], [ 121.082715055153287, 14.607759238137547 ], [ 121.082733545863007, 14.607834485808251 ], [ 121.082745581439468, 14.607911031632383 ], [ 121.082751074977338, 14.607988322895372 ], [ 121.082749986809432, 14.608065801500052 ], [ 121.082742324793088, 14.608142907996525 ], [ 121.082728144253437, 14.608219085621768 ], [ 121.082707547583922, 14.608293784319866 ], [ 121.08268068350695, 14.608366464713793 ], [ 121.082647746000021, 14.608436602000097 ], [ 121.082398099000102, 14.608677806000117 ], [ 121.082155971000134, 14.608942114000172 ], [ 121.081606364000208, 14.609557238000093 ], [ 121.08158696045848, 14.609589692419583 ], [ 121.08157336753078, 14.609624977247661 ], [ 121.081565982365177, 14.60966206155843 ], [ 121.081565020735965, 14.609699861850032 ], [ 121.081570510739297, 14.609737273701622 ], [ 121.081582291972339, 14.609773204041504 ], [ 121.081600020219781, 14.609806603083687 ], [ 121.081623177510835, 14.609836494999762 ], [ 121.081651087252993, 14.609862006429923 ], [ 121.081682934000128, 14.609882392000145 ], [ 121.081767774599143, 14.60990573263561 ], [ 121.081854009091188, 14.609923234775067 ], [ 121.08194123618118, 14.609934816971711 ], [ 121.082029049954869, 14.609940425327398 ], [ 121.082117041767944, 14.60994003374346 ], [ 121.082204802147515, 14.609933644042142 ], [ 121.082291922697692, 14.609921285958135 ], [ 121.082377998000084, 14.609903017000192 ], [ 121.0830664711076, 14.610151586519805 ], [ 121.086479988360793, 14.607708121662142 ], [ 121.087755448825646, 14.606413709254298 ], [ 121.088364576790696, 14.605157287663019 ], [ 121.089240204011844, 14.603558260322075 ], [ 121.090058719916556, 14.60197827673295 ], [ 121.090299314479466, 14.601154101167481 ], [ 121.090389909922123, 14.599948484890831 ], [ 121.090424754323067, 14.599279472390492 ], [ 121.090334158880296, 14.599035561583037 ], [ 121.090083279192754, 14.598889215098723 ], [ 121.089755741823069, 14.598868308458236 ], [ 121.089581519817557, 14.598917090619466 ], [ 121.089295795729072, 14.599040788243201 ], [ 121.088975227239075, 14.599026850482744 ], [ 121.088598907707819, 14.598992006081744 ], [ 121.088348028020164, 14.599054726003658 ], [ 121.087915957447194, 14.599256823529913 ], [ 121.087609326717711, 14.599500734337369 ], [ 121.087469949113483, 14.59975858290511 ], [ 121.087309664868599, 14.600323062201994 ], [ 121.087170287264371, 14.600838759337705 ], [ 121.087065754061314, 14.601235985509788 ], [ 121.087044847420771, 14.601452020796387 ], [ 121.08700303413957, 14.601612305041442 ], [ 121.086738216691288, 14.601981655692327 ], [ 121.086438554842175, 14.602302224182267 ], [ 121.085888013305521, 14.602790045796837 ], [ 121.085706822420093, 14.602915485640949 ], [ 121.085198094164866, 14.603159396448234 ], [ 121.084871988846999, 14.603310870602684 ], [ 121.084207569472028, 14.60344375447761 ], [ 121.083509929128695, 14.603432680821356 ], [ 121.083022688254005, 14.60329979694643 ], [ 121.082546521035624, 14.602967587259116 ], [ 121.082291826941741, 14.602424978103102 ], [ 121.082269679629462, 14.601295465166231 ], [ 121.082283903730286, 14.601134258689626 ], [ 121.080692073000137, 14.601070475000142 ], [ 121.080150867000157, 14.601038872000288 ], [ 121.079977049000149, 14.601098128000217 ], [ 121.079401344776443, 14.601082305967452 ], [ 121.079338586690824, 14.602227292374664 ], [ 121.079223853991039, 14.604713167537966 ], [ 121.07913886680592, 14.605801003506826 ], [ 121.079092671062654, 14.606069294170481 ], [ 121.078968905025818, 14.606615029531724 ], [ 121.078917038295344, 14.606752343376286 ] ] ] ] } },
{ "type": "Feature", "properties": { "RTA_ID": "JRTA206", "TIME": 30 }, "geometry": { "type": "MultiPolygon", "coordinates": [ [ [ [ 120.965367808712131, 14.639285034258535 ], [ 120.966005451222145, 14.639130878926494 ], [ 120.966643093732273, 14.639144893047558 ], [ 120.9673718280294, 14.639102850684196 ], [ 120.967764223419977, 14.638969716533722 ], [ 120.968678288575688, 14.638506824826209 ], [ 120.968862920877086, 14.63831254428095 ], [ 120.968934844149089, 14.638212553390701 ], [ 120.96900501319476, 14.638090196117219 ], [ 120.969068165335898, 14.637909510824556 ], [ 120.969080444918973, 14.637785399324969 ], [ 120.969080444918973, 14.637625764746019 ], [ 120.969061148431365, 14.637433238426866 ], [ 120.969040097717652, 14.637301671466162 ], [ 120.968989225159362, 14.637122740399548 ], [ 120.968857658198658, 14.636686815203177 ], [ 120.968796260283852, 14.636469291161575 ], [ 120.968705040524242, 14.636127655620385 ], [ 120.968669956001577, 14.635959249910513 ], [ 120.968640134156999, 14.635736901747009 ], [ 120.968615574991304, 14.63553341151453 ], [ 120.968598032729574, 14.63531939592508 ], [ 120.968620837669391, 14.635111081570699 ], [ 120.968652413740074, 14.634946184313264 ], [ 120.968692760941394, 14.634802776326069 ], [ 120.968740125047134, 14.634708048114476 ], [ 120.968789243379092, 14.634644895973395 ], [ 120.968845378615811, 14.634613319902712 ], [ 120.968969928672095, 14.634572972701449 ], [ 120.9691910464486, 14.634514685787451 ], [ 120.969578191872415, 14.634491590867526 ], [ 120.9701620649397, 14.634496682246038 ], [ 120.97046103965647, 14.634466221756782 ], [ 120.970563422944451, 14.634401070629622 ], [ 120.970625781149806, 14.63426934624465 ], [ 120.970669469276913, 14.633945833183702 ], [ 120.970438634929906, 14.633813010152892 ], [ 120.970315938494309, 14.633536943173112 ], [ 120.970315938494309, 14.633230202084576 ], [ 120.970377286712164, 14.632974584510748 ], [ 120.970755600721418, 14.632187282383256 ], [ 120.970827173642192, 14.631972563621161 ], [ 120.970857847750949, 14.631399980255935 ], [ 120.970837398345225, 14.630980767434835 ], [ 120.970674371136965, 14.630681978892824 ], [ 120.970329003392635, 14.63030025664915 ], [ 120.969365609158672, 14.629500457662687 ], [ 120.968347683175693, 14.628900608422668 ], [ 120.967493352440329, 14.628282581932979 ], [ 120.967038921197627, 14.627846327940404 ], [ 120.966675376203739, 14.627210124200928 ], [ 120.966348495346438, 14.626354456555418 ], [ 120.966108788806082, 14.625958755205829 ], [ 120.965631254597497, 14.625324767587017 ], [ 120.96537782450298, 14.624898544246093 ], [ 120.965090128646693, 14.62517163625165 ], [ 120.964837520082256, 14.625397931423947 ], [ 120.964693673538477, 14.625573354038124 ], [ 120.964198981766344, 14.626425907943315 ], [ 120.963798462218847, 14.62708255863356 ], [ 120.963405618840852, 14.627529984667035 ], [ 120.962527615744193, 14.628305894380219 ], [ 120.961751706030782, 14.628938873357015 ], [ 120.961302495144196, 14.629204316153675 ], [ 120.960894121610977, 14.629347246890404 ], [ 120.960281561310921, 14.629428921596855 ], [ 120.959493489214424, 14.629274523577692 ], [ 120.95940608, 14.629561470000056 ], [ 120.959374069000091, 14.629694992999987 ], [ 120.958910239000033, 14.631083441000158 ], [ 120.958295902000145, 14.6328175270001 ], [ 120.95791073588623, 14.633944264184152 ], [ 120.958110753516053, 14.634001889407728 ], [ 120.958795158068256, 14.6342521018247 ], [ 120.959302942090972, 14.634605342884072 ], [ 120.960450975533604, 14.635569396608162 ], [ 120.961382640006491, 14.636413768351758 ], [ 120.961732393895318, 14.637186100882275 ], [ 120.961837612385239, 14.638297471110661 ], [ 120.962851792187735, 14.639483023130424 ], [ 120.963056864710097, 14.640066559471791 ], [ 120.962866874035853, 14.640792005478374 ], [ 120.962378081258066, 14.641528025598575 ], [ 120.961625868010969, 14.642433380879311 ], [ 120.961980673498715, 14.643181349205122 ], [ 120.962279641415648, 14.64354260210456 ], [ 120.962678265304589, 14.643741914049087 ], [ 120.963027061207526, 14.64377928503859 ], [ 120.963475513082585, 14.643679629066412 ], [ 120.963774480999518, 14.643517688111558 ], [ 120.96418556188496, 14.642832553302242 ], [ 120.964771040722098, 14.641449826687051 ], [ 120.965108547471914, 14.640048803858463 ], [ 120.965171611016672, 14.639572323741049 ], [ 120.965227667501154, 14.639362111924584 ], [ 120.965367808712131, 14.639285034258535 ] ] ] ] } },
{ "type": "Feature", "properties": { "RTA_ID": "JRTA178", "TIME": 20 }, "geometry": { "type": "MultiPolygon", "coordinates": [ [ [ [ 120.9561476949699, 14.648165041807715 ], [ 120.955908642000168, 14.647974161000036 ], [ 120.954589642000087, 14.646859241000186 ], [ 120.953011001000164, 14.645539591000045 ], [ 120.952345501000082, 14.6450023700001 ], [ 120.952007501000026, 14.644735521000143 ], [ 120.951415241000063, 14.6441503100001 ], [ 120.950466241000072, 14.643537601000162 ], [ 120.949768612000184, 14.643055511000057 ], [ 120.949544093211557, 14.642895313316671 ], [ 120.948931240010097, 14.643756448404361 ], [ 120.947405015177537, 14.642830136058933 ], [ 120.944702586511085, 14.64583087228857 ], [ 120.948719911266608, 14.648712130545448 ], [ 120.948392793078256, 14.649272912782237 ], [ 120.947981836894201, 14.648973676327273 ], [ 120.947888915270482, 14.649098075746224 ], [ 120.948244772575777, 14.649396736000938 ], [ 120.948140981694223, 14.649628189691839 ], [ 120.947537759326224, 14.65026757448652 ], [ 120.947221428742637, 14.650721299569113 ], [ 120.946952502240151, 14.650933406442675 ], [ 120.946712313877129, 14.651092101334029 ], [ 120.946892486055958, 14.651460766427022 ], [ 120.94728774034968, 14.651482143882731 ], [ 120.947558582759825, 14.651976737697339 ], [ 120.947913867570833, 14.652329059567307 ], [ 120.947820114118031, 14.652542622271881 ], [ 120.947769724119212, 14.652973307315449 ], [ 120.947641585991164, 14.653213670500065 ], [ 120.947632745666397, 14.653209617265873 ], [ 120.947622386486273, 14.653228950162088 ], [ 120.947459864700136, 14.653200140955505 ], [ 120.947392060903439, 14.6532487808675 ], [ 120.947559763004051, 14.653321272818459 ], [ 120.947144478824839, 14.653913436757989 ], [ 120.947043308263915, 14.653928896131333 ], [ 120.946978658804369, 14.653951092451848 ], [ 120.946907217011699, 14.654069808289194 ], [ 120.946649644428135, 14.653991011156279 ], [ 120.946621074285417, 14.654050929063885 ], [ 120.946873874143421, 14.654165551319238 ], [ 120.946684397664285, 14.654483250083956 ], [ 120.946595444499508, 14.654509929626784 ], [ 120.946179738082151, 14.654424133963232 ], [ 120.946070623563628, 14.65442145358503 ], [ 120.945851432481618, 14.654716392958221 ], [ 120.945872989969189, 14.654809458682564 ], [ 120.945956866496886, 14.654842995114848 ], [ 120.94625374971929, 14.65491671958921 ], [ 120.946263904363377, 14.655026127482472 ], [ 120.945968761390873, 14.655373338545189 ], [ 120.94555471418937, 14.655134059112129 ], [ 120.945413412372773, 14.655324704547411 ], [ 120.945777027622853, 14.655563448339933 ], [ 120.945724840227967, 14.655644478971737 ], [ 120.945367012334941, 14.655482760658856 ], [ 120.945249629666932, 14.655652657143492 ], [ 120.945522883781223, 14.655839196145678 ], [ 120.945295515885505, 14.656198207798298 ], [ 120.94509316186361, 14.656107157984707 ], [ 120.945069965411903, 14.656132430410139 ], [ 120.94506642347028, 14.656167543524475 ], [ 120.945164033044307, 14.656238604728003 ], [ 120.94521762642421, 14.656302320280133 ], [ 120.945195579555389, 14.656384881960264 ], [ 120.944653700451795, 14.656885846413843 ], [ 120.944549365853391, 14.657018816060884 ], [ 120.944539145150543, 14.657162736455746 ], [ 120.944426253140364, 14.657302315928348 ], [ 120.944475768865914, 14.657392918561129 ], [ 120.944355187948418, 14.657552667387222 ], [ 120.94420075591961, 14.657517873956522 ], [ 120.94419107510862, 14.657619988842441 ], [ 120.943995447434759, 14.657491418135294 ], [ 120.942939106415452, 14.658688604623933 ], [ 120.943224037161826, 14.658964970955537 ], [ 120.943172439518321, 14.659031821765382 ], [ 120.942512217760054, 14.659779188637401 ], [ 120.942026381464188, 14.660260313440006 ], [ 120.941593143261571, 14.660624724847537 ], [ 120.94138454609697, 14.660873947124287 ], [ 120.94021741396341, 14.662520539252 ], [ 120.940131155510016, 14.662553292827852 ], [ 120.940077741718824, 14.662650111611981 ], [ 120.938987608528691, 14.661192524076853 ], [ 120.938471175141444, 14.661489864511964 ], [ 120.939716094887558, 14.663305639062628 ], [ 120.937620237416127, 14.66660062040603 ], [ 120.937890462000041, 14.666698319000147 ], [ 120.938349433000099, 14.666924040000083 ], [ 120.9398197820002, 14.667677761000164 ], [ 120.940045032000171, 14.667766001000189 ], [ 120.940226282000026, 14.667862120000052 ], [ 120.940680651000093, 14.668220220000194 ], [ 120.940937032000079, 14.66844221000008 ], [ 120.941185661000077, 14.668660319000082 ], [ 120.941307161000054, 14.66877981000016 ], [ 120.941482411000152, 14.668967421000104 ], [ 120.942034292000017, 14.669654370000046 ], [ 120.942164792000199, 14.669809360000045 ], [ 120.942348632000176, 14.670704851000153 ], [ 120.942031435613671, 14.671998501466362 ], [ 120.943171231129213, 14.671150610451377 ], [ 120.944041418531924, 14.670125032441319 ], [ 120.945533168364705, 14.668291423271569 ], [ 120.94680737134729, 14.666457814101818 ], [ 120.947646480628237, 14.664841751782831 ], [ 120.948330199301495, 14.662945986370119 ], [ 120.948765293003021, 14.661205611564924 ], [ 120.949169308582555, 14.659247689909193 ], [ 120.94948008979793, 14.65753839322565 ], [ 120.949915183499115, 14.655891252785068 ], [ 120.950257042835801, 14.654958909139395 ], [ 120.950940761509173, 14.653871174886149 ], [ 120.952554881445735, 14.65209486600304 ], [ 120.953743619593865, 14.650818720638199 ], [ 120.9561476949699, 14.648165041807715 ] ] ] ] } },
{ "type": "Feature", "properties": { "RTA_ID": "JRTA83", "TIME": 45 }, "geometry": { "type": "MultiPolygon", "coordinates": [ [ [ [ 121.16219520078846, 14.664285883972468 ], [ 121.162998085871322, 14.660572540465125 ], [ 121.162800200719744, 14.659405456045761 ], [ 121.162630511369116, 14.658949974104701 ], [ 121.162477746000036, 14.658774344000108 ], [ 121.161555818000124, 14.658032304000187 ], [ 121.161336380000193, 14.657992989000206 ], [ 121.161138201000199, 14.657965336000132 ], [ 121.16094080400012, 14.657932564000134 ], [ 121.160744321000038, 14.657894695000095 ], [ 121.160548883000047, 14.657851755000252 ], [ 121.160354622000114, 14.657803773000182 ], [ 121.160161668000114, 14.657750780000185 ], [ 121.160018550000132, 14.657722310000111 ], [ 121.159876564000115, 14.657688650000182 ], [ 121.159735896000029, 14.657649845000094 ], [ 121.159076085000038, 14.657549024000161 ], [ 121.157271668000135, 14.657035840000162 ], [ 121.157169452000176, 14.657013965000203 ], [ 121.157087320000073, 14.657004843000152 ], [ 121.157004704000201, 14.65700301600009 ], [ 121.154777617072909, 14.656180048048213 ], [ 121.153460383734341, 14.655389708044993 ], [ 121.15274531420755, 14.654749908994631 ], [ 121.151842068489259, 14.653357405179406 ], [ 121.151653892297986, 14.651475643266906 ], [ 121.151653892297986, 14.650384221357626 ], [ 121.151315175153968, 14.648878811827615 ], [ 121.150449564674318, 14.647825025156692 ], [ 121.148492532285104, 14.646244345150251 ], [ 121.146836581802063, 14.644626029905453 ], [ 121.144954819889563, 14.642593727039866 ], [ 121.143487045597794, 14.640448518459664 ], [ 121.141072730362794, 14.637734664951552 ], [ 121.140572593329694, 14.637639400754665 ], [ 121.139637441272498, 14.637443662600276 ], [ 121.139034597526916, 14.637122145935962 ], [ 121.138726477390378, 14.636881008437683 ], [ 121.13849203815596, 14.636800629271818 ], [ 121.137065307958324, 14.63637863864983 ], [ 121.135518009011662, 14.635481071295487 ], [ 121.135270173249523, 14.635434183448638 ], [ 121.13480799304466, 14.635641829627673 ], [ 121.134004725984255, 14.636215141509524 ], [ 121.134364341083142, 14.636526584819592 ], [ 121.134586546218543, 14.637013298935926 ], [ 121.134568660469313, 14.63912908091271 ], [ 121.133947718101354, 14.639960787376936 ], [ 121.133487744398167, 14.640456127515449 ], [ 121.132435664919171, 14.640716853986987 ], [ 121.130790408646362, 14.641005158955522 ], [ 121.131743827033688, 14.646673251974278 ], [ 121.132529972460588, 14.647424902237901 ], [ 121.132516915934616, 14.647512648197733 ], [ 121.132527647365464, 14.647610572503709 ], [ 121.132589353092385, 14.647810445402399 ], [ 121.132636303102345, 14.647861419698643 ], [ 121.132715447404507, 14.647916418281568 ], [ 121.132907271730005, 14.647988855439394 ], [ 121.133003854607182, 14.648027756876104 ], [ 121.133293603238826, 14.648188728338027 ], [ 121.133360674681285, 14.648207508341898 ], [ 121.133419697550721, 14.648202142626587 ], [ 121.133492408030861, 14.648188239920728 ], [ 121.133572620439622, 14.648200801197731 ], [ 121.13461356922744, 14.648612619854589 ], [ 121.134680640669899, 14.64864481414719 ], [ 121.134724907821692, 14.648685057012585 ], [ 121.1347490535411, 14.648732007022318 ], [ 121.13478124783353, 14.648819199897616 ], [ 121.13481880784127, 14.648910417059483 ], [ 121.134985145018732, 14.649236384270012 ], [ 121.13503343645732, 14.649393331445424 ], [ 121.135147457909511, 14.649652227213551 ], [ 121.135190383632676, 14.649715274369498 ], [ 121.135242699357946, 14.649751492948383 ], [ 121.135375500814234, 14.649827954392833 ], [ 121.135795368044114, 14.650101605878319 ], [ 121.135867805201997, 14.65012038588219 ], [ 121.135932193786857, 14.650113678737853 ], [ 121.136014020946845, 14.650110995880198 ], [ 121.136070360958342, 14.650123068739845 ], [ 121.136188406697215, 14.650200871613151 ], [ 121.136297062434323, 14.65024916305174 ], [ 121.136344012443828, 14.650281357344113 ], [ 121.136374865307175, 14.650322941638535 ], [ 121.136394986740129, 14.650376598792434 ], [ 121.136423156745991, 14.65048793738714 ], [ 121.136455351038421, 14.650627445987368 ], [ 121.136506325334835, 14.65090243890171 ], [ 121.136488886759594, 14.651003046065341 ], [ 121.136452668180482, 14.651111701802392 ], [ 121.136386938166879, 14.651186821817817 ], [ 121.136306452435974, 14.651247186116109 ], [ 121.136205845272229, 14.651288770410531 ], [ 121.136079750960448, 14.651323647560559 ], [ 121.135622323722487, 14.651456449016791 ], [ 121.13554452084918, 14.651481936164828 ], [ 121.135455986545026, 14.651506081884236 ], [ 121.135392939389021, 14.651540959034264 ], [ 121.135335257948668, 14.651599981903701 ], [ 121.135295015083102, 14.651645590484634 ], [ 121.135237333642408, 14.651692540494366 ], [ 121.134684664956126, 14.652097652007058 ], [ 121.13459478922357, 14.652155333447695 ], [ 121.134525034923286, 14.652184844882413 ], [ 121.13434662488612, 14.652235819178657 ], [ 121.134034071964038, 14.652369962063688 ], [ 121.133893221934841, 14.652441057792657 ], [ 121.13381676049039, 14.652493373517927 ], [ 121.133738957616856, 14.65256446924684 ], [ 121.133673227603254, 14.652636906404837 ], [ 121.133608839018734, 14.652776415005235 ], [ 121.133573961868478, 14.652830072159134 ], [ 121.133316407529378, 14.653185550804437 ], [ 121.133269457519646, 14.653270060822081 ], [ 121.133249336086692, 14.65336127798389 ], [ 121.133258726088798, 14.653534322305518 ], [ 121.133270798948388, 14.653583955172962 ], [ 121.133316407529378, 14.653632246611551 ], [ 121.133421038979463, 14.65370468376949 ], [ 121.133565913295229, 14.653813339506144 ], [ 121.133734933330516, 14.653951506677743 ], [ 121.133831516207692, 14.654014553833861 ], [ 121.133918709082991, 14.654061503843593 ], [ 121.134225896289536, 14.654213085303525 ], [ 121.134290284874282, 14.654251986740235 ], [ 121.134396257753565, 14.654348569617412 ], [ 121.13456661921748, 14.654525638225721 ], [ 121.134601496367509, 14.654572588235453 ], [ 121.134625642086917, 14.654624903960553 ], [ 121.134643003000292, 14.654686412003286 ], [ 121.134698357912839, 14.655050878580425 ], [ 121.134707351886163, 14.655130325347102 ], [ 121.134693860926063, 14.655190285170875 ], [ 121.134596426212056, 14.655328192765694 ], [ 121.134554454335444, 14.655431623461709 ], [ 121.134527472414675, 14.655610003937625 ], [ 121.134531969401451, 14.655740416554522 ], [ 121.134563448308995, 14.655881322140374 ], [ 121.134632402106263, 14.656137650387336 ], [ 121.134651889048996, 14.656199109206739 ], [ 121.134711848872939, 14.65634601077511 ], [ 121.134846758476442, 14.656972590934117 ], [ 121.134869243410776, 14.657065528660951 ], [ 121.134924706247602, 14.657144975427627 ], [ 121.134953187163887, 14.657224422194133 ], [ 121.134969676115588, 14.657323355903316 ], [ 121.134974173102137, 14.657422289612725 ], [ 121.134966678124215, 14.657525720308911 ], [ 121.13492170825657, 14.657710096767005 ], [ 121.134849756468043, 14.6579709220008 ], [ 121.134798790617424, 14.658117823569057 ], [ 121.134707351886163, 14.658317189983279 ], [ 121.134455520626148, 14.659033709878031 ], [ 121.134407552767016, 14.659165621490331 ], [ 121.134350590934446, 14.659284042142474 ], [ 121.134260651198701, 14.659408458776966 ], [ 121.134074775744807, 14.659576346283529 ], [ 121.133966848061846, 14.659676778988569 ], [ 121.133887401295397, 14.659768217719829 ], [ 121.133831938458457, 14.65985965645126 ], [ 121.133691032872321, 14.660136970636358 ], [ 121.133422983312698, 14.660689003523657 ], [ 121.133374959935509, 14.660840277162606 ], [ 121.133326936557864, 14.660931521579641 ], [ 121.133269308504964, 14.660993951970283 ], [ 121.133167079624059, 14.661067463592133 ], [ 121.132951410593932, 14.66122731240273 ], [ 121.132871486188719, 14.661312311373251 ], [ 121.132820740534385, 14.661384623930473 ], [ 121.132493063104562, 14.662083682509149 ], [ 121.132409295246589, 14.662316728984933 ], [ 121.132253572947434, 14.662622803849615 ], [ 121.132033977744413, 14.662992871781967 ], [ 121.131790062059281, 14.663453056622586 ], [ 121.131665739731375, 14.66367752749278 ], [ 121.131598398470032, 14.663789762927934 ], [ 121.131506883423185, 14.663886458071943 ], [ 121.131360114007862, 14.664009053701022 ], [ 121.131258238767032, 14.664066034767984 ], [ 121.131137369836665, 14.664117835738125 ], [ 121.131054488284576, 14.664174816805257 ], [ 121.130873184889538, 14.664380293986312 ], [ 121.130760949454384, 14.664527063401579 ], [ 121.130691881494272, 14.664632392040573 ], [ 121.130653894116449, 14.664704913398566 ], [ 121.13063317372837, 14.664775708057732 ], [ 121.130629720330262, 14.664870676502744 ], [ 121.130636973749461, 14.665494887816692 ], [ 121.130666993276691, 14.665496346967359 ], [ 121.132776481354085, 14.665431536036351 ], [ 121.133213063759513, 14.665382095965981 ], [ 121.133426839000208, 14.665369569000234 ], [ 121.133517224000229, 14.665354818000139 ], [ 121.133687562000205, 14.665346408000175 ], [ 121.133858100000111, 14.665344804000199 ], [ 121.134028567000087, 14.665350010000111 ], [ 121.13425336363116, 14.66535150789025 ], [ 121.136481890000368, 14.66513296300019 ], [ 121.136590664000323, 14.665103853000232 ], [ 121.136700924000138, 14.665081006000207 ], [ 121.136812309000447, 14.665064496000127 ], [ 121.136924456000202, 14.66505437800015 ], [ 121.137036998000212, 14.665050683000118 ], [ 121.137149567000279, 14.665053425000167 ], [ 121.137261795000086, 14.665062594000119 ], [ 121.137373316000208, 14.665078160000178 ], [ 121.137483765000184, 14.665100073000133 ], [ 121.137592782000183, 14.66512826100012 ], [ 121.13770001, 14.665162631000157 ], [ 121.137893576000124, 14.665237712000248 ], [ 121.137984365000193, 14.665265742000258 ], [ 121.138076971000032, 14.66528700900011 ], [ 121.138170893000165, 14.665301398000167 ], [ 121.138265619000435, 14.665308832000051 ], [ 121.138360636000129, 14.665309269000204 ], [ 121.138455427000167, 14.66530270800007 ], [ 121.138885482000205, 14.665313193000145 ], [ 121.138936779000119, 14.665313276000063 ], [ 121.138987733000135, 14.665319201000102 ], [ 121.139037681000104, 14.665330890000121 ], [ 121.139085972000203, 14.665348190000145 ], [ 121.139131978000023, 14.665370878000203 ], [ 121.139198026000145, 14.665395596000167 ], [ 121.139266149000264, 14.665413834000219 ], [ 121.13933571300015, 14.665425422000112 ], [ 121.139406070000177, 14.665430252000192 ], [ 121.139476564000347, 14.665428279000253 ], [ 121.139546541000186, 14.665419521000103 ], [ 121.139615347000131, 14.665404060000128 ], [ 121.139682343000231, 14.665382040000111 ], [ 121.139746905000266, 14.665353665000112 ], [ 121.140266116000134, 14.665038023000136 ], [ 121.140643724000029, 14.664843327000199 ], [ 121.141062633000161, 14.66468108000015 ], [ 121.141292738000175, 14.664551283000208 ], [ 121.141670346000069, 14.664294640000151 ], [ 121.141851410000186, 14.66412064400015 ], [ 121.14187796900012, 14.664101025000036 ], [ 121.141920374000165, 14.664062515000239 ], [ 121.14195750700037, 14.664018899000212 ], [ 121.14198875600016, 14.663970894000215 ], [ 121.142013610000049, 14.663919287000112 ], [ 121.142031660000157, 14.663864925000041 ], [ 121.142042610000203, 14.663808701000221 ], [ 121.142046279000169, 14.663751540000192 ], [ 121.142045843000233, 14.663731795000217 ], [ 121.142056847000163, 14.663559382000074 ], [ 121.142061853000314, 14.663530620000188 ], [ 121.142079943000113, 14.663456052000242 ], [ 121.14210504000016, 14.663383541000201 ], [ 121.14213691700013, 14.66331374400022 ], [ 121.142175284000359, 14.663247292000221 ], [ 121.142219795000187, 14.66318478900007 ], [ 121.142270045000032, 14.663126799000111 ], [ 121.142325581000023, 14.66307384900017 ], [ 121.142385899000033, 14.663026416000207 ], [ 121.142450453000038, 14.662984932000143 ], [ 121.142518658000085, 14.662949771000171 ], [ 121.142589897000221, 14.66292125300015 ], [ 121.142736800000193, 14.662879091000207 ], [ 121.142833483000118, 14.662845398000172 ], [ 121.14292754700034, 14.662804970000195 ], [ 121.143018526000333, 14.662758008000196 ], [ 121.143105965000359, 14.662704746000259 ], [ 121.143189429000131, 14.662645448000148 ], [ 121.143256472000303, 14.662590923000153 ], [ 121.143626998000173, 14.662279108000234 ], [ 121.143647821000172, 14.662263777000078 ], [ 121.143713032000164, 14.66222187000011 ], [ 121.143781933000128, 14.662186351000059 ], [ 121.143853897000213, 14.662157542000102 ], [ 121.143928275000121, 14.66213570300016 ], [ 121.14400439200017, 14.662121033000176 ], [ 121.144081558000153, 14.662113665000106 ], [ 121.144159076000165, 14.662113664000174 ], [ 121.144236243000023, 14.662121032000073 ], [ 121.144312360000185, 14.662135700000249 ], [ 121.145321893000187, 14.662444171000118 ], [ 121.145532478000064, 14.662523041000213 ], [ 121.145623999000122, 14.662549740000202 ], [ 121.145717277000244, 14.662569442000233 ], [ 121.145811778000166, 14.662582034000252 ], [ 121.145906961000037, 14.662587442000131 ], [ 121.146002280000289, 14.662585638000166 ], [ 121.146097189000216, 14.66257663000016 ], [ 121.146125318000145, 14.662572558000136 ], [ 121.14617653200014, 14.662569388000236 ], [ 121.146340072000157, 14.662563996000131 ], [ 121.146503692000124, 14.662565792000123 ], [ 121.146667075000323, 14.662574772000141 ], [ 121.147575861000178, 14.663266896000209 ], [ 121.148580792707435, 14.663356522069989 ], [ 121.148698012324758, 14.663095289780131 ], [ 121.148903425749154, 14.662800566171256 ], [ 121.148965942878249, 14.662684462931338 ], [ 121.149492872966789, 14.662416532377847 ], [ 121.149673643395772, 14.663191325793434 ], [ 121.149899454825459, 14.664066345082801 ], [ 121.150101744230938, 14.664787687149214 ], [ 121.156173562668641, 14.666142555726196 ], [ 121.158782939187176, 14.666543998267457 ], [ 121.160438889670218, 14.666242916361568 ], [ 121.16219520078846, 14.664285883972468 ] ] ] ] } },
{ "type": "Feature", "properties": { "RTA_ID": "JRTA150", "TIME": 30 }, "geometry": { "type": "MultiPolygon", "coordinates": [ [ [ [ 121.016794243814161, 14.618665538065784 ], [ 121.017070818604225, 14.618640394903025 ], [ 121.017992734571067, 14.618824778096325 ], [ 121.018964936863426, 14.618975637072651 ], [ 121.019442656955334, 14.618749348608105 ], [ 121.019911995993198, 14.617802289478504 ], [ 121.020674671929328, 14.615841122785412 ], [ 121.020674671929328, 14.615246067933981 ], [ 121.020591955046029, 14.614561528895763 ], [ 121.020439994568733, 14.613899065487885 ], [ 121.020224214472933, 14.613222565727824 ], [ 121.020008434376905, 14.612598553018245 ], [ 121.019885964592845, 14.612260303138214 ], [ 121.019804318070101, 14.611793751579626 ], [ 121.019792654281218, 14.611449669805324 ], [ 121.019891796487286, 14.611012277719055 ], [ 121.020492481619044, 14.61025413143642 ], [ 121.0208423952879, 14.609805075561269 ], [ 121.021896848345023, 14.608764764313094 ], [ 121.021610200180248, 14.608432835988992 ], [ 121.020735037094823, 14.607530882196613 ], [ 121.01979736236035, 14.606611067933272 ], [ 121.018975501618229, 14.605763811833867 ], [ 121.018775972117169, 14.605596939390352 ], [ 121.018644405156692, 14.605733769029371 ], [ 121.018226899334877, 14.606178026799682 ], [ 121.017819918870146, 14.606630617144219 ], [ 121.017619498533236, 14.606864806334215 ], [ 121.01747389776358, 14.607112152220225 ], [ 121.017351101933741, 14.607366515010767 ], [ 121.017294966697023, 14.607515624232803 ], [ 121.017235323008435, 14.60770157220378 ], [ 121.01719673003322, 14.607832700607958 ], [ 121.017172170867184, 14.607967776020814 ], [ 121.017155944275373, 14.608100220094514 ], [ 121.017148927370954, 14.608227840046254 ], [ 121.017138402013984, 14.608533075394917 ], [ 121.017101563265101, 14.609233888738629 ], [ 121.017080512551388, 14.609976803509539 ], [ 121.017022623088565, 14.611427548528809 ], [ 121.016996309696538, 14.612133624550779 ], [ 121.016906844163259, 14.614111953081988 ], [ 121.016871759640367, 14.61477592767676 ], [ 121.016840183569798, 14.615039061597997 ], [ 121.016799836368591, 14.61522588668214 ], [ 121.016720896192282, 14.615490774829482 ], [ 121.016608625719186, 14.615811798213315 ], [ 121.01647004185395, 14.616080194813037 ], [ 121.016294180683303, 14.616365256561096 ], [ 121.015995962239231, 14.616778376817535 ], [ 121.015595560122279, 14.617377445044895 ], [ 121.015379790306952, 14.617687943071985 ], [ 121.015193842335975, 14.618000195325237 ], [ 121.01509385144584, 14.618190967418116 ], [ 121.015020173947846, 14.618383932293625 ], [ 121.014965792937573, 14.618611981692027 ], [ 121.014944047557833, 14.618831108210031 ], [ 121.015027346000466, 14.618847492000157 ], [ 121.016299283251442, 14.619253541932153 ], [ 121.016291380559437, 14.619067828669415 ], [ 121.016542812186799, 14.618774491770864 ], [ 121.016794243814161, 14.618665538065784 ] ] ] ] } },
{ "type": "Feature", "properties": { "RTA_ID": "JRTA183", "TIME": 20 }, "geometry": { "type": "MultiPolygon", "coordinates": [ [ [ [ 121.004594859051053, 14.60409051125049 ], [ 121.005439842739179, 14.603534959046272 ], [ 121.005750582000132, 14.603835356000161 ], [ 121.005809397000121, 14.603863952000211 ], [ 121.005851313000221, 14.603889596000215 ], [ 121.006014008000079, 14.604171967000184 ], [ 121.006302219000418, 14.604556708000132 ], [ 121.006589263000365, 14.60495407000019 ], [ 121.00689214400029, 14.605327171000226 ], [ 121.007161723000081, 14.60568461600019 ], [ 121.007384067000203, 14.60597022900015 ], [ 121.009500497000204, 14.604537049000044 ], [ 121.010073272000113, 14.604144298000108 ], [ 121.010139571000309, 14.604100595000148 ], [ 121.01017953600001, 14.603706919000103 ], [ 121.010263558000133, 14.60284646700012 ], [ 121.010291427395714, 14.602530726422117 ], [ 121.008216878500548, 14.602280720387398 ], [ 121.009061587157362, 14.601662060525712 ], [ 121.011123392000286, 14.600435548000235 ], [ 121.011640416000432, 14.600083059000099 ], [ 121.011751392000178, 14.600003531000084 ], [ 121.012172639000141, 14.59961110200021 ], [ 121.013070655000206, 14.598588161000237 ], [ 121.01336638903615, 14.598109168325038 ], [ 121.013668580583953, 14.597247803440894 ], [ 121.013689995732875, 14.596657697111368 ], [ 121.01368285734975, 14.59636740286868 ], [ 121.01350677723542, 14.59570353324807 ], [ 121.013440152327348, 14.595591222688483 ], [ 121.013118449199396, 14.595113188972562 ], [ 121.012424782694097, 14.594266991707457 ], [ 121.01214026509831, 14.594377886434074 ], [ 121.008926662319823, 14.596227225410075 ], [ 121.006084849009312, 14.59720619715182 ], [ 121.004663941803187, 14.597202635100871 ], [ 121.003292793898254, 14.596611500126301 ], [ 121.001551395023853, 14.595705845941438 ], [ 121.001413858588307, 14.595777489234308 ], [ 121.00140317293733, 14.596282456110998 ], [ 121.001331789106757, 14.597160477221905 ], [ 121.001179027710577, 14.597631134609117 ], [ 121.000625089188361, 14.598622893956303 ], [ 120.999754682352318, 14.600287802821811 ], [ 120.999577650453489, 14.600634252344605 ], [ 120.999183611711146, 14.601372837040742 ], [ 120.998707957455963, 14.602348891945383 ], [ 120.998140456006126, 14.603444633738491 ], [ 120.997929092951154, 14.603877785675024 ], [ 120.998004968000373, 14.603894418000266 ], [ 120.998368188000541, 14.604065828000557 ], [ 120.999052489000405, 14.60439161200037 ], [ 120.999711457000217, 14.604724881000323 ], [ 121.000054263000379, 14.604956826000205 ], [ 121.000362837000466, 14.605178220000255 ], [ 121.000669049000408, 14.605401301000654 ], [ 121.001284255000428, 14.605796036000186 ], [ 121.001433239000221, 14.605881334000344 ], [ 121.001947319000124, 14.606227343000285 ], [ 121.002279160000398, 14.606428147000543 ], [ 121.002361902334428, 14.606472769138691 ], [ 121.002558875410614, 14.606243532681674 ], [ 121.004594859051053, 14.60409051125049 ] ] ] ] } },
{ "type": "Feature", "properties": { "RTA_ID": "JRTA71", "TIME": 30 }, "geometry": { "type": "MultiPolygon", "coordinates": [ [ [ [ 121.086245088430587, 14.62243432217133 ], [ 121.086446492308824, 14.618193775984025 ], [ 121.087021215000277, 14.617713667000373 ], [ 121.087431589165021, 14.61633779639925 ], [ 121.092315975000133, 14.615287744000284 ], [ 121.092284347000259, 14.614762528000369 ], [ 121.092137017000255, 14.612970953000342 ], [ 121.092098084000213, 14.612053277000257 ], [ 121.092064830000481, 14.611659492000285 ], [ 121.092063635000272, 14.611291314000368 ], [ 121.092003879000458, 14.610466172000315 ], [ 121.091983126000287, 14.609946330000298 ], [ 121.091972125000098, 14.609770966000156 ], [ 121.091976812000439, 14.609487417000253 ], [ 121.091986917000327, 14.609409908000316 ], [ 121.091994428000476, 14.609336465000354 ], [ 121.092012585000248, 14.609267173000319 ], [ 121.092025161000493, 14.609210123000196 ], [ 121.092081371000518, 14.609019558000341 ], [ 121.09215451, 14.608785464000334 ], [ 121.092293537000046, 14.608266826000261 ], [ 121.092299816000036, 14.608215943 ], [ 121.092302176000317, 14.60814908000026 ], [ 121.092253539000126, 14.606741385000248 ], [ 121.093854424000142, 14.606786250000312 ], [ 121.094094478000557, 14.606801630000348 ], [ 121.094861076000029, 14.609617890000095 ], [ 121.095218885000236, 14.610976989000221 ], [ 121.09557205900046, 14.612293969000291 ], [ 121.095591044627213, 14.612369904932507 ], [ 121.096253307000211, 14.612237922000361 ], [ 121.096399452000128, 14.612219660999983 ], [ 121.096748388000151, 14.612164870000356 ], [ 121.097346942000286, 14.612046579000264 ], [ 121.097789212000293, 14.611982144000137 ], [ 121.098011202718794, 14.611957670351273 ], [ 121.098016320248121, 14.611996904743876 ], [ 121.098105414327392, 14.612200548353599 ], [ 121.098156325229752, 14.61221327607899 ], [ 121.098427850042526, 14.612192063203054 ], [ 121.098877563014071, 14.612196305778241 ], [ 121.098913359742141, 14.612233295730846 ], [ 121.098925291985097, 14.6122929569446 ], [ 121.098934837779098, 14.61239318778388 ], [ 121.098953929367667, 14.612428984512121 ], [ 121.09900404478708, 14.612438530306179 ], [ 121.099047000860992, 14.612438530306179 ], [ 121.099183028428456, 14.612343072364183 ], [ 121.099347693378263, 14.612343072364183 ], [ 121.099452697114771, 14.612431370960678 ], [ 121.099576792439393, 14.612565012079472 ], [ 121.099779640566112, 14.612691493852594 ], [ 121.100030217663857, 14.61281320272883 ], [ 121.100190844999474, 14.612920642204983 ], [ 121.100373878000141, 14.612623990000145 ], [ 121.100461377000215, 14.612438626000255 ], [ 121.101038869000035, 14.61124669800023 ], [ 121.101042243000052, 14.611216075000129 ], [ 121.101060368000276, 14.611142955000105 ], [ 121.10106961800011, 14.61107895900011 ], [ 121.101074992, 14.610981340000137 ], [ 121.101068616000248, 14.610851223000111 ], [ 121.101036614000122, 14.610527369000124 ], [ 121.100962235000225, 14.609897785000101 ], [ 121.100752971000134, 14.607760547000169 ], [ 121.101459971000168, 14.607742919000145 ], [ 121.101451465000196, 14.606844351000234 ], [ 121.100648966000108, 14.606842481000228 ], [ 121.100642588000028, 14.606434882000201 ], [ 121.10059770300029, 14.604862982000157 ], [ 121.10046332700017, 14.604812111000115 ], [ 121.100378327000271, 14.604789738000136 ], [ 121.100312327000324, 14.604779364000194 ], [ 121.098595951525112, 14.604788333977979 ], [ 121.09857482200016, 14.603762940000252 ], [ 121.098570821000294, 14.603720318000285 ], [ 121.09857307100026, 14.603704194000215 ], [ 121.098568854561108, 14.603078352588284 ], [ 121.098478346290221, 14.602965217249505 ], [ 121.097912669596781, 14.602897336046397 ], [ 121.097629831249947, 14.602823798076201 ], [ 121.097260668048079, 14.602352848618466 ], [ 121.096786301000179, 14.60234780400026 ], [ 121.096388424518182, 14.602297173499551 ], [ 121.094736729323699, 14.602185823261721 ], [ 121.09388304416666, 14.602213660821178 ], [ 121.093140709247791, 14.602399244550895 ], [ 121.093066475755904, 14.602538432348183 ], [ 121.093026378000104, 14.602879030000167 ], [ 121.093247853000321, 14.60370685900017 ], [ 121.093528239346369, 14.604720404965349 ], [ 121.092049359000271, 14.604885468000248 ], [ 121.091898272000208, 14.604803351000271 ], [ 121.091805818000012, 14.604783252000288 ], [ 121.091713041000162, 14.604769369000167 ], [ 121.09159613900033, 14.604761090000238 ], [ 121.091464350000138, 14.604792645000316 ], [ 121.091022334000513, 14.604926832000274 ], [ 121.090746527000306, 14.605028191000258 ], [ 121.090650837000112, 14.605060073000232 ], [ 121.090596999000581, 14.605061142000238 ], [ 121.09055104900051, 14.605046296000239 ], [ 121.090452184000242, 14.604970987000286 ], [ 121.090355375000172, 14.604870327000299 ], [ 121.089469453000333, 14.604070351000189 ], [ 121.089221929000132, 14.603863607000164 ], [ 121.089116985019018, 14.603783276783702 ], [ 121.088364576790696, 14.605157287663019 ], [ 121.087755448825646, 14.606413709254298 ], [ 121.086479988360793, 14.607708121662142 ], [ 121.083662687323226, 14.609725961858771 ], [ 121.080433879204406, 14.612029691767816 ], [ 121.079836859826059, 14.612488454026789 ], [ 121.079371813152761, 14.613003776016285 ], [ 121.079139289815998, 14.613387125301415 ], [ 121.078862775577477, 14.613946438192329 ], [ 121.07866167431348, 14.614461760182053 ], [ 121.078484469711725, 14.61509055070394 ], [ 121.07837259124608, 14.61569507652905 ], [ 121.078334884758874, 14.616034434912251 ], [ 121.07837259124608, 14.616499481585777 ], [ 121.078479426292461, 14.616977097088295 ], [ 121.078611398996941, 14.617291317813795 ], [ 121.079006028479739, 14.61797616584505 ], [ 121.079082007568786, 14.618113877943699 ], [ 121.079356949255725, 14.6185950258959 ], [ 121.079651529635044, 14.618948522350763 ], [ 121.080054122819433, 14.619302018805627 ], [ 121.080417438619861, 14.619557321801096 ], [ 121.080800393112781, 14.61976352806613 ], [ 121.081134250875948, 14.620009011715354 ], [ 121.08140919256266, 14.620490159667952 ], [ 121.081654676211883, 14.621157875193489 ], [ 121.081782327709789, 14.621766674643482 ], [ 121.081821605093751, 14.622424570823114 ], [ 121.082012888472377, 14.622414048057351 ], [ 121.086180166473355, 14.622432232045526 ], [ 121.086245088430587, 14.62243432217133 ] ] ] ] } },
{ "type": "Feature", "properties": { "RTA_ID": "JRTA196", "TIME": 20 }, "geometry": { "type": "MultiPolygon", "coordinates": [ [ [ [ 121.069626113209551, 14.548481452584554 ], [ 121.069833249388694, 14.548396161216601 ], [ 121.070028201086757, 14.548444899141089 ], [ 121.070643517383814, 14.548871355980509 ], [ 121.071258833680531, 14.549291720579674 ], [ 121.071612183633761, 14.549425749872228 ], [ 121.071959441345825, 14.549535410202282 ], [ 121.0721117473596, 14.549565871405093 ], [ 121.072203130968433, 14.549565871405093 ], [ 121.072385898185189, 14.549511041240123 ], [ 121.072562573161804, 14.549419657631347 ], [ 121.072781893822025, 14.549242982655187 ], [ 121.072964661039009, 14.549017569754255 ], [ 121.073123059293721, 14.548737326688297 ], [ 121.073224961536084, 14.548589875428434 ], [ 121.073271224488167, 14.54858216493642 ], [ 121.073353469735821, 14.54859758592039 ], [ 121.073523100558987, 14.548659269856046 ], [ 121.073620766790441, 14.548682401331973 ], [ 121.073726143514023, 14.548677261004002 ], [ 121.073828950073562, 14.548661840020031 ], [ 121.073898344501117, 14.548638708544104 ], [ 121.073965168764744, 14.548602726248362 ], [ 121.074006291388628, 14.548541042312536 ], [ 121.074052554340597, 14.548443376081025 ], [ 121.074070545488553, 14.54837141148937 ], [ 121.074067975324283, 14.548232622633975 ], [ 121.07404227368454, 14.548109254762494 ], [ 121.073996010732913, 14.547710879344322 ], [ 121.074006291388628, 14.547659476064609 ], [ 121.074055124504525, 14.547628634096725 ], [ 121.074286439263574, 14.547520687209214 ], [ 121.074363544182916, 14.5475232573732 ], [ 121.074407236971069, 14.547561809832928 ], [ 121.074592288778149, 14.547831677051818 ], [ 121.074684814681859, 14.547916492463401 ], [ 121.074774770421413, 14.547957615087284 ], [ 121.074828743865169, 14.547967895743227 ], [ 121.074887857636782, 14.547962755415256 ], [ 121.075150014363658, 14.54788565049563 ], [ 121.075278522563281, 14.547811115739876 ], [ 121.075576661585728, 14.547659476064609 ], [ 121.075805406180621, 14.54758237114487 ], [ 121.076064992743454, 14.547518117045229 ], [ 121.076262895370633, 14.547435871797632 ], [ 121.076507060949552, 14.547320214417937 ], [ 121.076941418663637, 14.54697838260762 ], [ 121.076749258000405, 14.546423092000339 ], [ 121.076466207000294, 14.545595912000294 ], [ 121.076357241568758, 14.545327071951931 ], [ 121.076198033781452, 14.545264095065988 ], [ 121.076086001383146, 14.545188473197243 ], [ 121.075898347116095, 14.544939201110708 ], [ 121.075671611176404, 14.544631137949068 ], [ 121.075533552426009, 14.54432725190685 ], [ 121.075450914069734, 14.544040448200235 ], [ 121.075343970314748, 14.543787672051565 ], [ 121.07513494388445, 14.543530034823618 ], [ 121.074712029943612, 14.543277258674948 ], [ 121.074162727928865, 14.543092537643588 ], [ 121.073764119387306, 14.542927260931094 ], [ 121.073171067654471, 14.542703651261661 ], [ 121.072806486671425, 14.542552957788303 ], [ 121.072524544044313, 14.542363375676871 ], [ 121.072296073294638, 14.542125182768132 ], [ 121.072023852827101, 14.54175087962534 ], [ 121.071701483966308, 14.541125225956705 ], [ 121.071786539000414, 14.541074873000412 ], [ 121.071843637000143, 14.541087694000169 ], [ 121.071913976000133, 14.541061993999961 ], [ 121.071949098000118, 14.541079073000219 ], [ 121.072010598000134, 14.541151823000234 ], [ 121.072348746000216, 14.540912072999902 ], [ 121.072423449000098, 14.540882131000274 ], [ 121.072432226000274, 14.540847873000132 ], [ 121.072335476000262, 14.540569842000082 ], [ 121.0723047580002, 14.540497084000151 ], [ 121.072249848000297, 14.540393334000044 ], [ 121.072099379000178, 14.540425462999963 ], [ 121.072106949000272, 14.540163393000114 ], [ 121.07209376600008, 14.540116303000332 ], [ 121.071781797000199, 14.5399367910004 ], [ 121.071715969000252, 14.539915381000412 ], [ 121.07173788700004, 14.539731424000365 ], [ 121.071671969000136, 14.539688592000175 ], [ 121.071825598000146, 14.539264951000405 ], [ 121.071864539000217, 14.539184432000411 ], [ 121.07192652100025, 14.539128006000169 ], [ 121.071985895000125, 14.539100256999916 ], [ 121.072168145000205, 14.5390423850003 ], [ 121.072286770000119, 14.538991012000395 ], [ 121.072440519000338, 14.538909642000419 ], [ 121.07232776800015, 14.538773901000127 ], [ 121.072471213956078, 14.538418918544039 ], [ 121.072103937000179, 14.538350090000108 ], [ 121.072032887000205, 14.538349264000203 ], [ 121.071856066000237, 14.538342631000148 ], [ 121.071746238000173, 14.538349342000231 ], [ 121.071390398000403, 14.538350553000043 ], [ 121.070801808000169, 14.538367905000257 ], [ 121.069457642000202, 14.53839294300019 ], [ 121.068369864410215, 14.538398424234686 ], [ 121.067374906000168, 14.540376951000212 ], [ 121.067232449000358, 14.540756221000152 ], [ 121.06648054700031, 14.540119643000423 ], [ 121.065221754763115, 14.53900065787542 ], [ 121.06503665662126, 14.539201752152849 ], [ 121.064619891966913, 14.539513981146058 ], [ 121.064417067933164, 14.539716790013358 ], [ 121.064206812887505, 14.5398784992027 ], [ 121.063820715637348, 14.540069083737365 ], [ 121.06338232816006, 14.540194482355787 ], [ 121.063254391108217, 14.540240174159692 ], [ 121.062920840937181, 14.540432079737684 ], [ 121.062664966833495, 14.540623985315563 ], [ 121.062495907157881, 14.540866151878049 ], [ 121.062395385188665, 14.541122025981849 ], [ 121.062386246827828, 14.541286516477214 ], [ 121.062422800271293, 14.541501267956903 ], [ 121.062541598962184, 14.542163799118214 ], [ 121.062537029781765, 14.542401396500338 ], [ 121.062454784533998, 14.542684685686766 ], [ 121.062258309775871, 14.542958836512184 ], [ 121.062089250100144, 14.543095911924922 ], [ 121.061714577305338, 14.543342647667657 ], [ 121.061326196969617, 14.543488861441176 ], [ 121.061193690737127, 14.543593952591209 ], [ 121.06096980089626, 14.543836119153752 ], [ 121.060928678272717, 14.543932071942379 ], [ 121.060910401550927, 14.544037163092241 ], [ 121.06092410909207, 14.544366144082744 ], [ 121.06099264679824, 14.544681417531876 ], [ 121.061093168767911, 14.544928153275009 ], [ 121.061211967458803, 14.545092643770033 ], [ 121.061362750412741, 14.545238857543723 ], [ 121.061504395005841, 14.545311964430482 ], [ 121.061655177960006, 14.54533481033252 ], [ 121.061810530094363, 14.545325671971909 ], [ 121.061965882228719, 14.545289118528274 ], [ 121.0621029576414, 14.545216011641457 ], [ 121.0622446022345, 14.545115489672241 ], [ 121.062413661910227, 14.544905307372403 ], [ 121.062646690111819, 14.544530634578109 ], [ 121.062733504540006, 14.544320452278271 ], [ 121.062802042246176, 14.544050870633441 ], [ 121.062870579952573, 14.54371732046269 ], [ 121.062911702576457, 14.543470584719728 ], [ 121.062980240282968, 14.543237556518193 ], [ 121.063076193071538, 14.543009097496906 ], [ 121.063163007499952, 14.542899437166682 ], [ 121.063281806190844, 14.542785207655982 ], [ 121.063350343897127, 14.542734946671487 ], [ 121.063560526196852, 14.54272123913006 ], [ 121.063830107841682, 14.542757792573525 ], [ 121.063971752434782, 14.542817191918914 ], [ 121.064085981945482, 14.542935990609976 ], [ 121.064232195719001, 14.543223848976595 ], [ 121.064268749162466, 14.543429462095844 ], [ 121.064282456703495, 14.544251914572101 ], [ 121.064360132771071, 14.544571757201993 ], [ 121.064542899987714, 14.544877892290117 ], [ 121.064826189174141, 14.545188596559001 ], [ 121.065187154427576, 14.545467316564839 ], [ 121.06534263500032, 14.545650038000133 ], [ 121.065520704598498, 14.545883111983358 ], [ 121.065616657387295, 14.546093294282855 ], [ 121.065648641650569, 14.546294338221685 ], [ 121.065653210830988, 14.54658219658819 ], [ 121.065648641650569, 14.54719446676512 ], [ 121.065726317717576, 14.547436633327663 ], [ 121.065890808212771, 14.547806736941538 ], [ 121.066027883625452, 14.547939243174199 ], [ 121.066366002976793, 14.548172271375734 ], [ 121.066836628560395, 14.548428145479306 ], [ 121.067060518401377, 14.548569790072804 ], [ 121.067211301355314, 14.548738849748247 ], [ 121.067366653489671, 14.54899472385199 ], [ 121.067494590541742, 14.549259736316401 ], [ 121.067499159722274, 14.549383104188053 ], [ 121.067369771253766, 14.549630930834553 ], [ 121.06726566983491, 14.549862928282664 ], [ 121.067215106288586, 14.550017593248128 ], [ 121.067003929124439, 14.550184155518423 ], [ 121.066652958625582, 14.550350717788888 ], [ 121.067158989000177, 14.550529616000119 ], [ 121.067212410000138, 14.550557151000191 ], [ 121.067277973000387, 14.550582382000243 ], [ 121.067356135000296, 14.550605492000216 ], [ 121.067447919000415, 14.55062678600018 ], [ 121.067545232000384, 14.550645011000199 ], [ 121.067658869000297, 14.550662707000242 ], [ 121.068067377000148, 14.550714958000185 ], [ 121.068211454000448, 14.550736314000176 ], [ 121.068282963000229, 14.550749593000319 ], [ 121.06834313000013, 14.550763366000297 ], [ 121.068393326000205, 14.550777951000157 ], [ 121.06843417600021, 14.55079353400032 ], [ 121.068525226000133, 14.549875272000179 ], [ 121.068669631440457, 14.549724269659748 ], [ 121.06894378226616, 14.549334366263622 ], [ 121.069626113209551, 14.548481452584554 ] ] ] ] } },
{ "type": "Feature", "properties": { "RTA_ID": "JRTA202", "TIME": 30 }, "geometry": { "type": "MultiPolygon", "coordinates": [ [ [ [ 121.013892261600631, 14.628658533404689 ], [ 121.013493399800154, 14.628276790136226 ], [ 121.013028219537659, 14.628775541742414 ], [ 121.012508830589809, 14.629303046142581 ], [ 121.011840310302205, 14.629945743758242 ], [ 121.011950523474297, 14.629978228411801 ], [ 121.013587996515639, 14.630802284198808 ], [ 121.013707400912267, 14.630850792234753 ], [ 121.013830536696105, 14.630850792234753 ], [ 121.014256958000146, 14.630752319000408 ], [ 121.014591739723869, 14.630723925063592 ], [ 121.014785771867992, 14.630694073964435 ], [ 121.014933900313736, 14.630629989366355 ], [ 121.014817938251554, 14.630531434203931 ], [ 121.014738408624225, 14.63027777866381 ], [ 121.014784880350703, 14.629926807045422 ], [ 121.0149008542827, 14.629744567579451 ], [ 121.01498613581316, 14.629654831979508 ], [ 121.014866306083036, 14.629548697079883 ], [ 121.014561596210228, 14.629261105738578 ], [ 121.013892261600631, 14.628658533404689 ] ] ] ] } },
{ "type": "Feature", "properties": { "RTA_ID": "JRTA75", "TIME": 45 }, "geometry": { "type": "MultiPolygon", "coordinates": [ [ [ [ 121.052474702081327, 14.582282818130977 ], [ 121.052548253000168, 14.582375566999985 ], [ 121.0536591890002, 14.583651781000071 ], [ 121.053757690000111, 14.583753524000088 ], [ 121.053926945000171, 14.584456104000139 ], [ 121.054251451000027, 14.585454663000064 ], [ 121.054403550023835, 14.585897304775699 ], [ 121.049229926445605, 14.585910477062782 ], [ 121.047310378937254, 14.587355590953962 ], [ 121.047504284079764, 14.587381205914426 ], [ 121.047503993429359, 14.587379913735617 ], [ 121.048655967000172, 14.587531690000219 ], [ 121.048785840000164, 14.587246207000135 ], [ 121.048905338000054, 14.587005972000043 ], [ 121.048984463000124, 14.586922602000072 ], [ 121.049060587000213, 14.586869980000017 ], [ 121.049177712000073, 14.586807608000015 ], [ 121.049280586, 14.586775984000212 ], [ 121.049468961000116, 14.58675585900005 ], [ 121.049639711000168, 14.586769982000249 ], [ 121.051060462, 14.586978710000096 ], [ 121.051283096655993, 14.587043018875875 ], [ 121.051439713000036, 14.587150071999929 ], [ 121.051785773120173, 14.587317382933179 ], [ 121.052261840000142, 14.587538168000208 ], [ 121.05349496700012, 14.587944259000324 ], [ 121.054150718000301, 14.58807637200033 ], [ 121.054641218000029, 14.588156364000213 ], [ 121.054915718000188, 14.588166736000346 ], [ 121.055173593000291, 14.588160734999974 ], [ 121.055219094000222, 14.588265978000209 ], [ 121.056377963000273, 14.587520144 ], [ 121.056540957938751, 14.587441828530814 ], [ 121.055892579429042, 14.585385352833896 ], [ 121.055762139509739, 14.584982112900377 ], [ 121.055514035994975, 14.584350298183722 ], [ 121.055385250363202, 14.584046368094448 ], [ 121.055205856387829, 14.583632781760912 ], [ 121.054962808052892, 14.583166261486951 ], [ 121.054823992365982, 14.582941604777886 ], [ 121.054858768339727, 14.582924089470453 ], [ 121.054804692373068, 14.582909649501232 ], [ 121.054618119993165, 14.582607948454722 ], [ 121.054328861715931, 14.582167244782397 ], [ 121.053687174976062, 14.581248309537727 ], [ 121.053618508929503, 14.581312948549737 ], [ 121.053291329681542, 14.581597490749459 ], [ 121.052474702081327, 14.582282818130977 ] ] ] ] } },
{ "type": "Feature", "properties": { "RTA_ID": "JRTA202", "TIME": 30 }, "geometry": { "type": "MultiPolygon", "coordinates": [ [ [ [ 121.005836086406475, 14.656568739428167 ], [ 121.005844789505204, 14.656066863025671 ], [ 121.005920932257368, 14.655914577521287 ], [ 121.005997075009418, 14.655838434769066 ], [ 121.00625405679807, 14.655762292016902 ], [ 121.006482485054676, 14.655790845549063 ], [ 121.006663324091051, 14.655905059677366 ], [ 121.006844163127766, 14.656143005777835 ], [ 121.007015071010869, 14.656510404000301 ], [ 121.007388931021296, 14.656479260000197 ], [ 121.008000202021321, 14.65644321800022 ], [ 121.008493827021312, 14.656419580000204 ], [ 121.008822029021644, 14.656389743000318 ], [ 121.009015967021469, 14.656359907000194 ], [ 121.009314839021386, 14.656228803000317 ], [ 121.0095795860218, 14.656123392000211 ], [ 121.009940902021526, 14.65597203100026 ], [ 121.010276563021648, 14.655904899000177 ], [ 121.010627143021907, 14.655822848000241 ], [ 121.010925509021604, 14.655740797000306 ], [ 121.011189188770345, 14.655652903750649 ], [ 121.011502840021762, 14.655519088000176 ], [ 121.011665009021499, 14.655458802000339 ], [ 121.011618920022215, 14.655132250000293 ], [ 121.01153804002206, 14.654938138000205 ], [ 121.011465248022205, 14.654800642000225 ], [ 121.011365945022249, 14.654659327000161 ], [ 121.011221871804764, 14.654479451014424 ], [ 121.0111797790222, 14.654429357000311 ], [ 121.011128219866464, 14.654372725519465 ], [ 121.011074282195068, 14.654318354582585 ], [ 121.011008764022449, 14.654258160000268 ], [ 121.010961746587441, 14.654222878345877 ], [ 121.010918611517695, 14.654182943398098 ], [ 121.010879817271643, 14.654138779603329 ], [ 121.010845776171891, 14.654090856354287 ], [ 121.010816850022252, 14.654039683000235 ], [ 121.01065777002259, 14.653626871000199 ], [ 121.010354159022427, 14.65296112700031 ], [ 121.010226773022396, 14.652639629000191 ], [ 121.010117585022613, 14.652354527000227 ], [ 121.010042708023207, 14.652123194000183 ], [ 121.010029628022835, 14.652063359000294 ], [ 121.009987166023052, 14.651908676000232 ], [ 121.009929539023346, 14.651635706000206 ], [ 121.009884044022897, 14.651393065000264 ], [ 121.009854472022766, 14.650922394000304 ], [ 121.009891553023181, 14.649665676000268 ], [ 121.009922625023137, 14.64888742900024 ], [ 121.009912005023011, 14.648765246000153 ], [ 121.009850587023379, 14.648592365000184 ], [ 121.009682606023262, 14.648204484000303 ], [ 121.009101288023089, 14.647074330000407 ], [ 121.008894613023131, 14.646802594000519 ], [ 121.008795654023629, 14.646562682000365 ], [ 121.00852377902379, 14.645869845000334 ], [ 121.008290723000414, 14.645172333000346 ], [ 121.007265916000392, 14.64505830700017 ], [ 121.006424989000152, 14.644973496000489 ], [ 121.006218786000318, 14.645141346000344 ], [ 121.005890584000326, 14.645357661000389 ], [ 121.005652080000232, 14.645590734000223 ], [ 121.005525085000386, 14.645342743000413 ], [ 121.005450494000343, 14.645178642000417 ], [ 121.00534098900016, 14.644960230000322 ], [ 121.004164914000285, 14.646474293000267 ], [ 121.003614692000497, 14.64613745600019 ], [ 121.003608472000337, 14.645969930000376 ], [ 121.003892584000141, 14.645423123000342 ], [ 121.003970522000259, 14.645383709000271 ], [ 121.004013041000462, 14.645387315000221 ], [ 121.004068718000326, 14.645385454000291 ], [ 121.004123650000338, 14.645376188000228 ], [ 121.004176857000516, 14.645359683000379 ], [ 121.004227389000221, 14.645336234000297 ], [ 121.004274345000454, 14.645306258000176 ], [ 121.004316886000424, 14.645270292000362 ], [ 121.004354254000532, 14.645228976000169 ], [ 121.00438578200044, 14.645183048000433 ], [ 121.004410907000306, 14.645133328000213 ], [ 121.004419397000561, 14.64511163800023 ], [ 121.004435502000206, 14.644816160000289 ], [ 121.004432585909854, 14.644757942009846 ], [ 121.004112359596093, 14.644781373203216 ], [ 121.003736870389503, 14.644774842956281 ], [ 121.003194859883251, 14.644650768261954 ], [ 121.002758060950441, 14.644542691194999 ], [ 121.000155848375471, 14.644150663701851 ], [ 120.999958059377832, 14.644116894848366 ], [ 120.999373244237631, 14.644025017254137 ], [ 120.999057483532056, 14.643984670052987 ], [ 120.998846976395384, 14.643963619339274 ], [ 120.998499639619013, 14.643953093982361 ], [ 120.997211889499113, 14.643927344812255 ], [ 120.997044075389795, 14.643927344812255 ], [ 120.99682679838952, 14.643920150209624 ], [ 120.996430529884719, 14.643912746781211 ], [ 120.996000613305455, 14.643895173548742 ], [ 120.995189014001767, 14.64386906000027 ], [ 120.994570558001897, 14.643825824000203 ], [ 120.993938958061904, 14.643838431619372 ], [ 120.994183311379402, 14.644405519870361 ], [ 120.994240828709849, 14.644550139594742 ], [ 120.994481846752365, 14.64510904484024 ], [ 120.995253115656965, 14.646880307710092 ], [ 120.995713980750565, 14.647945475965912 ], [ 120.996765929244475, 14.65046205959419 ], [ 120.997176620752953, 14.651482011117764 ], [ 120.997743513335308, 14.652821419788836 ], [ 120.997811087967875, 14.65297863423956 ], [ 120.99794113984899, 14.653267152698618 ], [ 120.99817913335869, 14.653693377437889 ], [ 120.998421813916252, 14.654100813603918 ], [ 120.998574506082718, 14.654330915764547 ], [ 120.998854439606589, 14.654684341977088 ], [ 120.99923235674737, 14.655121746075281 ], [ 120.999558316285174, 14.655512335521735 ], [ 120.999596853254843, 14.655555381231693 ], [ 120.999912613960646, 14.65594131098311 ], [ 120.999938603826195, 14.655987422034968 ], [ 120.999952870648144, 14.656005439042588 ], [ 120.999983502731766, 14.65606708138381 ], [ 121.000021375981191, 14.656134275858676 ], [ 121.000028889679243, 14.656158415610719 ], [ 121.00007244599351, 14.656246065972198 ], [ 121.000112304441814, 14.656381879944718 ], [ 121.00015068665175, 14.656581172186975 ], [ 121.000192878225903, 14.657008101306417 ], [ 121.001295346021038, 14.657055952000292 ], [ 121.001594114021032, 14.656934261000288 ], [ 121.002511589021537, 14.656904425000278 ], [ 121.003347014021301, 14.656703027000162 ], [ 121.004128199021352, 14.656664153000293 ], [ 121.005383361011013, 14.656591140000216 ], [ 121.005836086406475, 14.656568739428167 ] ] ] ] } },
{ "type": "Feature", "properties": { "RTA_ID": "JRTA202", "TIME": 20 }, "geometry": { "type": "MultiPolygon", "coordinates": [ [ [ [ 121.027847836003502, 14.64562179700016 ], [ 121.027678419002996, 14.644870963000187 ], [ 121.027540131003207, 14.644219727000177 ], [ 121.027204487003473, 14.642720443000258 ], [ 121.026756906003584, 14.640841105999925 ], [ 121.026607991003516, 14.640192645000184 ], [ 121.026531668003486, 14.639914184000133 ], [ 121.026254326003823, 14.63870872300015 ], [ 121.026188656003455, 14.638436144000252 ], [ 121.026162789003365, 14.638274958000238 ], [ 121.026121011584678, 14.638217755207165 ], [ 121.02608556134976, 14.638158909032484 ], [ 121.026055372907877, 14.638097198016965 ], [ 121.026030675849938, 14.638033091490854 ], [ 121.026011658003654, 14.637967077000269 ], [ 121.02597334476161, 14.637800140329205 ], [ 121.025825157155737, 14.637846984823852 ], [ 121.025656254304977, 14.637894916714004 ], [ 121.025359533079722, 14.63798621555253 ], [ 121.025092483976891, 14.638038712384628 ], [ 121.024770655571615, 14.638082079332889 ], [ 121.024626859900764, 14.638120881339319 ], [ 121.024556103301279, 14.638134576165044 ], [ 121.0245215915279, 14.638181241200073 ], [ 121.024451604012029, 14.638319163390008 ], [ 121.024423719985748, 14.638369670674024 ], [ 121.024414590101628, 14.638483794222338 ], [ 121.024465466347692, 14.638560840870355 ], [ 121.024505888940439, 14.638613895067124 ], [ 121.02453099612103, 14.638691499079755 ], [ 121.024519583766164, 14.638764538150554 ], [ 121.024483064230935, 14.638878661698641 ], [ 121.024439697282673, 14.638985937833979 ], [ 121.024394047863325, 14.639086366556228 ], [ 121.024316443850694, 14.6391799478655 ], [ 121.024211450186499, 14.639268964233111 ], [ 121.024111021464023, 14.63930776623954 ], [ 121.023992332973876, 14.639319178594349 ], [ 121.023830277536376, 14.639323743536352 ], [ 121.023624855149365, 14.63928037658809 ], [ 121.023517579014424, 14.639248421994637 ], [ 121.023412585350115, 14.639198207633456 ], [ 121.023325851453251, 14.639182230336587 ], [ 121.023255094853653, 14.639175382923838 ], [ 121.023166078486042, 14.63918451280756 ], [ 121.023063367292707, 14.6392187498721 ], [ 121.022944678803015, 14.639252986936469 ], [ 121.022768928538767, 14.639273529175171 ], [ 121.022552093797344, 14.639273529175171 ], [ 121.022385473417444, 14.639278094117003 ], [ 121.022214288095256, 14.639275811646087 ], [ 121.02206136254074, 14.639252986936469 ], [ 121.021869634979794, 14.6392187498721 ], [ 121.021737251664149, 14.639198207633456 ], [ 121.021652800238712, 14.639209619988037 ], [ 121.021584326109405, 14.639248421994637 ], [ 121.021449660323015, 14.639332873420017 ], [ 121.021346949130361, 14.639389935194004 ], [ 121.021124506000206, 14.639126807000309 ], [ 121.020946528000309, 14.639102258000321 ], [ 121.020768550000525, 14.639071572000432 ], [ 121.020645806000402, 14.639022475000388 ], [ 121.020547611000325, 14.638991789000329 ], [ 121.020443279000347, 14.638936554000281 ], [ 121.0203634960003, 14.638869045000433 ], [ 121.020253026000319, 14.63878312500043 ], [ 121.020179380000286, 14.638684930000409 ], [ 121.020075048000422, 14.638549912000428 ], [ 121.020007539000403, 14.638390345000289 ], [ 121.019791343000406, 14.637848009000379 ], [ 121.019418369000277, 14.637205868000422 ], [ 121.019264940000085, 14.63692969500039 ], [ 121.019179019000262, 14.636721031000377 ], [ 121.019148333000317, 14.636616699000285 ], [ 121.019129922000388, 14.636377349000327 ], [ 121.019142196000303, 14.635966157000269 ], [ 121.019175118000362, 14.635742605000416 ], [ 121.019220000049586, 14.635355394032786 ], [ 121.019008329270832, 14.6353556689931 ], [ 121.019009698866171, 14.635340831707367 ], [ 121.018861338253487, 14.635149104146592 ], [ 121.018710695170057, 14.635030415656672 ], [ 121.018461905835238, 14.634984766237494 ], [ 121.018286155571218, 14.634980201295434 ], [ 121.018073885771969, 14.635005308476138 ], [ 121.017788576901467, 14.634971071411599 ], [ 121.01752152779909, 14.634907162224465 ], [ 121.017343495064324, 14.634829558212004 ], [ 121.017259043638774, 14.634733694431645 ], [ 121.017227089045264, 14.634596746173941 ], [ 121.017222238794034, 14.634409940190949 ], [ 121.017238929363316, 14.634114645510351 ], [ 121.017244064923034, 14.633852731967409 ], [ 121.017273075454113, 14.633388322828864 ], [ 121.017166698669712, 14.633189460171366 ], [ 121.017106649147308, 14.633136916839362 ], [ 121.017039926427515, 14.633083681907692 ], [ 121.016901266316836, 14.63305800410933 ], [ 121.016739496186915, 14.633105508036124 ], [ 121.016687838947973, 14.633132293612903 ], [ 121.016457644930483, 14.633228052297454 ], [ 121.016341965829042, 14.633265542536662 ], [ 121.016208060865779, 14.633295975482952 ], [ 121.016068069313519, 14.633268585831331 ], [ 121.015940250940048, 14.633229023001149 ], [ 121.01570896054875, 14.633089031448947 ], [ 121.015410717676218, 14.632845567879656 ], [ 121.015188557169381, 14.632620364078093 ], [ 121.015128248622204, 14.632485879655746 ], [ 121.015140202600151, 14.632408178814558 ], [ 121.015178074710889, 14.632262100673017 ], [ 121.015302511646041, 14.632029457706778 ], [ 121.015413288746345, 14.631754686294585 ], [ 121.015439886269974, 14.631469138601858 ], [ 121.015335990012886, 14.631252770396031 ], [ 121.014985027339208, 14.630673441786769 ], [ 121.014933900313622, 14.630629989366298 ], [ 121.014785771867764, 14.630694073964321 ], [ 121.014591739723642, 14.630723925063535 ], [ 121.014256958000146, 14.630752319000351 ], [ 121.013830536696105, 14.630850792234696 ], [ 121.01370740091204, 14.630850792234696 ], [ 121.013587996515639, 14.630802284198694 ], [ 121.011950523474184, 14.629978228411744 ], [ 121.011840310302091, 14.629945743758185 ], [ 121.01156338039516, 14.630211976801263 ], [ 121.011253617202669, 14.630494163491278 ], [ 121.011121088244522, 14.630605576238395 ], [ 121.01037852435843, 14.63120611970902 ], [ 121.010074194896333, 14.631486102813597 ], [ 121.009773923161219, 14.631818836358491 ], [ 121.009481766878253, 14.632224608974013 ], [ 121.009327573284168, 14.632508649804663 ], [ 121.009218014677458, 14.632829210170826 ], [ 121.009209899225766, 14.633003692395789 ], [ 121.009128744700547, 14.633709736746766 ], [ 121.009047590179193, 14.634436069728451 ], [ 121.00897049338289, 14.635284134494611 ], [ 121.008908044689178, 14.635827411805735 ], [ 121.008804631012026, 14.635770734000346 ], [ 121.007957799012388, 14.635400984000114 ], [ 121.006824572012306, 14.634891703000164 ], [ 121.006146314012312, 14.634551998000404 ], [ 121.005469869012586, 14.634254840000324 ], [ 121.004827965012396, 14.633966437000367 ], [ 121.004270497012271, 14.633707992000382 ], [ 121.003633582012412, 14.633423047000349 ], [ 121.003046059012604, 14.63315772600032 ], [ 121.001731183006314, 14.632557762999966 ], [ 121.001555774001645, 14.633623572000317 ], [ 121.001323996001474, 14.635200406000251 ], [ 121.001116165001577, 14.636884479999935 ], [ 121.00090459600176, 14.638273287 ], [ 121.000815565001517, 14.63899670200027 ], [ 121.000740868001685, 14.639587541000196 ], [ 121.000626215001716, 14.640264584000192 ], [ 121.000549788001535, 14.6409665810001 ], [ 121.000442845001658, 14.641549820000307 ], [ 121.000369684001726, 14.64225724000022 ], [ 121.000302402002035, 14.642886434000047 ], [ 121.000235398001564, 14.643483412000421 ], [ 121.000160488001484, 14.644079415000078 ], [ 121.000155848375357, 14.644150663701794 ], [ 121.002758060950214, 14.644542691194943 ], [ 121.003194859883251, 14.64465076826167 ], [ 121.003736870389503, 14.644774842956224 ], [ 121.004112359596093, 14.644781373202932 ], [ 121.004432585909626, 14.64475794200979 ], [ 121.004435502000206, 14.644816160000232 ], [ 121.004419397000447, 14.645111638000117 ], [ 121.004410907000306, 14.645133328000156 ], [ 121.00438578200044, 14.645183048000376 ], [ 121.004354254000305, 14.645228976000055 ], [ 121.004316886000424, 14.645270292000305 ], [ 121.00427434500034, 14.645306257999891 ], [ 121.004227389000221, 14.64533623400024 ], [ 121.004176857000289, 14.645359683000322 ], [ 121.004123650000224, 14.645376188000171 ], [ 121.004068718000326, 14.645385454000234 ], [ 121.004013041000235, 14.645387314999937 ], [ 121.003970522000145, 14.645383709000157 ], [ 121.003892584000141, 14.645423123000057 ], [ 121.003608472000224, 14.645969930000092 ], [ 121.003614692000383, 14.646137456000133 ], [ 121.004164914000285, 14.646474293000153 ], [ 121.00534098900016, 14.644960230000038 ], [ 121.005450494000229, 14.64517864200036 ], [ 121.005525085000272, 14.645342743000356 ], [ 121.005652080000232, 14.645590734000166 ], [ 121.005890584000213, 14.645357661000332 ], [ 121.006218786000204, 14.645141346000287 ], [ 121.006424989000152, 14.644973496000432 ], [ 121.007265916000165, 14.645058307000056 ], [ 121.0082907230003, 14.645172333000289 ], [ 121.008523779023676, 14.645869845000277 ], [ 121.008795654023515, 14.646562682000308 ], [ 121.008894613023131, 14.646802594000405 ], [ 121.009101288023089, 14.647074330000351 ], [ 121.009580862268081, 14.648006681583126 ], [ 121.011488651381796, 14.64537640874272 ], [ 121.012417511023727, 14.64552530300017 ], [ 121.013304904023698, 14.645739959000196 ], [ 121.014103106024095, 14.645922458000257 ], [ 121.014921674024322, 14.646247930000186 ], [ 121.015807225023877, 14.646751738000319 ], [ 121.016740486023991, 14.646641039000144 ], [ 121.01752688102431, 14.646603070000253 ], [ 121.017287035002482, 14.645015081000224 ], [ 121.020085211002765, 14.645833098000139 ], [ 121.020310335002364, 14.645892651000167 ], [ 121.021625566000012, 14.64629034300026 ], [ 121.022105249000788, 14.64644751700007 ], [ 121.022628677000853, 14.646612898 ], [ 121.02293718800081, 14.646715469000412 ], [ 121.023092075000818, 14.646769855000116 ], [ 121.025023717002455, 14.647321984999962 ], [ 121.026971045002824, 14.647913931000289 ], [ 121.027171989002909, 14.648045442000409 ], [ 121.02730079500293, 14.648074634000352 ], [ 121.027397770002835, 14.648089027000196 ], [ 121.027493216002767, 14.648089837000271 ], [ 121.027590180003131, 14.648079817000337 ], [ 121.027755464003121, 14.648052200000109 ], [ 121.028379441003722, 14.647862372000361 ], [ 121.027939584610067, 14.646054330322386 ], [ 121.027847836003502, 14.64562179700016 ] ] ] ] } },
{ "type": "Feature", "properties": { "RTA_ID": "JRTA203", "TIME": 20 }, "geometry": { "type": "MultiPolygon", "coordinates": [ [ [ [ 121.006510943000876, 14.625041679000219 ], [ 121.004669490000197, 14.623374368000214 ], [ 121.003389737000248, 14.622235559000217 ], [ 121.002539322000075, 14.621830749000139 ], [ 121.001738372000318, 14.621433141000125 ], [ 121.000973315000124, 14.621074653000107 ], [ 121.0003933280002, 14.620600486000228 ], [ 120.998588437000308, 14.618952515000217 ], [ 120.998300018000236, 14.618694708000248 ], [ 120.998161293000521, 14.618969945000231 ], [ 120.997990084000435, 14.61920077800022 ], [ 120.997775913000282, 14.619432941000184 ], [ 120.997603035000338, 14.619633921000286 ], [ 120.997400305000269, 14.619857145000253 ], [ 120.996200720000388, 14.620769441000277 ], [ 120.995906815000012, 14.621001918000218 ], [ 120.995487252000203, 14.621310073000245 ], [ 120.9950365870003, 14.621649002000311 ], [ 120.993886648000284, 14.622564927000155 ], [ 120.991906976000223, 14.624095003000093 ], [ 120.99150024900041, 14.624390694000283 ], [ 120.990565976000426, 14.62509323400036 ], [ 120.990347265000196, 14.62526354500028 ], [ 120.990038056, 14.625519982000128 ], [ 120.989884505000305, 14.625659475000361 ], [ 120.989812406270971, 14.625738182385362 ], [ 120.98976803381845, 14.625791316635741 ], [ 120.989745228878292, 14.625840434967756 ], [ 120.989739966199863, 14.625921129370397 ], [ 120.989764525365899, 14.626033399843493 ], [ 120.989805311123746, 14.626128566611612 ], [ 120.990177207066267, 14.627049096779785 ], [ 120.990456567578917, 14.6277547342454 ], [ 120.990733735309846, 14.628495894790433 ], [ 120.990967485943088, 14.629194953908041 ], [ 120.991211323376547, 14.629916817965636 ], [ 120.991420076287454, 14.63051457052353 ], [ 120.991869596736592, 14.631867078879111 ], [ 120.992023968637, 14.632339842824479 ], [ 120.992250263809296, 14.633013027106472 ], [ 120.992459016720204, 14.633626567699707 ], [ 120.9926256682038, 14.63413441616791 ], [ 120.992936604787474, 14.635054069222917 ], [ 120.993316394747239, 14.636196947554652 ], [ 120.993092779000335, 14.636252184000114 ], [ 120.992306216000088, 14.636510168000143 ], [ 120.990389778000235, 14.637103654000214 ], [ 120.988565105000248, 14.63768066200015 ], [ 120.988695977000248, 14.638115520000099 ], [ 120.988829155000076, 14.638585676000105 ], [ 120.988956664000057, 14.639024131000212 ], [ 120.989115341000229, 14.639490886000203 ], [ 120.989285439000128, 14.639923417000205 ], [ 120.989685241000302, 14.640797092000298 ], [ 120.989878475000296, 14.641234301000281 ], [ 120.990092767000306, 14.641657257000134 ], [ 120.990314316000422, 14.642103790000192 ], [ 120.990531985000189, 14.64251411100031 ], [ 120.990752794000286, 14.642910020000329 ], [ 120.990822364000223, 14.643042510000271 ], [ 120.991011979000291, 14.643340582000235 ], [ 120.991252847000055, 14.643760673000259 ], [ 120.991296951539084, 14.643842742194352 ], [ 120.991378684801703, 14.643828336948104 ], [ 120.991820423583476, 14.643788635281624 ], [ 120.991995846197824, 14.643783372603139 ], [ 120.992167760359621, 14.643788635281624 ], [ 120.992422123150277, 14.643800914864698 ], [ 120.992769459926421, 14.643821965578354 ], [ 120.9929733887152, 14.643827228256669 ], [ 120.993183895852439, 14.643825474030564 ], [ 120.993655674272304, 14.64382935151059 ], [ 120.993846423000377, 14.643839385000206 ], [ 120.994037728001899, 14.643837414000302 ], [ 120.994570558001897, 14.643825824000203 ], [ 120.995189014001767, 14.64386906000027 ], [ 120.995829707430971, 14.643888187615119 ], [ 120.996430529884719, 14.643912746781211 ], [ 120.99682679838952, 14.643920150209624 ], [ 120.997044075389795, 14.643927344812255 ], [ 120.997211889499113, 14.643927344812255 ], [ 120.998499639619013, 14.643953093982361 ], [ 120.998846976395384, 14.643963619339274 ], [ 120.999057483532056, 14.643984670052987 ], [ 120.999373244237631, 14.644025017254137 ], [ 120.999958059377832, 14.644116894848366 ], [ 121.000155848375471, 14.644150663701851 ], [ 121.000160488001711, 14.644079415000363 ], [ 121.000235398001564, 14.643483412000478 ], [ 121.000302402002262, 14.642886434000332 ], [ 121.000369684001839, 14.642257240000276 ], [ 121.000442845001885, 14.641549820000364 ], [ 121.000549788001763, 14.640966581000157 ], [ 121.00062621500183, 14.640264584000249 ], [ 121.000740868001799, 14.63958754100031 ], [ 121.000815565001517, 14.638996702000327 ], [ 121.000904596001988, 14.638273287000288 ], [ 121.00111616500169, 14.636884480000219 ], [ 121.001323996001702, 14.635200406000308 ], [ 121.001555774001872, 14.633623572000374 ], [ 121.001731183006314, 14.63255776300025 ], [ 121.00200938400144, 14.632017869000151 ], [ 121.002328591001287, 14.631411367000226 ], [ 121.002634728001794, 14.63076066400032 ], [ 121.002951616001724, 14.630103672000303 ], [ 121.003312728001447, 14.629405265000173 ], [ 121.003959878001297, 14.62804899300022 ], [ 121.00414706600202, 14.627654395000263 ], [ 121.004182527002058, 14.62757447800027 ], [ 121.00422319400127, 14.627497080000296 ], [ 121.00426888700224, 14.627422539000236 ], [ 121.004319408001379, 14.627351182000268 ], [ 121.004888555001344, 14.626791901000274 ], [ 121.005687362001595, 14.625913307000246 ], [ 121.006510943000876, 14.625041679000219 ] ] ] ] } },
{ "type": "Feature", "properties": { "RTA_ID": "JRTA206", "TIME": 20 }, "geometry": { "type": "MultiPolygon", "coordinates": [ [ [ [ 120.98128142600001, 14.638640480000049 ], [ 120.981587054000101, 14.637881424000113 ], [ 120.981750774000147, 14.637870231000193 ], [ 120.981847216000119, 14.637762539000164 ], [ 120.98214506100021, 14.637355746000139 ], [ 120.982531775509642, 14.636466445607368 ], [ 120.982610571879945, 14.636297815557725 ], [ 120.981562571343488, 14.634131589547053 ], [ 120.981147331958937, 14.633169982551067 ], [ 120.980732092574158, 14.63204446527169 ], [ 120.980475299796922, 14.63140521516641 ], [ 120.979770485578229, 14.629378191328158 ], [ 120.97888235008611, 14.626977748704292 ], [ 120.978790538, 14.62697148500007 ], [ 120.978528984000036, 14.626947779000091 ], [ 120.978323529000022, 14.627163821000181 ], [ 120.978196363000166, 14.62729373500008 ], [ 120.977790752000033, 14.627695961000143 ], [ 120.976907797000081, 14.628593716000125 ], [ 120.976680362000025, 14.628825855000059 ], [ 120.976250333597477, 14.629403858432909 ], [ 120.976043118621988, 14.629870092127931 ], [ 120.97593457060816, 14.628308438161582 ], [ 120.973903416144708, 14.628551894700252 ], [ 120.973682706000091, 14.627609660000019 ], [ 120.973445588000232, 14.626693106000062 ], [ 120.973417994000101, 14.626577125000154 ], [ 120.97325547000014, 14.625853769000173 ], [ 120.973106220000091, 14.625146683000082 ], [ 120.972940926000092, 14.624489150000159 ], [ 120.972740101, 14.623674222000204 ], [ 120.97252923900021, 14.622859086000062 ], [ 120.972347051000042, 14.622233935000168 ], [ 120.972286382000107, 14.622047304000091 ], [ 120.969701426000029, 14.62325738200019 ], [ 120.967937440000128, 14.624184467000077 ], [ 120.967742760000192, 14.62432729700015 ], [ 120.967548139000201, 14.624574157000154 ], [ 120.967008483000086, 14.625361037000062 ], [ 120.966696404000118, 14.625835456000175 ], [ 120.966445534000172, 14.62620465800012 ], [ 120.966348495346438, 14.626354456555418 ], [ 120.966675376203739, 14.627210124200928 ], [ 120.967038921197627, 14.627846327940404 ], [ 120.967493352440329, 14.628282581932979 ], [ 120.968347683175693, 14.628900608422668 ], [ 120.969365609158672, 14.629500457662687 ], [ 120.970329003392635, 14.63030025664915 ], [ 120.970674371136965, 14.630681978892824 ], [ 120.970837398345225, 14.630980767434835 ], [ 120.970857847750949, 14.631399980255935 ], [ 120.970827173642192, 14.631972563621161 ], [ 120.970755600721418, 14.632187282383256 ], [ 120.970377286712164, 14.632974584510748 ], [ 120.970315938494309, 14.633230202084576 ], [ 120.970315938494309, 14.633536943173112 ], [ 120.970438634929906, 14.633813010152892 ], [ 120.970669469276913, 14.633945833183702 ], [ 120.97193890304743, 14.633216681232625 ], [ 120.97233414767561, 14.633061474219119 ], [ 120.972531511564853, 14.633003654191612 ], [ 120.972884450571655, 14.633013412916455 ], [ 120.973019960084912, 14.633040974006065 ], [ 120.973120961896825, 14.63313445904339 ], [ 120.973482287406455, 14.634439686691451 ], [ 120.97359598532114, 14.634625797561455 ], [ 120.974250023837158, 14.63555790894884 ], [ 120.974814228408718, 14.635329993206199 ], [ 120.975340790288328, 14.635217664022548 ], [ 120.976091968583205, 14.635180286969785 ], [ 120.976608264994866, 14.635135806679955 ], [ 120.976975277649558, 14.635647832039695 ], [ 120.977348208466879, 14.635706365079045 ], [ 120.977713552709361, 14.635799434654757 ], [ 120.977787363000061, 14.635809681000012 ], [ 120.977804534000143, 14.635861367000075 ], [ 120.977830440000162, 14.635921721000045 ], [ 120.977891874000079, 14.6359566120002 ], [ 120.977988910000136, 14.635957454999982 ], [ 120.978068459000042, 14.635940968 ], [ 120.978408428686066, 14.636085546731351 ], [ 120.978699415057008, 14.636176773953935 ], [ 120.979203301000098, 14.636225116000219 ], [ 120.97976119700013, 14.636281477000182 ], [ 120.979645388000222, 14.636639212000205 ], [ 120.979434160000096, 14.637168707000228 ], [ 120.979302076000067, 14.637423356000056 ], [ 120.979090184000256, 14.637937453000234 ], [ 120.978878538, 14.638354016 ], [ 120.978816989000165, 14.638478175000216 ], [ 120.978757852715262, 14.638574143255425 ], [ 120.979490795000061, 14.638570458000117 ], [ 120.979856396000059, 14.638580613000158 ], [ 120.980079820000128, 14.638570458000117 ], [ 120.980359826000154, 14.638655978000088 ], [ 120.980671686000051, 14.638645142000257 ], [ 120.98128142600001, 14.638640480000049 ] ] ] ] } },
{ "type": "Feature", "properties": { "RTA_ID": "JRTA38", "TIME": 30 }, "geometry": { "type": "MultiPolygon", "coordinates": [ [ [ [ 120.968678288575688, 14.638506824826209 ], [ 120.967764223419977, 14.638969716533722 ], [ 120.9673718280294, 14.639102850684196 ], [ 120.966643093732273, 14.639144893047558 ], [ 120.966005451222145, 14.639130878926494 ], [ 120.965367808712131, 14.639285034258535 ], [ 120.965227667501154, 14.639362111924584 ], [ 120.965171611016672, 14.639572323741049 ], [ 120.965108547471914, 14.640048803858463 ], [ 120.964771040722098, 14.641449826687051 ], [ 120.96418556188496, 14.642832553302242 ], [ 120.963774480999518, 14.643517688111558 ], [ 120.963475513082585, 14.643679629066412 ], [ 120.963027061207526, 14.64377928503859 ], [ 120.962678265304589, 14.643741914049087 ], [ 120.962279641415648, 14.64354260210456 ], [ 120.961980673498715, 14.643181349205122 ], [ 120.961625868010969, 14.642433380879311 ], [ 120.961477930335036, 14.642611436977688 ], [ 120.960734066294094, 14.643355822776755 ], [ 120.960775369000203, 14.643389577000164 ], [ 120.960978527000179, 14.643581362000134 ], [ 120.961358164000217, 14.64390948099998 ], [ 120.962017438000089, 14.644440256000109 ], [ 120.962504643000102, 14.64474087900004 ], [ 120.962265049000052, 14.645021181000118 ], [ 120.962928316000102, 14.645648488000063 ], [ 120.963792863000094, 14.646404098000062 ], [ 120.964261960000158, 14.646834715000068 ], [ 120.964590491000081, 14.647128580000185 ], [ 120.965248716000019, 14.64768013000014 ], [ 120.965520404000017, 14.647880352000186 ], [ 120.965725827000028, 14.648005098000056 ], [ 120.965869903, 14.64806873800012 ], [ 120.96603742700006, 14.648111724000159 ], [ 120.966414260000079, 14.648105982 ], [ 120.968059403366965, 14.648024477408171 ], [ 120.968045012938205, 14.647830536773768 ], [ 120.967943267822079, 14.646747740687374 ], [ 120.967904674846864, 14.646275853855002 ], [ 120.967873098776181, 14.645862733598392 ], [ 120.967843276931831, 14.645520659500676 ], [ 120.967805464000207, 14.645129312000108 ], [ 120.967798827000138, 14.644530582000129 ], [ 120.96772010400025, 14.643857626000056 ], [ 120.967586136000023, 14.642396121 ], [ 120.967557601000067, 14.642106769000236 ], [ 120.967555986000207, 14.641308377999962 ], [ 120.967557771000088, 14.64047566500011 ], [ 120.967588790000036, 14.640231908000089 ], [ 120.967633847, 14.640052528000183 ], [ 120.967704461000153, 14.639858010000069 ], [ 120.967794155000092, 14.63969064700018 ], [ 120.967978770000173, 14.639421127000048 ], [ 120.968127526000217, 14.639234524000017 ], [ 120.968200703000321, 14.63915653700019 ], [ 120.968378056, 14.639007506000041 ], [ 120.968637559059744, 14.638607990160949 ], [ 120.968678288575688, 14.638506824826209 ] ] ] ] } },
{ "type": "Feature", "properties": { "RTA_ID": "JRTA178", "TIME": 30 }, "geometry": { "type": "MultiPolygon", "coordinates": [ [ [ [ 120.961382640006491, 14.636413768351758 ], [ 120.960450975533604, 14.635569396608162 ], [ 120.959302942090972, 14.634605342884072 ], [ 120.958795158068256, 14.6342521018247 ], [ 120.958110753516053, 14.634001889407728 ], [ 120.957524736245773, 14.633833057409163 ], [ 120.956882825553521, 14.635245410143511 ], [ 120.954636492452892, 14.635827477519342 ], [ 120.954346788051794, 14.636146928820096 ], [ 120.949544093211557, 14.642895313316671 ], [ 120.949768612000184, 14.643055511000057 ], [ 120.950466241000072, 14.643537601000162 ], [ 120.951415241000063, 14.6441503100001 ], [ 120.952007501000026, 14.644735521000143 ], [ 120.952345501000082, 14.6450023700001 ], [ 120.953011001000164, 14.645539591000045 ], [ 120.954589642000087, 14.646859241000186 ], [ 120.955908642000168, 14.647974161000036 ], [ 120.9561476949699, 14.648165041807715 ], [ 120.956942723727821, 14.647287469080368 ], [ 120.960089383531795, 14.644000957729645 ], [ 120.961477930335036, 14.642611436977688 ], [ 120.962378081258066, 14.641528025598575 ], [ 120.962866874035853, 14.640792005478374 ], [ 120.963056864710097, 14.640066559471791 ], [ 120.962851792187735, 14.639483023130424 ], [ 120.961837612385239, 14.638297471110661 ], [ 120.961732393895318, 14.637186100882275 ], [ 120.961382640006491, 14.636413768351758 ] ] ] ] } },
{ "type": "Feature", "properties": { "RTA_ID": "JRTA210", "TIME": 20 }, "geometry": { "type": "MultiPolygon", "coordinates": [ [ [ [ 121.017726366007878, 14.546914803000334 ], [ 121.018055487000083, 14.546351836000042 ], [ 121.018357358000117, 14.545756122000114 ], [ 121.018662979000055, 14.54523277900006 ], [ 121.018964351000136, 14.54467693800018 ], [ 121.019265722000114, 14.544093973000201 ], [ 121.01956034300008, 14.543509008000171 ], [ 121.019732716000021, 14.543159780000053 ], [ 121.019842465000124, 14.542989040000123 ], [ 121.020124300561292, 14.542536316742485 ], [ 121.019541041347907, 14.542067102950796 ], [ 121.01738421845937, 14.540653910106982 ], [ 121.016833634405316, 14.540399118549885 ], [ 121.016306792582213, 14.541374967698175 ], [ 121.014074676385462, 14.545652151248305 ], [ 121.013102022400858, 14.547447820143987 ], [ 121.013181761712417, 14.547502863162833 ], [ 121.013228752000259, 14.547532957000158 ], [ 121.013345276000337, 14.547595783000361 ], [ 121.013535122000462, 14.547680779000473 ], [ 121.014544125000498, 14.548189116000344 ], [ 121.014377502, 14.548501222000255 ], [ 121.014028632000191, 14.549166057000434 ], [ 121.013664886000015, 14.549895013000196 ], [ 121.013611388000299, 14.550068127000316 ], [ 121.013587264000648, 14.550247741000248 ], [ 121.013587265000069, 14.550409355000454 ], [ 121.013619499000242, 14.550812367000219 ], [ 121.013649741000449, 14.551397928000256 ], [ 121.013650701000529, 14.55145641300021 ], [ 121.013800909000338, 14.553417787000342 ], [ 121.013820036000538, 14.553816387000268 ], [ 121.01361929400025, 14.554989563000163 ], [ 121.013187808000453, 14.557130305000214 ], [ 121.013146935000236, 14.557361290000017 ], [ 121.012935938000396, 14.557836636000275 ], [ 121.012677816000405, 14.558331481000266 ], [ 121.012124074725989, 14.559296290483076 ], [ 121.01180284749023, 14.559885207082118 ], [ 121.009743721421728, 14.558803182881377 ], [ 121.009346470407195, 14.558599738965484 ], [ 121.008958499289974, 14.558410571815443 ], [ 121.008606220088382, 14.558245675167825 ], [ 121.007839532835192, 14.557913353248125 ], [ 121.007420763970572, 14.558709014090766 ], [ 121.006711657569213, 14.559894096020798 ], [ 121.006517381843423, 14.56022436475547 ], [ 121.005570482000621, 14.561962584000241 ], [ 121.003381572504168, 14.566210990217826 ], [ 121.003587996000419, 14.566392523000218 ], [ 121.004125765000595, 14.566980778000527 ], [ 121.00438715300038, 14.567234313000426 ], [ 121.006037875000175, 14.56711921200025 ], [ 121.006648625000253, 14.567106334000414 ], [ 121.007234624000262, 14.567075207999949 ], [ 121.00780362400053, 14.56702395700006 ], [ 121.008378248000213, 14.566980082000441 ], [ 121.00895074800053, 14.566946955000446 ], [ 121.009208873000489, 14.566946454000174 ], [ 121.009784997000224, 14.566912452000167 ], [ 121.010711872000456, 14.566860825000276 ], [ 121.011273496000513, 14.56681682500016 ], [ 121.011626496000417, 14.566801698000234 ], [ 121.01296774500031, 14.566682823000292 ], [ 121.013545614000577, 14.565944116000196 ], [ 121.013842363000322, 14.565670132000264 ], [ 121.013982362000434, 14.565545764000433 ], [ 121.014192236000213, 14.565386648000413 ], [ 121.014451359000645, 14.565196283000375 ], [ 121.014970107000181, 14.564907049000055 ], [ 121.015521355000146, 14.564628938000226 ], [ 121.015662355000472, 14.564565941000296 ], [ 121.016046104000338, 14.564427448000288 ], [ 121.016381535003006, 14.564300954000089 ], [ 121.016195699253331, 14.563827662377321 ], [ 121.016145397838386, 14.563838904863189 ], [ 121.015750877079086, 14.562923495980272 ], [ 121.015454774260547, 14.562125077020539 ], [ 121.015438676322105, 14.561846046083531 ], [ 121.015465506219698, 14.561644821850507 ], [ 121.015526842674717, 14.561301012506135 ], [ 121.015662780823277, 14.560796610427985 ], [ 121.015780832373594, 14.560521156810751 ], [ 121.016045554031734, 14.560195620717877 ], [ 121.016335162701807, 14.55994778252898 ], [ 121.01627975392887, 14.559878407279825 ], [ 121.016026086391662, 14.559530730819404 ], [ 121.015913995447136, 14.559356938437475 ], [ 121.015812188075188, 14.559185202769811 ], [ 121.015622318002897, 14.558823682000423 ], [ 121.015451080145795, 14.558827210987147 ], [ 121.015334252817183, 14.558817113169766 ], [ 121.014844015600374, 14.558719495407047 ], [ 121.0148365340076, 14.557616305000067 ], [ 121.014845267507212, 14.557495768812998 ], [ 121.014858805700896, 14.557375677331891 ], [ 121.014877127008162, 14.557256222000206 ], [ 121.015239206008005, 14.555308447000073 ], [ 121.015505504007706, 14.553928255000471 ], [ 121.015913523007271, 14.551782879000257 ], [ 121.016553140007886, 14.550585576000231 ], [ 121.016660261007587, 14.549978239000154 ], [ 121.016895878007631, 14.548795438000411 ], [ 121.016952126008164, 14.548502331000407 ], [ 121.017035625007566, 14.548298719000286 ], [ 121.017093374007459, 14.548163727000087 ], [ 121.017726366007878, 14.546914803000334 ] ] ] ] } },
{ "type": "Feature", "properties": { "RTA_ID": "JRTA81", "TIME": 30 }, "geometry": { "type": "MultiPolygon", "coordinates": [ [ [ [ 121.018008630000736, 14.568674915000258 ], [ 121.017607007000265, 14.568847782000262 ], [ 121.017168133000155, 14.569057271000077 ], [ 121.016781760000299, 14.569276259000105 ], [ 121.016347887000052, 14.569537370000148 ], [ 121.01585423400013, 14.569910743000207 ], [ 121.015603641000212, 14.570130212000151 ], [ 121.015016706000438, 14.570600040000102 ], [ 121.014391648000014, 14.571189902000071 ], [ 121.01361577800003, 14.571894487 ], [ 121.012636159000067, 14.572787186000085 ], [ 121.012124753000194, 14.573276758000077 ], [ 121.011290446919588, 14.574048837819021 ], [ 121.012779471813246, 14.575527189451236 ], [ 121.012780055006033, 14.575522843000385 ], [ 121.013233845005971, 14.5759857500002 ], [ 121.014525256006095, 14.577288979000514 ], [ 121.015644249005959, 14.578409145000251 ], [ 121.016079367005545, 14.578847497000481 ], [ 121.016436273685486, 14.579157779537411 ], [ 121.017266720173325, 14.579982273423184 ], [ 121.017289259390736, 14.579807644427092 ], [ 121.01774613737291, 14.579445967022991 ], [ 121.022127885949999, 14.57670328006725 ], [ 121.021655175002707, 14.575889184000403 ], [ 121.021625675002724, 14.575867185000448 ], [ 121.021260664002853, 14.574139047000301 ], [ 121.020872028002941, 14.572426909000171 ], [ 121.020915903001764, 14.572375787000396 ], [ 121.020828402000234, 14.572252920000437 ], [ 121.020427649000453, 14.571739955 ], [ 121.020176647000994, 14.571422352000468 ], [ 121.019752648000122, 14.571572470000262 ], [ 121.019237024001995, 14.571746087000349 ], [ 121.018998771002771, 14.57117750000009 ], [ 121.018815313002506, 14.570755669000278 ], [ 121.018716517002758, 14.570484671000429 ], [ 121.0185950530024, 14.570176245000482 ], [ 121.018484513000089, 14.569903459000102 ], [ 121.01832763500056, 14.569486487000063 ], [ 121.018008630000736, 14.568674915000258 ] ] ] ] } },
{ "type": "Feature", "properties": { "RTA_ID": "JRTA213", "TIME": 20 }, "geometry": { "type": "MultiPolygon", "coordinates": [ [ [ [ 121.049808325000072, 14.604399609000154 ], [ 121.050019071000179, 14.603803146000075 ], [ 121.050520197000196, 14.604044003000013 ], [ 121.050916323000138, 14.604244363000078 ], [ 121.052094540000212, 14.60476919000007 ], [ 121.052967342000102, 14.605149470000129 ], [ 121.054118533000064, 14.605662714000118 ], [ 121.056854745719875, 14.607000327108551 ], [ 121.05869352990851, 14.602994019093614 ], [ 121.059436553781325, 14.60123388020088 ], [ 121.0596813525176, 14.600378327271756 ], [ 121.059762661335071, 14.599647011978618 ], [ 121.059783406368638, 14.598806838141797 ], [ 121.059773033852139, 14.598433427547434 ], [ 121.059752288818686, 14.597945919272092 ], [ 121.059700426236873, 14.597437665963298 ], [ 121.059557828860193, 14.596687528413213 ], [ 121.059419079453505, 14.596100263479968 ], [ 121.059296463697933, 14.595667881606062 ], [ 121.058851174902088, 14.594360249110593 ], [ 121.058547862244723, 14.593450311137076 ], [ 121.058205828821997, 14.592503265763924 ], [ 121.056540957938751, 14.587441828530871 ], [ 121.056377963000159, 14.587520144 ], [ 121.055219094000108, 14.588265978000095 ], [ 121.056023108000318, 14.590552578000086 ], [ 121.05461324300029, 14.59200849400014 ], [ 121.05468563400018, 14.594563956000172 ], [ 121.05474412600006, 14.595830875000104 ], [ 121.054745576087043, 14.59590181186519 ], [ 121.053524291174199, 14.596806154326543 ], [ 121.049704362762554, 14.599628330117923 ], [ 121.049652607000212, 14.599579058000188 ], [ 121.049102026000014, 14.59908756599998 ], [ 121.049018052000179, 14.599014717000102 ], [ 121.04894662200013, 14.598938460999989 ], [ 121.048473495000167, 14.598529615000132 ], [ 121.048369119000085, 14.598443871000143 ], [ 121.047838159000207, 14.597939783000186 ], [ 121.047194905000083, 14.597356074000118 ], [ 121.043766929718458, 14.593843274579342 ], [ 121.043271508000089, 14.593598212000018 ], [ 121.043077883000137, 14.593543341000213 ], [ 121.042599632000019, 14.593432601000075 ], [ 121.042564507000066, 14.593429602000128 ], [ 121.042000506000022, 14.593244116999927 ], [ 121.041349630000013, 14.593010011000104 ], [ 121.039004966000221, 14.592177718000073 ], [ 121.038356501000067, 14.592189706 ], [ 121.038206876, 14.592190207000158 ], [ 121.037846876000117, 14.592108590000237 ], [ 121.037788501000023, 14.592092715999968 ], [ 121.037798383000109, 14.59322876900012 ], [ 121.037772009000037, 14.593458129000055 ], [ 121.037466891, 14.594510064000133 ], [ 121.037560393000149, 14.594716925000114 ], [ 121.037997024000106, 14.59577873000012 ], [ 121.038057553000044, 14.596131281999988 ], [ 121.038043305000087, 14.596468135000066 ], [ 121.0378373530001, 14.597252999000204 ], [ 121.037613915000065, 14.598167580999984 ], [ 121.037585790000207, 14.598236951000047 ], [ 121.037455292, 14.598506934999989 ], [ 121.036940423000146, 14.599396256000148 ], [ 121.036986048000131, 14.599416630000235 ], [ 121.03727542300021, 14.599427252000226 ], [ 121.037469548000104, 14.599432501000024 ], [ 121.037549798000214, 14.599441250000154 ], [ 121.037607923, 14.599462497999923 ], [ 121.037671423000234, 14.599496496000086 ], [ 121.037897924000049, 14.599636610000118 ], [ 121.037973800000145, 14.599716855000111 ], [ 121.038087550000114, 14.599798223999983 ], [ 121.03829917600001, 14.599909341000057 ], [ 121.038487551000117, 14.599975960000165 ], [ 121.03868355100019, 14.600021956000035 ], [ 121.03893905100017, 14.600070201000221 ], [ 121.039138551000178, 14.6000871990002 ], [ 121.039353051000148, 14.600096197000084 ], [ 121.039493176000065, 14.60009382100003 ], [ 121.04008180000028, 14.59998945000001 ], [ 121.040681174000156, 14.599867079000092 ], [ 121.040832674000058, 14.599853829000097 ], [ 121.0410070490002, 14.599878826000122 ], [ 121.041265675000091, 14.600051688 ], [ 121.041332801000181, 14.600125558000116 ], [ 121.042156677000094, 14.600385412000094 ], [ 121.04238892900014, 14.600735388000089 ], [ 121.04268855700002, 14.6011408600001 ], [ 121.042811933000166, 14.601269351000155 ], [ 121.042932183000175, 14.601403217000211 ], [ 121.043241936000072, 14.601760942000226 ], [ 121.043680314000085, 14.60228153200012 ], [ 121.044120817000248, 14.602788497000063 ], [ 121.044167817000016, 14.602854867000246 ], [ 121.044512445, 14.603243590000147 ], [ 121.044599872000049, 14.603346685000247 ], [ 121.04463899568168, 14.603400610917106 ], [ 121.045840476826925, 14.602502910128408 ], [ 121.046840102015722, 14.601746861217464 ], [ 121.047365688000014, 14.602423625999961 ], [ 121.047933567000086, 14.603100704000042 ], [ 121.048071318000211, 14.603259943000182 ], [ 121.048258819000011, 14.603369934000114 ], [ 121.048512694000124, 14.603500425000163 ], [ 121.04936844700012, 14.603991138000197 ], [ 121.049113202000058, 14.604686595000089 ], [ 121.048901206000096, 14.605281184000148 ], [ 121.048695960000032, 14.605840650000118 ], [ 121.048495463, 14.606399365000243 ], [ 121.048275717000138, 14.60695408100014 ], [ 121.048111470000094, 14.607458800000018 ], [ 121.048111221, 14.607545545000221 ], [ 121.048183222000034, 14.607732282000086 ], [ 121.048122285284649, 14.608078377123718 ], [ 121.048368780732176, 14.608160868066648 ], [ 121.048722194920401, 14.607914818381857 ], [ 121.048935216000245, 14.606859333000102 ], [ 121.049539455000058, 14.605190811000057 ], [ 121.049808325000072, 14.604399609000154 ] ] ] ] } },
{ "type": "Feature", "properties": { "RTA_ID": "JRTA214", "TIME": 20 }, "geometry": { "type": "MultiPolygon", "coordinates": [ [ [ [ 121.052381676161417, 14.616418529525788 ], [ 121.052992758000073, 14.61517361500006 ], [ 121.053320470000017, 14.614443755000025 ], [ 121.053388317000213, 14.614301247000128 ], [ 121.053743131000033, 14.613536503000091 ], [ 121.053932490000193, 14.613113766000026 ], [ 121.054154832000108, 14.6125926590002 ], [ 121.055686320000177, 14.609186657000123 ], [ 121.056725748499844, 14.606937266085879 ], [ 121.054118533000064, 14.605662714000118 ], [ 121.052967342000102, 14.605149470000129 ], [ 121.052094540000212, 14.60476919000007 ], [ 121.050916323000138, 14.604244363000078 ], [ 121.050520197000196, 14.604044003000013 ], [ 121.050019071000179, 14.603803146000075 ], [ 121.049808325000072, 14.604399609000154 ], [ 121.049539455000058, 14.605190811000057 ], [ 121.048935216000245, 14.606859333000102 ], [ 121.048722194920401, 14.607914818381857 ], [ 121.048368780732176, 14.608160868066648 ], [ 121.048053806856387, 14.609149785746126 ], [ 121.046954855000081, 14.608884092000039 ], [ 121.04624985400028, 14.608707482 ], [ 121.045817229000136, 14.608601742000133 ], [ 121.045731729000181, 14.608600992000049 ], [ 121.045209854000063, 14.608680740000068 ], [ 121.044674855000039, 14.608768862999966 ], [ 121.04364479000003, 14.609301133000145 ], [ 121.043052983000052, 14.6096859230002 ], [ 121.043075237000039, 14.609713813000042 ], [ 121.043133861000115, 14.609766808000074 ], [ 121.04406872800007, 14.610560066000119 ], [ 121.044305472000019, 14.610827433000168 ], [ 121.045451939000031, 14.611869913000078 ], [ 121.046153148000144, 14.612501194000174 ], [ 121.046188968000024, 14.612555679000138 ], [ 121.046969154000067, 14.614937172999987 ], [ 121.047688157000039, 14.614610614000071 ], [ 121.047996624, 14.614482174000102 ], [ 121.048222717000044, 14.614427063999983 ], [ 121.048322657000085, 14.614413455000204 ], [ 121.048467165000147, 14.614411042000086 ], [ 121.048599156000023, 14.614435652000168 ], [ 121.04873772100018, 14.614473938000117 ], [ 121.048943646000225, 14.614571415000114 ], [ 121.049164698000027, 14.614720548000093 ], [ 121.04947090600001, 14.614956310000082 ], [ 121.0501343950001, 14.615458866000097 ], [ 121.050384960000088, 14.61566336400017 ], [ 121.050649466000323, 14.61586082600013 ], [ 121.051000305, 14.616105834000166 ], [ 121.051409934189905, 14.616352520033161 ], [ 121.05161562, 14.616409016000205 ], [ 121.052290479000135, 14.616426207000131 ], [ 121.052381676161417, 14.616418529525788 ] ] ] ] } },
{ "type": "Feature", "properties": { "RTA_ID": "JRTA219", "TIME": 20 }, "geometry": { "type": "MultiPolygon", "coordinates": [ [ [ [ 121.054632586143043, 14.565929018200109 ], [ 121.054877849000263, 14.56628809200015 ], [ 121.054282418000298, 14.566769187000261 ], [ 121.05366701700018, 14.56725500600021 ], [ 121.053262147000169, 14.567546498000183 ], [ 121.052662940000232, 14.568016123000234 ], [ 121.052015148000123, 14.568485748000285 ], [ 121.051906657000018, 14.56878471999994 ], [ 121.052048260000333, 14.569300861000102 ], [ 121.052342480000107, 14.57038500900029 ], [ 121.052329855000039, 14.570477253000092 ], [ 121.052280981000081, 14.570610495000267 ], [ 121.05217223300042, 14.570811108000271 ], [ 121.052073609000331, 14.571009096000296 ], [ 121.051844486000391, 14.571381324000185 ], [ 121.051735488000418, 14.571599935000279 ], [ 121.051685489000192, 14.57183542100023 ], [ 121.051665366000293, 14.572036782999987 ], [ 121.051663617000258, 14.572239270000296 ], [ 121.051697118000448, 14.572429258000227 ], [ 121.051759620000439, 14.572661243000141 ], [ 121.051846746000365, 14.572857980000151 ], [ 121.051907622000272, 14.573057342000141 ], [ 121.05355100300028, 14.574094016000117 ], [ 121.05409825500044, 14.574491612000315 ], [ 121.054666259000328, 14.575113569000223 ], [ 121.055842000000212, 14.576409000000183 ], [ 121.055886025703899, 14.576465917022745 ], [ 121.057235888400896, 14.578127668394814 ], [ 121.058723356939709, 14.576878819695139 ], [ 121.061032425599478, 14.574907030726592 ], [ 121.061693399000319, 14.57436766100011 ], [ 121.062270816000364, 14.573925969000868 ], [ 121.064297070000862, 14.572118414000613 ], [ 121.064594631000887, 14.571849679000138 ], [ 121.066095372000177, 14.5706023740006 ], [ 121.066266445000565, 14.570456214000217 ], [ 121.066516165000621, 14.570255263000377 ], [ 121.066552345001128, 14.570228093000821 ], [ 121.066448865001007, 14.569558688000768 ], [ 121.066315110000687, 14.568715368000596 ], [ 121.066184230000772, 14.567918044000351 ], [ 121.066094017000069, 14.567425827000761 ], [ 121.065679870000167, 14.564967323000189 ], [ 121.065581403307419, 14.564493165770102 ], [ 121.065463096174085, 14.563713142661584 ], [ 121.065459472634302, 14.563681848456667 ], [ 121.064409955000883, 14.563877438000702 ], [ 121.063564331000634, 14.564027683000631 ], [ 121.063436957000135, 14.564063682000665 ], [ 121.063073832000555, 14.564135804000045 ], [ 121.062784457000589, 14.564183053000136 ], [ 121.062544706000381, 14.563878324000598 ], [ 121.061772637000445, 14.563042372000723 ], [ 121.061389154534936, 14.56272399863235 ], [ 121.060019685604857, 14.564082624678861 ], [ 121.058097204611613, 14.565110500444518 ], [ 121.055641560603476, 14.565548266683777 ], [ 121.054632586143043, 14.565929018200109 ] ] ] ] } },
{ "type": "Feature", "properties": { "RTA_ID": "JRTA252", "TIME": 30 }, "geometry": { "type": "MultiPolygon", "coordinates": [ [ [ [ 121.020920223637518, 14.509344591425133 ], [ 121.016821915927949, 14.514956688469113 ], [ 121.009463061337897, 14.523287884206127 ], [ 121.010171567000043, 14.524190953000129 ], [ 121.010357101000295, 14.524315831000138 ], [ 121.01062299, 14.524505834000138 ], [ 121.010920894000151, 14.524765823000052 ], [ 121.011144897000122, 14.524970345000099 ], [ 121.011211841000318, 14.525040877000094 ], [ 121.011269046000166, 14.525119533 ], [ 121.011290564000205, 14.525161988000093 ], [ 121.011318389000053, 14.525272514000164 ], [ 121.011318389000053, 14.52534021200006 ], [ 121.011296849000246, 14.525450989000092 ], [ 121.011697879000053, 14.526753303000021 ], [ 121.011752156000171, 14.527091772000063 ], [ 121.011959847000071, 14.527849201000095 ], [ 121.012245527000232, 14.529230381000161 ], [ 121.012311547000195, 14.529573233000121 ], [ 121.012318304403493, 14.529799289705579 ], [ 121.012333307369545, 14.52984148817626 ], [ 121.012350485554407, 14.529902443026458 ], [ 121.012406453189556, 14.530085307577338 ], [ 121.012481181570934, 14.53023808312372 ], [ 121.012584330525556, 14.530293108203466 ], [ 121.012710673306287, 14.530369578833813 ], [ 121.01288075800278, 14.530460143412427 ], [ 121.012970008487514, 14.530477081024458 ], [ 121.01304537084809, 14.530449928409212 ], [ 121.013189445948797, 14.5303884194239 ], [ 121.013594518635955, 14.53020112179297 ], [ 121.013658798295751, 14.530173415042839 ], [ 121.013713103526356, 14.530162332342741 ], [ 121.013766300486623, 14.530156236857749 ], [ 121.013836675631978, 14.530174523312951 ], [ 121.014164169418677, 14.530331897653696 ], [ 121.015084587658293, 14.530723671100645 ], [ 121.015365534104603, 14.530827294346068 ], [ 121.015576105405444, 14.530899886031477 ], [ 121.015715193291385, 14.530954745396855 ], [ 121.015790001516962, 14.530942554426701 ], [ 121.015852064637329, 14.530848905611208 ], [ 121.015942942777542, 14.530521411824623 ], [ 121.015985344050023, 14.530326091585039 ], [ 121.016060395315662, 14.530082493056454 ], [ 121.01609591248166, 14.529907275037147 ], [ 121.016133797458906, 14.529786516672289 ], [ 121.016223774279183, 14.529713114529386 ], [ 121.016337429211035, 14.529677597362934 ], [ 121.016481865686274, 14.529646815819433 ], [ 121.016654715894447, 14.529639712386199 ], [ 121.016827424898793, 14.529637014816217 ], [ 121.016941494052389, 14.529714037125643 ], [ 121.017011315063087, 14.529830405476162 ], [ 121.017175872146822, 14.530083742057002 ], [ 121.017250701384341, 14.530157345127861 ], [ 121.017327726149574, 14.530211650358012 ], [ 121.017392534858345, 14.53021776022922 ], [ 121.017525552345319, 14.530207217278019 ], [ 121.017819678942033, 14.530122745844437 ], [ 121.017985484397627, 14.530092511332441 ], [ 121.018059184353092, 14.530119663947517 ], [ 121.018151170763758, 14.530236032298205 ], [ 121.018240195467456, 14.530391760797841 ], [ 121.018346543168605, 14.530495239078164 ], [ 121.018425486662068, 14.530567483579205 ], [ 121.018573975770551, 14.530587908024813 ], [ 121.018729687706582, 14.530595111779917 ], [ 121.018860463567307, 14.530593449374976 ], [ 121.019045544657956, 14.530582366674878 ], [ 121.019128664908635, 14.530566850894729 ], [ 121.019248912204262, 14.530430533684239 ], [ 121.019352535449684, 14.530353508918836 ], [ 121.019470043259275, 14.530290860430284 ], [ 121.019844607331947, 14.530101931627371 ], [ 121.020024701208172, 14.530027123402192 ], [ 121.020211998838931, 14.529944557286626 ], [ 121.020277386769294, 14.529926824966651 ], [ 121.02058998508403, 14.529960892065844 ], [ 121.020656415111375, 14.529978913656805 ], [ 121.020949600512836, 14.530090442965445 ], [ 121.021159569693509, 14.530176739852777 ], [ 121.02137789888468, 14.530216637573119 ], [ 121.021569075460661, 14.530272605208438 ], [ 121.021896015112475, 14.5303884194239 ], [ 121.022003949812301, 14.530441683681602 ], [ 121.022358896005585, 14.529795077000188 ], [ 121.022456599005409, 14.529630075 ], [ 121.022706360005259, 14.529233579999982 ], [ 121.023445346005474, 14.527932116000159 ], [ 121.023588798005221, 14.527660967000145 ], [ 121.028221379004776, 14.519115150000175 ], [ 121.029151576004551, 14.51747180100017 ], [ 121.030143787004477, 14.515657917 ], [ 121.030522267806532, 14.514927155800535 ], [ 121.020920223637518, 14.509344591425133 ] ] ] ] } },
{ "type": "Feature", "properties": { "RTA_ID": "JRTA226", "TIME": 20 }, "geometry": { "type": "MultiPolygon", "coordinates": [ [ [ [ 121.000118666547905, 14.555294497579837 ], [ 121.000222229019528, 14.554897853310763 ], [ 121.000238799015051, 14.554860570820779 ], [ 121.00035736390555, 14.554689014668384 ], [ 121.000536400535907, 14.554453011837609 ], [ 121.000666608994152, 14.554318734365097 ], [ 121.000756127309387, 14.554245492107157 ], [ 121.000918887882221, 14.554160042806529 ], [ 121.001036889297438, 14.554050179419676 ], [ 121.001097924512351, 14.553968799133372 ], [ 121.00117116676995, 14.553822314617662 ], [ 121.001276961142707, 14.553590380801324 ], [ 121.001447859744076, 14.55306140893947 ], [ 121.001480411858324, 14.552939338509759 ], [ 121.001488549887426, 14.552853889208961 ], [ 121.001553654116265, 14.552699266664717 ], [ 121.001594344259615, 14.552617886378187 ], [ 121.001663517503289, 14.552532437077389 ], [ 121.001773380889972, 14.552451056791085 ], [ 121.002062280906557, 14.552228278256962 ], [ 121.002306421766093, 14.552077724726985 ], [ 121.002436712969711, 14.552022542570342 ], [ 121.002164617000176, 14.551938784000129 ], [ 121.002140918, 14.551938584000141 ], [ 121.001739539000141, 14.55182492400013 ], [ 121.001341265000065, 14.551696612000171 ], [ 121.000783308, 14.551578162000112 ], [ 121.000135637000085, 14.551403912000126 ], [ 121.00017572600018, 14.551178951000054 ], [ 120.997914937000019, 14.550771920000045 ], [ 120.997900732000062, 14.550833632000149 ], [ 120.995538027000066, 14.550253721000047 ], [ 120.995591906000186, 14.550031022000042 ], [ 120.994010187000072, 14.549641522000115 ], [ 120.993753047000155, 14.55063421300008 ], [ 120.992786908000085, 14.550389572000199 ], [ 120.992065029000059, 14.553013727000177 ], [ 120.992043309282167, 14.553104990608404 ], [ 120.991910869000094, 14.553518630000099 ], [ 120.991440258000011, 14.555034252000098 ], [ 120.991312996000147, 14.555449752000186 ], [ 120.991265328000054, 14.555620092000083 ], [ 120.991175808000321, 14.555890451000153 ], [ 120.992447316000039, 14.556262842000137 ], [ 120.993238047000204, 14.556511772000135 ], [ 120.993819201834299, 14.556713135771133 ], [ 120.994446379000124, 14.555014854000092 ], [ 120.994459277000146, 14.554967912000109 ], [ 120.995247855, 14.555279095 ], [ 120.996006469000235, 14.555564994000122 ], [ 120.995713926000121, 14.556171522000056 ], [ 120.995387808000146, 14.556838381000091 ], [ 120.995064816000081, 14.557446451000089 ], [ 120.9962886080001, 14.557836007 ], [ 120.997688199000095, 14.558209034000072 ], [ 120.998066117000121, 14.558323412000107 ], [ 120.99796893700011, 14.558662284000093 ], [ 120.998482707000107, 14.558775131000118 ], [ 120.998560289000011, 14.558800162000125 ], [ 120.999571114000219, 14.559025521000194 ], [ 120.999678895000216, 14.55904834200004 ], [ 120.999710400206823, 14.559053393749821 ], [ 120.999725129152466, 14.55896992972356 ], [ 120.999745841647496, 14.558766947277775 ], [ 120.999754126645257, 14.558598140447771 ], [ 120.999778981638315, 14.558399300500923 ], [ 120.99978312413748, 14.558275025534101 ], [ 120.999820406627464, 14.558212888050662 ], [ 120.999899114106256, 14.558146608068455 ], [ 121.000002676578561, 14.558092755582777 ], [ 121.000097954053444, 14.557985050611592 ], [ 121.000106239051206, 14.557914628130447 ], [ 121.000089669055683, 14.557877345640065 ], [ 120.999990249082089, 14.557753070673584 ], [ 120.999886686609557, 14.557558373225561 ], [ 120.999816264128299, 14.557434098258511 ], [ 120.999762411642791, 14.557342963283077 ], [ 120.99973755664962, 14.557222830815192 ], [ 120.999687846662482, 14.556715374700332 ], [ 120.999687846662482, 14.556607669729374 ], [ 120.999716844155273, 14.556491679760256 ], [ 120.99973755664962, 14.556429542276646 ], [ 120.999812121629589, 14.556388117288066 ], [ 120.999948824093281, 14.556218274833327 ], [ 120.999986106583265, 14.556122997358671 ], [ 121.000118666547905, 14.555294497579837 ] ] ] ] } },
{ "type": "Feature", "properties": { "RTA_ID": "JRTA134", "TIME": 30 }, "geometry": { "type": "MultiPolygon", "coordinates": [ [ [ [ 121.000473284835152, 14.670478265477186 ], [ 121.000447612226253, 14.667306093750483 ], [ 121.000320062095398, 14.662773447747441 ], [ 121.000295495176942, 14.662672642977384 ], [ 121.000227828081393, 14.662122160849208 ], [ 121.000212230844113, 14.660741821249644 ], [ 121.000202039177566, 14.660498606495537 ], [ 121.000181122229037, 14.659888694489268 ], [ 121.000180286785167, 14.659460101284424 ], [ 121.000158131324952, 14.658662504726067 ], [ 121.000192878225562, 14.657008101306246 ], [ 121.000150686651637, 14.656581172186861 ], [ 121.0001123044417, 14.656381879944547 ], [ 121.000072445993396, 14.656246065972084 ], [ 121.000028889678902, 14.656158415610605 ], [ 121.000021375981191, 14.656134275858562 ], [ 120.999983502731766, 14.65606708138364 ], [ 120.999952870648031, 14.656005439042474 ], [ 120.999938603825967, 14.655987422034855 ], [ 120.999912613960419, 14.655941310982996 ], [ 120.999596853254729, 14.655555381231522 ], [ 120.999558316285174, 14.655512335521621 ], [ 120.999232356747257, 14.655121746075167 ], [ 120.998854439606248, 14.654684341976974 ], [ 120.998574506082605, 14.654330915764376 ], [ 120.998421813916138, 14.654100813603804 ], [ 120.998179133358349, 14.653693377437719 ], [ 120.997941139848876, 14.653267152698504 ], [ 120.997811087967762, 14.652978634239389 ], [ 120.997743513335308, 14.652821419788722 ], [ 120.997176620752839, 14.65148201111765 ], [ 120.996765929244475, 14.65046205959402 ], [ 120.995713980750452, 14.647945475965798 ], [ 120.995253115656851, 14.646880307709978 ], [ 120.994481846752251, 14.645109044840069 ], [ 120.994240828709735, 14.644550139594628 ], [ 120.994183311379288, 14.644405519870247 ], [ 120.993938925749717, 14.643838356630681 ], [ 120.993846423000036, 14.643839385000035 ], [ 120.993655674272077, 14.643829351510476 ], [ 120.993183895852212, 14.64382547403045 ], [ 120.9929733887152, 14.643827228256555 ], [ 120.992769459926308, 14.64382196557824 ], [ 120.99242212315005, 14.643800914864528 ], [ 120.992167760359507, 14.64378863528151 ], [ 120.99199584619771, 14.643783372603025 ], [ 120.991820423583476, 14.64378863528151 ], [ 120.991378684801589, 14.64382833694799 ], [ 120.991296951538857, 14.643842742194238 ], [ 120.991252847000055, 14.643760673000145 ], [ 120.991011979000177, 14.643340582000064 ], [ 120.990822364, 14.6430425100001 ], [ 120.990752794000173, 14.642910020000159 ], [ 120.990531985000075, 14.642514111000196 ], [ 120.990314316000081, 14.642103790000078 ], [ 120.990092767000192, 14.641657256999963 ], [ 120.989878475000182, 14.641234301000168 ], [ 120.989685241000188, 14.640797092000128 ], [ 120.989285439000014, 14.639923417000034 ], [ 120.989115341000115, 14.63949088600009 ], [ 120.988956664000057, 14.639024131000099 ], [ 120.988829155000076, 14.638585675999934 ], [ 120.98869597700002, 14.638115519999928 ], [ 120.988565105000021, 14.637680662000037 ], [ 120.988368628000217, 14.637724130000095 ], [ 120.988281848000156, 14.637731522000138 ], [ 120.988227431000041, 14.637725611000121 ], [ 120.988192080000204, 14.63771628000012 ], [ 120.988143349000325, 14.637686053000039 ], [ 120.988020066000331, 14.637593712000125 ], [ 120.987833238, 14.637447775999931 ], [ 120.987786358000221, 14.637422687000083 ], [ 120.987719950000042, 14.637404937000042 ], [ 120.987626312000089, 14.637392361999957 ], [ 120.987569535000148, 14.637390982999932 ], [ 120.987465057, 14.637392772 ], [ 120.987287443000014, 14.63743099900006 ], [ 120.987083104000135, 14.637523284000167 ], [ 120.987019520164154, 14.63751737146589 ], [ 120.985613480000211, 14.637142763000213 ], [ 120.985139090000189, 14.637029352000127 ], [ 120.984599065, 14.637031899000078 ], [ 120.984451082000078, 14.63703425 ], [ 120.984188089000099, 14.6370554290001 ], [ 120.984030486000279, 14.637075750000065 ], [ 120.983838091000052, 14.637145483000097 ], [ 120.983732260000124, 14.637204198999939 ], [ 120.983219942, 14.637426213000197 ], [ 120.983161618166832, 14.637445737289397 ], [ 120.982610571879945, 14.636297815557725 ], [ 120.982531775509642, 14.636466445607368 ], [ 120.98214506100021, 14.637355746000139 ], [ 120.981847216000119, 14.637762539000164 ], [ 120.981750774000147, 14.637870231000193 ], [ 120.981587054000101, 14.637881424000113 ], [ 120.98128142600001, 14.638640480000049 ], [ 120.980671686000051, 14.638645142000257 ], [ 120.980359826000154, 14.638655978000088 ], [ 120.980079820000128, 14.638570458000117 ], [ 120.979856396000059, 14.638580613000158 ], [ 120.979490795000061, 14.638570458000117 ], [ 120.978922250094911, 14.638573316660597 ], [ 120.978818621000073, 14.640853807000099 ], [ 120.978666196000177, 14.641235746 ], [ 120.97859269800017, 14.641557638 ], [ 120.978526613000099, 14.641902285000185 ], [ 120.978462671000102, 14.642326426000011 ], [ 120.978464157000076, 14.642807170000196 ], [ 120.978489245000219, 14.643358599000067 ], [ 120.978541373000098, 14.644726367000089 ], [ 120.978589293000141, 14.64611475200013 ], [ 120.978652492000151, 14.647509594000041 ], [ 120.978661722000197, 14.648497347000159 ], [ 120.978674448000106, 14.648871586000155 ], [ 120.978676210000117, 14.649223123000183 ], [ 120.978685855000094, 14.649588308000091 ], [ 120.978698437000048, 14.64993001400012 ], [ 120.97873096100011, 14.650996539000175 ], [ 120.978758982000045, 14.651705299000014 ], [ 120.978921224000146, 14.651699487000087 ], [ 120.979866319000052, 14.651656172000116 ], [ 120.980583694000075, 14.651617256000122 ], [ 120.980934617, 14.651614858000073 ], [ 120.981559274000119, 14.651595888000145 ], [ 120.982545384000332, 14.65157013400011 ], [ 120.983372176000216, 14.65153566500004 ], [ 120.983755655343771, 14.651531403331319 ], [ 120.983858810327547, 14.651523536299862 ], [ 120.98363990495011, 14.644404133594946 ], [ 120.983860322418764, 14.644400762889859 ], [ 120.984363223406831, 14.644423169369531 ], [ 120.985857820343881, 14.644378333220175 ], [ 120.988049212426404, 14.644294952538758 ], [ 120.990069268583966, 14.644194540289959 ], [ 120.990896982845584, 14.643966268515499 ], [ 120.990909943000133, 14.644326459000013 ], [ 120.990934519, 14.644770466000068 ], [ 120.99094979400013, 14.645225127000117 ], [ 120.990952753000101, 14.645230593000065 ], [ 120.990962135000132, 14.645694229000071 ], [ 120.990975211000205, 14.646191325000132 ], [ 120.990994228000091, 14.646624334000194 ], [ 120.990989908000074, 14.647123130000068 ], [ 120.991022682000107, 14.648524679000104 ], [ 120.991045960000065, 14.649767685000143 ], [ 120.991105864000019, 14.651307164000059 ], [ 120.99115084600021, 14.652579899000102 ], [ 120.991172087000109, 14.652735467000184 ], [ 120.991189499000143, 14.654091092000158 ], [ 120.991239643000199, 14.655658496000171 ], [ 120.990569765000032, 14.655649977999985 ], [ 120.99050933400008, 14.655655785000022 ], [ 120.990501960000188, 14.656556662000071 ], [ 120.990501977000122, 14.657068480000135 ], [ 120.990499940179461, 14.657191727717418 ], [ 120.993293219839643, 14.657223201291004 ], [ 120.993287587000168, 14.657346585000141 ], [ 120.993245677000118, 14.6596066890001 ], [ 120.993217723000043, 14.661910841000122 ], [ 120.993262393, 14.661982598000122 ], [ 120.993678979000038, 14.662294261000056 ], [ 120.993640526000149, 14.662341931000128 ], [ 120.993077744000175, 14.663111394000111 ], [ 120.992798874000187, 14.663474093000161 ], [ 120.992418705000091, 14.664000331000182 ], [ 120.992220560000078, 14.664294142000074 ], [ 120.992064475, 14.664512424000179 ], [ 120.991976201000057, 14.664693578000083 ], [ 120.991913608000118, 14.664868000000126 ], [ 120.992133120000176, 14.665034480000031 ], [ 120.992304120000085, 14.665176849000204 ], [ 120.992421120000017, 14.665318961000025 ], [ 120.992308116, 14.665472862000058 ], [ 120.992296269, 14.665491797000129 ], [ 120.992282198, 14.665524232000053 ], [ 120.992276105198926, 14.665547625266925 ], [ 120.992272987000092, 14.665571597000167 ], [ 120.992184879000092, 14.667184720000137 ], [ 120.992147008000074, 14.667806929 ], [ 120.99210025800005, 14.668525890000069 ], [ 120.991379389000031, 14.668235910000078 ], [ 120.990800889000298, 14.667912810000189 ], [ 120.990487758000086, 14.667808820000062 ], [ 120.990065758000128, 14.667679580000026 ], [ 120.989877508000063, 14.667643711000039 ], [ 120.989625508000131, 14.667582961000164 ], [ 120.989580139000054, 14.668187801000101 ], [ 120.989552518000096, 14.668760510000141 ], [ 120.989529018000098, 14.66930159900005 ], [ 120.989537018000078, 14.669898691000071 ], [ 120.989528366008585, 14.670227720444473 ], [ 120.989834751521471, 14.670464012645766 ], [ 120.990129454330258, 14.670714026544204 ], [ 120.990411867092121, 14.670977214841514 ], [ 120.990681230204927, 14.67125293857373 ], [ 120.990953555922601, 14.671598255385675 ], [ 120.99129441770765, 14.672149977033939 ], [ 120.991418473326576, 14.67232000071175 ], [ 120.9915581768322, 14.672478053163957 ], [ 120.991712392547811, 14.672622769322629 ], [ 120.991879753522085, 14.672752962812751 ], [ 120.992058816253461, 14.672867446596797 ], [ 120.99224798250259, 14.672965212995848 ], [ 120.992445652369042, 14.673045435014046 ], [ 120.992751966988408, 14.673172854543907 ], [ 120.992822843997715, 14.673206715470769 ], [ 120.992884870379612, 14.673254232691363 ], [ 120.993003397197981, 14.673391810610894 ], [ 120.993087896179873, 14.673645307556797 ], [ 120.99342340684359, 14.673973362428228 ], [ 120.993653070427172, 14.674109782235462 ], [ 120.994048465063884, 14.674306544348553 ], [ 120.994496177354335, 14.674478622377535 ], [ 120.995752014117329, 14.675057055603247 ], [ 120.996167138495025, 14.675330316668976 ], [ 120.996562295499189, 14.675722988408893 ], [ 120.996633100137274, 14.675669748177825 ], [ 120.996703648014318, 14.673031215253729 ], [ 120.997890794002615, 14.672747417000039 ], [ 120.997994189002725, 14.672744127000158 ], [ 120.998344744169685, 14.67254673268377 ], [ 120.998645443682904, 14.672416399585529 ], [ 120.999338948352261, 14.671722808395543 ], [ 120.999438886002736, 14.671643501 ], [ 121.000195702003452, 14.670899292000172 ], [ 121.000473284835152, 14.670478265477186 ] ] ] ] } },
{ "type": "Feature", "properties": { "RTA_ID": "JRTA229", "TIME": 20 }, "geometry": { "type": "MultiPolygon", "coordinates": [ [ [ [ 121.031707888020605, 14.662913207000258 ], [ 121.0315747160206, 14.66232925800017 ], [ 121.031019158020513, 14.662057007000271 ], [ 121.029884356020148, 14.661496170000362 ], [ 121.029686186020172, 14.660595368000259 ], [ 121.029600253020931, 14.66016333600021 ], [ 121.02914717802048, 14.658242249000295 ], [ 121.029052174020649, 14.657888133000313 ], [ 121.028730833020745, 14.656510611000215 ], [ 121.028615160020195, 14.655991001000189 ], [ 121.028596707817542, 14.655895969119513 ], [ 121.026512166021121, 14.656373279000206 ], [ 121.025865348020943, 14.656525570000269 ], [ 121.024281024236188, 14.656883987240349 ], [ 121.023001462283446, 14.657183589893464 ], [ 121.022510667170991, 14.657278927269317 ], [ 121.02200395581167, 14.657381118322974 ], [ 121.021730001024139, 14.656238678000193 ], [ 121.02092476802386, 14.656417475000296 ], [ 121.020421737023867, 14.656514351000169 ], [ 121.019965752024063, 14.656618998000226 ], [ 121.019488864023856, 14.656731790000151 ], [ 121.019266269023205, 14.656228103000274 ], [ 121.019068899023523, 14.655680809000273 ], [ 121.018834938023133, 14.655045449000283 ], [ 121.018728292023184, 14.654492628000298 ], [ 121.018397133023541, 14.6521706380002 ], [ 121.018134724023412, 14.650532502000203 ], [ 121.017967783023323, 14.649287095000261 ], [ 121.017788103023236, 14.648171098000205 ], [ 121.017526881024537, 14.64660307000031 ], [ 121.016740486024219, 14.646641039000201 ], [ 121.015807225023877, 14.646751738000376 ], [ 121.014921674024549, 14.646247930000243 ], [ 121.014103106024322, 14.645922458000314 ], [ 121.013304904023698, 14.645739959000252 ], [ 121.012417511023727, 14.645525303000227 ], [ 121.01148865138191, 14.645376408742777 ], [ 121.009580862268194, 14.648006681583183 ], [ 121.009682606011665, 14.648204484000303 ], [ 121.009850587023379, 14.648592365000184 ], [ 121.009912005023011, 14.648765246000153 ], [ 121.009922625023137, 14.64888742900024 ], [ 121.009891553023181, 14.649665676000268 ], [ 121.009854472022766, 14.650922394000304 ], [ 121.009884044022897, 14.651393065000264 ], [ 121.009929539023346, 14.651635706000206 ], [ 121.009987166023052, 14.651908676000232 ], [ 121.010029628022835, 14.652063359000294 ], [ 121.010042708023207, 14.652123194000183 ], [ 121.010117585022613, 14.652354527000227 ], [ 121.010226773022396, 14.652639629000191 ], [ 121.010354159022427, 14.65296112700031 ], [ 121.01065777002259, 14.653626871000199 ], [ 121.010816850022252, 14.654039683000235 ], [ 121.010845776171891, 14.654090856354287 ], [ 121.010879817271643, 14.654138779603329 ], [ 121.010918611517695, 14.654182943398098 ], [ 121.010961746587441, 14.654222878345877 ], [ 121.011018065022313, 14.654266344000234 ], [ 121.011074282195068, 14.654318354582585 ], [ 121.011128219866464, 14.654372725519465 ], [ 121.0111797790222, 14.654429357000311 ], [ 121.011221871804764, 14.654479451014424 ], [ 121.011365945022249, 14.654659327000161 ], [ 121.011465248022205, 14.654800642000225 ], [ 121.01153804002206, 14.654938138000205 ], [ 121.011618920022215, 14.655132250000293 ], [ 121.011665009021499, 14.655458802000339 ], [ 121.011638691000144, 14.65575570100026 ], [ 121.011144652000212, 14.657382952000205 ], [ 121.011024796758875, 14.657485982666117 ], [ 121.012028208981519, 14.657497871436476 ], [ 121.016848760753192, 14.657611279904472 ], [ 121.019869080397712, 14.657636519344351 ], [ 121.021619014899102, 14.657451430118272 ], [ 121.021948782358663, 14.658598490616612 ], [ 121.02162649100012, 14.658659588000319 ], [ 121.021176082000125, 14.658692314000177 ], [ 121.020697585000335, 14.658748716000218 ], [ 121.020017831000246, 14.658767253000235 ], [ 121.019930693245101, 14.658777243813745 ], [ 121.02006414543996, 14.660678937590944 ], [ 121.020170907196416, 14.661459632930985 ], [ 121.020464502024652, 14.661599757735701 ], [ 121.020617972048967, 14.661646466003901 ], [ 121.021738970485899, 14.661646466003901 ], [ 121.022085946192647, 14.661666483833073 ], [ 121.022366195801851, 14.661733209930617 ], [ 121.022900004581516, 14.661946733442335 ], [ 121.023160236361605, 14.662100203466423 ], [ 121.023720735580014, 14.662794154879919 ], [ 121.023820824726272, 14.662914261855292 ], [ 121.023987639969846, 14.663021023611179 ], [ 121.024134437384078, 14.663027696221036 ], [ 121.024287907408279, 14.663014351001493 ], [ 121.024461395261824, 14.662940952294321 ], [ 121.024821716187716, 14.662694065733717 ], [ 121.025188709724034, 14.662420488734256 ], [ 121.025468959333125, 14.662267018710168 ], [ 121.025569048479724, 14.662247000880825 ], [ 121.025735863723298, 14.662260346100311 ], [ 121.025842625478958, 14.662327072197854 ], [ 121.026042803771247, 14.6625139052706 ], [ 121.026576612550798, 14.663174493635438 ], [ 121.026830171720803, 14.663381344537527 ], [ 121.027043695232919, 14.6635014515129 ], [ 121.027163802208293, 14.663541487171244 ], [ 121.027370653110324, 14.663521469342072 ], [ 121.027564158792984, 14.663421380195871 ], [ 121.027837735792446, 14.663227874513268 ], [ 121.027991205816647, 14.663061059269694 ], [ 121.028097967572535, 14.662987660562521 ], [ 121.028238092377137, 14.662934279684634 ], [ 121.028451615889026, 14.662900916635806 ], [ 121.028825282034745, 14.662874226196948 ], [ 121.029225638619209, 14.662947624904007 ], [ 121.029452507350697, 14.663054386660065 ], [ 121.029719411740302, 14.663274582781469 ], [ 121.029999661349734, 14.663534814561615 ], [ 121.030299928788168, 14.663648248927302 ], [ 121.030546815348998, 14.663688284585646 ], [ 121.030907136275118, 14.663688284585646 ], [ 121.03105393368935, 14.663741665463704 ], [ 121.031154022835381, 14.663828409390419 ], [ 121.031701176834645, 14.664629122559745 ], [ 121.032108206028852, 14.665423163119272 ], [ 121.032288366491912, 14.665636686631046 ], [ 121.032437151778254, 14.665760674369551 ], [ 121.032340779021411, 14.665219994000267 ], [ 121.031984084020905, 14.663996664000308 ], [ 121.031707888020605, 14.662913207000258 ] ] ] ] } },
{ "type": "Feature", "properties": { "RTA_ID": "JRTA233", "TIME": 20 }, "geometry": { "type": "MultiPolygon", "coordinates": [ [ [ [ 121.066413682000643, 14.579849658000512 ], [ 121.066010057000312, 14.579817413000455 ], [ 121.065524932000471, 14.579841414000555 ], [ 121.064969058000656, 14.579875666000532 ], [ 121.063840317000199, 14.579896103000181 ], [ 121.06378443910296, 14.579899132200183 ], [ 121.063818150708926, 14.581025099848205 ], [ 121.063837472746741, 14.582256879739305 ], [ 121.063854379528948, 14.58436901996447 ], [ 121.063884867587149, 14.585253281307928 ], [ 121.063891465423922, 14.586374913650673 ], [ 121.063881568667966, 14.586873050367615 ], [ 121.063888166505535, 14.587555926529092 ], [ 121.063916192503598, 14.588835571256709 ], [ 121.063520828648166, 14.589003302661638 ], [ 121.062964890555122, 14.589444578523171 ], [ 121.061817515813914, 14.590422253247084 ], [ 121.061876204000328, 14.590481985000338 ], [ 121.061900049000428, 14.590499917000386 ], [ 121.061925252000378, 14.590515882000375 ], [ 121.062465221000025, 14.590639319000388 ], [ 121.066698882000196, 14.591589284000406 ], [ 121.068094634000659, 14.591916130000413 ], [ 121.069557765000127, 14.592992052000284 ], [ 121.069705195000552, 14.593004404000396 ], [ 121.070590515002095, 14.593091415000231 ], [ 121.070907515001977, 14.593120661000341 ], [ 121.071047390000672, 14.593165158000545 ], [ 121.071219725001924, 14.593231275000278 ], [ 121.071222014001137, 14.592998542000259 ], [ 121.071307920002027, 14.59201759600046 ], [ 121.07146342300166, 14.590193878000207 ], [ 121.071486055661467, 14.589207930696659 ], [ 121.071290360098601, 14.589194838248659 ], [ 121.067777903675847, 14.588921467200578 ], [ 121.06774416000053, 14.587401159000535 ], [ 121.067751089000126, 14.58491495300035 ], [ 121.067744917000368, 14.584413908000329 ], [ 121.067749846000197, 14.584204510000234 ], [ 121.067755081000541, 14.583780150000337 ], [ 121.06774645100063, 14.582994825000242 ], [ 121.067725069000858, 14.5818595220004 ], [ 121.067711442000132, 14.581559417000335 ], [ 121.067714565000301, 14.581276685000375 ], [ 121.067741814000556, 14.581050824000442 ], [ 121.067785063000542, 14.580897708000407 ], [ 121.067853312000238, 14.580752592000465 ], [ 121.067972185000031, 14.580525981000619 ], [ 121.06715255800043, 14.580080889000556 ], [ 121.066685557000824, 14.579922402000363 ], [ 121.066413682000643, 14.579849658000512 ] ] ] ] } },
{ "type": "Feature", "properties": { "RTA_ID": "JRTA12", "TIME": 30 }, "geometry": { "type": "MultiPolygon", "coordinates": [ [ [ [ 121.051790704381574, 14.547400868751197 ], [ 121.052550059811665, 14.547239038905502 ], [ 121.053421451288955, 14.547297131670575 ], [ 121.05419349689862, 14.547361356504894 ], [ 121.054145399000504, 14.547290235000673 ], [ 121.053936807000127, 14.546699252000508 ], [ 121.053909927000745, 14.546635415000821 ], [ 121.05387922400007, 14.546573327000658 ], [ 121.053844810000328, 14.546513216000392 ], [ 121.053806813000733, 14.546455304000574 ], [ 121.053763614000445, 14.546397598000794 ], [ 121.05371685700004, 14.546342735000792 ], [ 121.053590142000303, 14.546211047000725 ], [ 121.053510449000555, 14.546134259000212 ], [ 121.053427776000376, 14.546060689000342 ], [ 121.053342251001027, 14.545990454000673 ], [ 121.053271236000569, 14.545936274000439 ], [ 121.053180714000177, 14.545872213000735 ], [ 121.053074011000149, 14.545803329000364 ], [ 121.052964285000485, 14.54573937000049 ], [ 121.052851764000138, 14.545680467000693 ], [ 121.052729616000875, 14.5456236520007 ], [ 121.052608770000461, 14.545574279000789 ], [ 121.052485747000674, 14.54553061000081 ], [ 121.052360817000817, 14.545492740000157 ], [ 121.051676480000424, 14.54549019700039 ], [ 121.051541932000305, 14.545496248000802 ], [ 121.051407764000032, 14.545508019000806 ], [ 121.051274218, 14.545525490000557 ], [ 121.051141536000387, 14.545548629000791 ], [ 121.051009960000783, 14.545577394000588 ], [ 121.050879727000847, 14.545611732000793 ], [ 121.050751074000232, 14.54565158300079 ], [ 121.050624233000576, 14.545696873000793 ], [ 121.050266426000462, 14.545985037000662 ], [ 121.049868005000803, 14.546309756000255 ], [ 121.049647574000232, 14.546478338000725 ], [ 121.049411203000659, 14.546616291000305 ], [ 121.049137079000275, 14.546745034000764 ], [ 121.049066811001126, 14.54676539700074 ], [ 121.048726388920727, 14.546848490024047 ], [ 121.048567267905696, 14.546843763657193 ], [ 121.048383727327405, 14.546816193183645 ], [ 121.048169635000249, 14.546760423000705 ], [ 121.047968594776762, 14.546686218096966 ], [ 121.047846496968191, 14.546625563055784 ], [ 121.04762593318344, 14.546462503401472 ], [ 121.047362832097633, 14.546227760516786 ], [ 121.046935095901745, 14.545759062474986 ], [ 121.046602674769701, 14.545460513638488 ], [ 121.046397865542531, 14.545355745841391 ], [ 121.046009515735818, 14.545228133937599 ], [ 121.045731499000226, 14.545165987000757 ], [ 121.045370999000511, 14.545111405000682 ], [ 121.045317214242345, 14.545105580447228 ], [ 121.045010058236471, 14.54599271883751 ], [ 121.044694355458773, 14.546886647048268 ], [ 121.044409312010202, 14.547775042325952 ], [ 121.043792046553676, 14.5494335636036 ], [ 121.043743148234626, 14.549766135938114 ], [ 121.043709041290299, 14.550021886090349 ], [ 121.044043619202739, 14.549919605068112 ], [ 121.046168154613497, 14.549226641369785 ], [ 121.047732509788489, 14.548720404416429 ], [ 121.050114313159384, 14.547940301570293 ], [ 121.051359158126388, 14.547541951180847 ], [ 121.051790704381574, 14.547400868751197 ] ] ] ] } },
{ "type": "Feature", "properties": { "RTA_ID": "JRTA235", "TIME": 20 }, "geometry": { "type": "MultiPolygon", "coordinates": [ [ [ [ 121.071041245810989, 14.579430731147852 ], [ 121.070829390128665, 14.57996334029292 ], [ 121.070508162892907, 14.580934160383379 ], [ 121.070496265587735, 14.581055512894693 ], [ 121.070655689475188, 14.582954322777368 ], [ 121.070722314383261, 14.583813308200433 ], [ 121.070815113362414, 14.584900721880047 ], [ 121.070903153419636, 14.58605476046796 ], [ 121.07100784970396, 14.587275423963888 ], [ 121.071124443293343, 14.588607922127096 ], [ 121.071160436860168, 14.589184720967808 ], [ 121.071486055661467, 14.589207930696659 ], [ 121.075751796378199, 14.589557398764498 ], [ 121.076898378000237, 14.589653821000184 ], [ 121.077093258000332, 14.589653821000184 ], [ 121.077349277000167, 14.589665284000205 ], [ 121.077853673000277, 14.589680569000279 ], [ 121.079937615000404, 14.589774069000214 ], [ 121.080658615000061, 14.589820562000227 ], [ 121.080971891000559, 14.589862711000251 ], [ 121.081685339000273, 14.58998919200036 ], [ 121.082458598000358, 14.59017122600028 ], [ 121.082975119952721, 14.590268589788991 ], [ 121.082989238992354, 14.59020318425712 ], [ 121.083455199490004, 14.588227166590684 ], [ 121.083576004063502, 14.587433307964716 ], [ 121.083579534522642, 14.586984057075426 ], [ 121.080293726000491, 14.587657327000215 ], [ 121.079970773000127, 14.587764352000306 ], [ 121.07983746022478, 14.587799698443007 ], [ 121.079664925937436, 14.587274070730643 ], [ 121.079448254972363, 14.586752455443673 ], [ 121.07915534792653, 14.586110467398214 ], [ 121.078858428455305, 14.585504591180211 ], [ 121.078152241605153, 14.584409199077527 ], [ 121.076573327487608, 14.582116370476058 ], [ 121.074151209627075, 14.578616346760896 ], [ 121.073439665003662, 14.577512936982771 ], [ 121.073362074000215, 14.57756419500015 ], [ 121.07300816600025, 14.577853745000141 ], [ 121.07252666900024, 14.578268097000148 ], [ 121.071805173000257, 14.578846064000118 ], [ 121.071243301000322, 14.579355535000218 ], [ 121.071041245810989, 14.579430731147852 ] ] ] ] } },
{ "type": "Feature", "properties": { "RTA_ID": "JRTA236", "TIME": 20 }, "geometry": { "type": "MultiPolygon", "coordinates": [ [ [ [ 121.090174838302687, 14.587559340102075 ], [ 121.090105235492842, 14.586813678781652 ], [ 121.091367943000705, 14.58665859700028 ], [ 121.092130572000656, 14.586678558000244 ], [ 121.09260830700066, 14.586640880000516 ], [ 121.093668035244491, 14.58678311255602 ], [ 121.09410372151342, 14.585476053749403 ], [ 121.0948166626805, 14.583636764557525 ], [ 121.09553892455483, 14.582235522053622 ], [ 121.096952910374057, 14.580350207628157 ], [ 121.099230998638177, 14.577345487762898 ], [ 121.104140671621963, 14.570535771334448 ], [ 121.107092547930506, 14.566355612408245 ], [ 121.104528956528952, 14.565522052014387 ], [ 121.104185176693704, 14.565616591469052 ], [ 121.103367558129207, 14.565918271703083 ], [ 121.102551752466184, 14.565805871811733 ], [ 121.101870101512191, 14.565693471920383 ], [ 121.101217456981772, 14.565138724069527 ], [ 121.101025289425593, 14.564547718189203 ], [ 121.100963650775498, 14.564504208553842 ], [ 121.100873005701828, 14.564486079539108 ], [ 121.100517677013045, 14.564605731036352 ], [ 121.100441535151162, 14.564612982642245 ], [ 121.100379896501067, 14.564580350415724 ], [ 121.100350890077493, 14.564529589174469 ], [ 121.100126090294793, 14.563869693037987 ], [ 121.099226084000065, 14.563430593000589 ], [ 121.099065117000578, 14.563098804000219 ], [ 121.098715389000176, 14.562405693000528 ], [ 121.09860521100029, 14.562469470000565 ], [ 121.098458225000627, 14.562475651000454 ], [ 121.098306011000318, 14.562453356000105 ], [ 121.098155002000681, 14.562423991000287 ], [ 121.098005526000748, 14.562387619000447 ], [ 121.097857908000606, 14.562344319000601 ], [ 121.097712468000054, 14.562294185000383 ], [ 121.097125694000397, 14.562106682000376 ], [ 121.096931394000308, 14.562050916000203 ], [ 121.09678768300023, 14.562015239 ], [ 121.096702157000436, 14.561990041000229 ], [ 121.096507034000751, 14.561939302000383 ], [ 121.095333009000683, 14.561589102000539 ], [ 121.09440167500054, 14.561316918000045 ], [ 121.094319176000226, 14.561480783000547 ], [ 121.094137054000385, 14.561882259000015 ], [ 121.094092432000025, 14.562250610000206 ], [ 121.092836433000116, 14.562404858000548 ], [ 121.092171934000703, 14.562468107999905 ], [ 121.091758684000411, 14.562518982000029 ], [ 121.09129656000016, 14.5625693570002 ], [ 121.090875560000313, 14.562589484 ], [ 121.090551685000491, 14.562601235000386 ], [ 121.090439934000756, 14.562471994000589 ], [ 121.090314059000548, 14.562355376999903 ], [ 121.089901561000374, 14.562679109000044 ], [ 121.089989437000099, 14.562802725000324 ], [ 121.09003581200011, 14.562882720000459 ], [ 121.090087564000555, 14.563132579000296 ], [ 121.09009969000067, 14.563268195000319 ], [ 121.090085815000293, 14.563334941000335 ], [ 121.090039066000031, 14.563473682000506 ], [ 121.089992442000494, 14.563565552000114 ], [ 121.089863193000724, 14.563748790999909 ], [ 121.089726694000205, 14.563849785000457 ], [ 121.089626944000429, 14.563889658000107 ], [ 121.089447569000413, 14.563924407000229 ], [ 121.089256695000131, 14.563953531000152 ], [ 121.087858947000427, 14.564180650000026 ], [ 121.087250197000117, 14.564155781000011 ], [ 121.085477695, 14.563833062000583 ], [ 121.084951571000261, 14.563807942000096 ], [ 121.084849571000291, 14.563833440999986 ], [ 121.084711571000298, 14.563872063999895 ], [ 121.084565321000014, 14.56393681100019 ], [ 121.084392447000369, 14.564043804999983 ], [ 121.084299323000209, 14.564116301000297 ], [ 121.084153074000369, 14.564316664000444 ], [ 121.083917578000751, 14.564851507000412 ], [ 121.083600082000771, 14.565561838000292 ], [ 121.083520458000748, 14.565699455000015 ], [ 121.083417584000586, 14.565773701000296 ], [ 121.083331459000419, 14.565772077000531 ], [ 121.083229959000278, 14.565734205000581 ], [ 121.082855332, 14.565538594000486 ], [ 121.082316956000227, 14.565266740000538 ], [ 121.081981455000687, 14.565102128000603 ], [ 121.08179408000035, 14.565023759000269 ], [ 121.081590454000434, 14.56496976300042 ], [ 121.081308704000207, 14.564936767000518 ], [ 121.080901329000426, 14.564893648000577 ], [ 121.080295079000393, 14.564836280000463 ], [ 121.080199707000702, 14.565222256000595 ], [ 121.080164209000372, 14.565525611999931 ], [ 121.080073462000655, 14.566038205000154 ], [ 121.080033962000584, 14.566090325999937 ], [ 121.079306092000365, 14.566750289000311 ], [ 121.079595092000091, 14.566875529000356 ], [ 121.079868218000229, 14.567016018000345 ], [ 121.080249095000113, 14.567236877000198 ], [ 121.08049659600033, 14.567505608000317 ], [ 121.080721348000225, 14.567774965000353 ], [ 121.080944975000307, 14.568128441000283 ], [ 121.081375730000332, 14.568947886000331 ], [ 121.082014363000326, 14.570145181000328 ], [ 121.082552494000424, 14.571214985000211 ], [ 121.082739996000328, 14.571597959000258 ], [ 121.082247747000338, 14.57168245700035 ], [ 121.081781248000311, 14.571750955000141 ], [ 121.08128087300031, 14.571801955000296 ], [ 121.080453249000129, 14.571870081000213 ], [ 121.080214749000106, 14.571872707000296 ], [ 121.079964875000314, 14.571885958000223 ], [ 121.079698125000277, 14.571924457000307 ], [ 121.079506625000136, 14.571938207000358 ], [ 121.079398000000538, 14.571953582000333 ], [ 121.079148375000159, 14.571951584000317 ], [ 121.079031501000259, 14.571990457000254 ], [ 121.078881126000169, 14.572045204000062 ], [ 121.078722626000285, 14.572060204000252 ], [ 121.078589376000423, 14.57208257900021 ], [ 121.07848075200036, 14.572098828000264 ], [ 121.07834712700037, 14.572154701000329 ], [ 121.078171627000415, 14.572208323000325 ], [ 121.077904253000497, 14.572302819000356 ], [ 121.077814752000222, 14.572133080000242 ], [ 121.07766750000053, 14.571847224000237 ], [ 121.077447623000126, 14.571390880000308 ], [ 121.077273748000039, 14.571424629000319 ], [ 121.077048623000223, 14.571437254000216 ], [ 121.076634248000346, 14.571463630000267 ], [ 121.076315249000231, 14.57150362900029 ], [ 121.076233874000422, 14.571532753000213 ], [ 121.076057500000388, 14.571611749000169 ], [ 121.075662501000465, 14.571772866000288 ], [ 121.07491697466719, 14.571959954906617 ], [ 121.075057124407635, 14.572457855299888 ], [ 121.075315991350863, 14.573105022657785 ], [ 121.075807838542573, 14.573993799162622 ], [ 121.076178881161354, 14.574448973538324 ], [ 121.077102173258822, 14.575199687673091 ], [ 121.078761078919797, 14.57654363855363 ], [ 121.07958945313851, 14.57718217701364 ], [ 121.080245249394352, 14.577827187146909 ], [ 121.080883787854532, 14.578616731323791 ], [ 121.081375635046243, 14.579531394523372 ], [ 121.081893368932583, 14.580610006786344 ], [ 121.082411102818924, 14.581912970401049 ], [ 121.082730372049355, 14.582808218579203 ], [ 121.083187703648832, 14.584318275747933 ], [ 121.083524230675039, 14.585739886711281 ], [ 121.084426340000505, 14.586299638000526 ], [ 121.084764139000299, 14.587307655999894 ], [ 121.086054470000249, 14.587190821000263 ], [ 121.086334594000391, 14.58701208100058 ], [ 121.087687093000113, 14.58697607500045 ], [ 121.087709218000441, 14.586978200000374 ], [ 121.087753468000187, 14.586990447999938 ], [ 121.08791609400032, 14.587060443000496 ], [ 121.087958344000526, 14.587072566999893 ], [ 121.088040844000489, 14.587083066000503 ], [ 121.088304969000433, 14.587055691000273 ], [ 121.088329218000126, 14.587050066000074 ], [ 121.088742996592941, 14.586980984697107 ], [ 121.088903063521911, 14.587695225445941 ], [ 121.090174838302687, 14.587559340102075 ] ] ] ] } },
{ "type": "Feature", "properties": { "RTA_ID": "JRTA235", "TIME": 30 }, "geometry": { "type": "MultiPolygon", "coordinates": [ [ [ [ 121.073362074000215, 14.577564195000093 ], [ 121.073439665003775, 14.577512936982885 ], [ 121.074151209627189, 14.578616346761009 ], [ 121.076573327487608, 14.582116370476115 ], [ 121.078152241605267, 14.584409199077584 ], [ 121.078858428455419, 14.585504591180324 ], [ 121.079155347926644, 14.586110467398328 ], [ 121.079448254972476, 14.586752455443786 ], [ 121.07966492593755, 14.587274070730757 ], [ 121.07983746022478, 14.58779969844295 ], [ 121.079970773000241, 14.587764352000363 ], [ 121.080293726000605, 14.587657327000329 ], [ 121.083579534522755, 14.58698405707554 ], [ 121.083584632961674, 14.586335280680771 ], [ 121.083524230675039, 14.585739886711281 ], [ 121.083187703648832, 14.584318275748274 ], [ 121.082730372049241, 14.582808218579544 ], [ 121.082411102818924, 14.581912970400879 ], [ 121.081893368932583, 14.580610006786685 ], [ 121.081375635046243, 14.579531394523201 ], [ 121.080883787854191, 14.578616731323791 ], [ 121.080245249394352, 14.577827187146909 ], [ 121.079589453138283, 14.57718217701364 ], [ 121.078761078919797, 14.57654363855363 ], [ 121.077102173258822, 14.575199687673432 ], [ 121.076178881161468, 14.574448973538153 ], [ 121.075807838542573, 14.573993799162963 ], [ 121.075315991350521, 14.573105022657785 ], [ 121.075057124407522, 14.572457855299888 ], [ 121.07472922627926, 14.571292954055423 ], [ 121.074457465693513, 14.570199726242606 ], [ 121.073895243000266, 14.570394590000433 ], [ 121.071641922000254, 14.571114316000489 ], [ 121.071567139358308, 14.571136899420083 ], [ 121.071182283577741, 14.569512965873173 ], [ 121.071124488000237, 14.569561160000262 ], [ 121.07012486900021, 14.570319243000199 ], [ 121.069680371000231, 14.570662723000169 ], [ 121.06924662300014, 14.570977956000206 ], [ 121.069125124000038, 14.571062951000272 ], [ 121.068767126000239, 14.571343686000318 ], [ 121.068522377000136, 14.571524301000238 ], [ 121.068175254000494, 14.571725040000217 ], [ 121.067875755000046, 14.571893906000355 ], [ 121.067046132000314, 14.572197892000247 ], [ 121.06689788200049, 14.572184893000326 ], [ 121.066851881000503, 14.572062526000252 ], [ 121.066774753000345, 14.571496313000239 ], [ 121.066604491000021, 14.570485060000294 ], [ 121.0665523450009, 14.570228093000651 ], [ 121.066516165000621, 14.570255263000377 ], [ 121.066266445000565, 14.570456214000217 ], [ 121.066095372000177, 14.57060237400043 ], [ 121.064594631000773, 14.571849679000138 ], [ 121.064297070000748, 14.572118414000613 ], [ 121.063500148376534, 14.572829321747349 ], [ 121.06350731128191, 14.572839751942524 ], [ 121.063503310651413, 14.572843405978176 ], [ 121.063540111000407, 14.572887830000525 ], [ 121.063951266000231, 14.573338963000424 ], [ 121.064983023000423, 14.574491633000775 ], [ 121.065305400000511, 14.574841359000402 ], [ 121.065716403000351, 14.575307452000686 ], [ 121.066250782000338, 14.576018528000191 ], [ 121.066099910000503, 14.576392255000655 ], [ 121.065997161000041, 14.576578619000259 ], [ 121.065874663000386, 14.576844978000565 ], [ 121.066170484000509, 14.57694070300073 ], [ 121.066456418000712, 14.577054293000344 ], [ 121.066871665000463, 14.577274320000356 ], [ 121.06721666600049, 14.577517677000685 ], [ 121.067567293000707, 14.577840404000654 ], [ 121.067857421000554, 14.57822050300075 ], [ 121.06808154700002, 14.578495359000385 ], [ 121.068325799000604, 14.578771215000131 ], [ 121.068517425000209, 14.578980576000674 ], [ 121.068782052000756, 14.579230433000646 ], [ 121.067972185000031, 14.580525981000733 ], [ 121.067853312000238, 14.580752592000408 ], [ 121.067785063000429, 14.580897708000293 ], [ 121.067741814000669, 14.581050824000386 ], [ 121.067714565000301, 14.581276685000319 ], [ 121.067711442000132, 14.581559417000278 ], [ 121.06772506900063, 14.581859522000343 ], [ 121.06774645100063, 14.582994825000185 ], [ 121.067755081000428, 14.583780150000223 ], [ 121.067749846000197, 14.584204510000177 ], [ 121.067744917000482, 14.584413908000272 ], [ 121.067751089000126, 14.584914953000236 ], [ 121.06774416000053, 14.587401159000422 ], [ 121.067777903675733, 14.588921467200464 ], [ 121.071160436860282, 14.589184720967921 ], [ 121.071124443293456, 14.58860792212721 ], [ 121.071007849704074, 14.587275423963831 ], [ 121.070903153419749, 14.586054760468073 ], [ 121.070815113362528, 14.58490072188016 ], [ 121.070722314383374, 14.583813308200547 ], [ 121.070655689475302, 14.582954322777482 ], [ 121.070496265587849, 14.581055512894807 ], [ 121.07050816289302, 14.580934160383492 ], [ 121.070829390128779, 14.579963340293034 ], [ 121.071041245811102, 14.579430731147966 ], [ 121.071243301000322, 14.579355535000161 ], [ 121.071805173000485, 14.578846064000231 ], [ 121.072526669000354, 14.578268097000262 ], [ 121.07300816600025, 14.577853745000255 ], [ 121.073362074000215, 14.577564195000093 ] ] ] ] } },
{ "type": "Feature", "properties": { "RTA_ID": "JRTA196", "TIME": 30 }, "geometry": { "type": "MultiPolygon", "coordinates": [ [ [ [ 121.077422696571034, 14.543034053655333 ], [ 121.077504247374122, 14.542775716019435 ], [ 121.076734992932415, 14.542933627713808 ], [ 121.075373370949251, 14.542982163102863 ], [ 121.075213195634774, 14.542979852629458 ], [ 121.075058871732494, 14.542937925367085 ], [ 121.074920704432316, 14.542858995929691 ], [ 121.074706534655206, 14.542634154608493 ], [ 121.074523793497974, 14.54238445355611 ], [ 121.074375353300866, 14.542113891971951 ], [ 121.07422783336051, 14.541913722532342 ], [ 121.074052501229744, 14.54173609313159 ], [ 121.073852843642385, 14.54158473684231 ], [ 121.07363304124317, 14.541462759976355 ], [ 121.073543830549852, 14.541305083783527 ], [ 121.073487481635425, 14.541133673268064 ], [ 121.073483953961272, 14.541117019384274 ], [ 121.07346608147725, 14.540954870290477 ], [ 121.073467112223852, 14.540941868007167 ], [ 121.073465919890509, 14.540929389550854 ], [ 121.073480489192889, 14.540775458357189 ], [ 121.073482892943161, 14.540762919130827 ], [ 121.073530112047251, 14.540602028309593 ], [ 121.073582470376209, 14.540466026688819 ], [ 121.073587474446526, 14.540444744654167 ], [ 121.073590584659769, 14.54040365983758 ], [ 121.073601162197633, 14.540321887452592 ], [ 121.073598464484121, 14.540297741137067 ], [ 121.073599933301011, 14.540278327425369 ], [ 121.073592228647158, 14.540240496692888 ], [ 121.073585635396284, 14.540180358027442 ], [ 121.073572491728441, 14.540143386080899 ], [ 121.073566621148416, 14.540114605687506 ], [ 121.073552100305847, 14.540086476960255 ], [ 121.073537686770237, 14.540045970818881 ], [ 121.073507036869842, 14.539998735385893 ], [ 121.073489883343768, 14.539965434906208 ], [ 121.073474800940176, 14.539949137737779 ], [ 121.073459627425109, 14.539925701969594 ], [ 121.073402194225764, 14.539870566242143 ], [ 121.073375212491669, 14.539841431476646 ], [ 121.073365473553395, 14.539835297742059 ], [ 121.073355534895313, 14.539825728968538 ], [ 121.073300797862544, 14.539794920228815 ], [ 121.073230947141155, 14.539751428140448 ], [ 121.072612022959561, 14.539468398309054 ], [ 121.074651081112734, 14.536250008686181 ], [ 121.074280621004277, 14.535435727000561 ], [ 121.072696140560424, 14.536225743177113 ], [ 121.072286873267331, 14.536349475149507 ], [ 121.071772909690026, 14.536273332396945 ], [ 121.071439785149096, 14.536025868452498 ], [ 121.071287499644541, 14.535730815287877 ], [ 121.070925821572132, 14.535302512306885 ], [ 121.069985621, 14.535161521000418 ], [ 121.069780874000116, 14.535572871000511 ], [ 121.069384254000397, 14.536342199000387 ], [ 121.069246162459649, 14.536622817720115 ], [ 121.06838100600055, 14.536587689000271 ], [ 121.067654881000067, 14.536594693000495 ], [ 121.06718580535437, 14.536563863478648 ], [ 121.067167920087059, 14.536745459400777 ], [ 121.066916784975774, 14.537177053420294 ], [ 121.066550364442037, 14.537576605719494 ], [ 121.066086036889715, 14.537952711037008 ], [ 121.065565990031246, 14.53858883978387 ], [ 121.065412761938546, 14.538793143906616 ], [ 121.065221754763229, 14.539000657875476 ], [ 121.066480547000424, 14.54011964300048 ], [ 121.067232449000471, 14.540756221000208 ], [ 121.067374906000623, 14.540376951000269 ], [ 121.068369864410329, 14.538398424234742 ], [ 121.06945764200043, 14.538392943000247 ], [ 121.070801808000397, 14.538367905000484 ], [ 121.071390398000631, 14.538350553000328 ], [ 121.071746238000287, 14.538349342000458 ], [ 121.071856066000464, 14.538342631000376 ], [ 121.072032887000432, 14.538349264000487 ], [ 121.072103937000406, 14.538350090000165 ], [ 121.072471213956533, 14.538418918544096 ], [ 121.072327768000264, 14.538773901000354 ], [ 121.072440519000565, 14.538909642000476 ], [ 121.072286770000346, 14.538991012000452 ], [ 121.072168145000433, 14.539042385000357 ], [ 121.071985895000125, 14.539100257000371 ], [ 121.071926521000364, 14.539128006000226 ], [ 121.071864539000217, 14.539184432000468 ], [ 121.071825598000373, 14.539264951000462 ], [ 121.071671969000363, 14.539688592000459 ], [ 121.07173788700004, 14.539731424000422 ], [ 121.071715969000479, 14.539915381000469 ], [ 121.071781797000654, 14.539936791000457 ], [ 121.07209376600008, 14.540116303000389 ], [ 121.072106949000499, 14.540163393000398 ], [ 121.072099379000633, 14.540425463000417 ], [ 121.072249848000297, 14.540393334000328 ], [ 121.072304758000314, 14.540497084000378 ], [ 121.07233547600049, 14.540569842000366 ], [ 121.072432226000501, 14.540847873000359 ], [ 121.072423449000098, 14.54088213100033 ], [ 121.072348746000216, 14.540912073000356 ], [ 121.072010598000134, 14.541151823000462 ], [ 121.071949098000346, 14.541079073000276 ], [ 121.071913976000133, 14.541061994000415 ], [ 121.071843637000256, 14.541087694000396 ], [ 121.071786539000868, 14.541074873000468 ], [ 121.071701483966535, 14.541125225956932 ], [ 121.072023852827328, 14.541750879625567 ], [ 121.072296073295092, 14.542125182768359 ], [ 121.072524544044427, 14.542363375677326 ], [ 121.072806486671539, 14.542552957788757 ], [ 121.073171067654698, 14.542703651261718 ], [ 121.07376411938742, 14.542927260931549 ], [ 121.074162727928979, 14.543092537643645 ], [ 121.074712029943839, 14.543277258675403 ], [ 121.07513494388445, 14.543530034823846 ], [ 121.075343970314748, 14.543787672051849 ], [ 121.075450914069847, 14.544040448200292 ], [ 121.075533552426236, 14.544327251907134 ], [ 121.075671611176631, 14.544631137949125 ], [ 121.075898347116549, 14.544939201111163 ], [ 121.076086001383601, 14.54518847319747 ], [ 121.076198033781452, 14.545264095066273 ], [ 121.076357241568758, 14.545327071951988 ], [ 121.076516243234551, 14.545414967458328 ], [ 121.076734007233654, 14.54543499157154 ], [ 121.076892076766399, 14.545416488987541 ], [ 121.077087192569024, 14.545321310547308 ], [ 121.077213304002498, 14.545147609893831 ], [ 121.077350916892783, 14.54486267337677 ], [ 121.077470285791037, 14.54406495513615 ], [ 121.077422696571034, 14.543382049827471 ], [ 121.077422696571034, 14.543034053655333 ] ] ] ] } },
{ "type": "Feature", "properties": { "RTA_ID": "JRTA252", "TIME": 20 }, "geometry": { "type": "MultiPolygon", "coordinates": [ [ [ [ 121.013022174834646, 14.539054026326141 ], [ 121.014440192205484, 14.539387963353647 ], [ 121.015667994084538, 14.53986385555487 ], [ 121.016833634404975, 14.540399118549885 ], [ 121.017703065368096, 14.538756267404267 ], [ 121.018304105896391, 14.537674394453575 ], [ 121.01917834666483, 14.536067977041853 ], [ 121.020833940119587, 14.533019062362541 ], [ 121.02218693599059, 14.530538590010224 ], [ 121.022084051279421, 14.530481212630036 ], [ 121.021896015112702, 14.530388419424014 ], [ 121.021569075460775, 14.530272605208552 ], [ 121.021377898884907, 14.530216637573233 ], [ 121.021159569693737, 14.530176739852948 ], [ 121.020949600513177, 14.530090442965616 ], [ 121.020656415111489, 14.529978913656976 ], [ 121.020589985084143, 14.529960892066015 ], [ 121.020277386769521, 14.529926824966822 ], [ 121.020211998839045, 14.529944557286797 ], [ 121.020024701208172, 14.530027123402306 ], [ 121.019844607332175, 14.530101931627541 ], [ 121.019470043259389, 14.530290860430455 ], [ 121.019352535449912, 14.53035350891895 ], [ 121.019248912204375, 14.53043053368441 ], [ 121.019128664908749, 14.5305668508949 ], [ 121.019045544658184, 14.530582366674992 ], [ 121.018860463567421, 14.53059344937509 ], [ 121.018729687706582, 14.530595111780087 ], [ 121.018573975770778, 14.530587908024984 ], [ 121.018425486662295, 14.530567483579375 ], [ 121.018346543168718, 14.530495239078334 ], [ 121.01824019546757, 14.530391760797954 ], [ 121.018151170763872, 14.530236032298376 ], [ 121.018059184353206, 14.530119663947687 ], [ 121.017985484397741, 14.530092511332612 ], [ 121.017819678942146, 14.530122745844551 ], [ 121.017525552345546, 14.530207217278132 ], [ 121.017392534858573, 14.530217760229334 ], [ 121.017327726149688, 14.530211650358183 ], [ 121.017250701384455, 14.530157345127975 ], [ 121.017175872146936, 14.530083742057172 ], [ 121.017011315063201, 14.529830405476275 ], [ 121.016941494052617, 14.529714037125757 ], [ 121.01682742489902, 14.529637014816331 ], [ 121.01665471589456, 14.529639712386313 ], [ 121.016481865686501, 14.529646815819547 ], [ 121.016337429211262, 14.529677597363104 ], [ 121.01622377427941, 14.529713114529557 ], [ 121.01613379745902, 14.529786516672402 ], [ 121.016095912481774, 14.529907275037317 ], [ 121.01606039531589, 14.530082493056625 ], [ 121.01598534405025, 14.530326091585152 ], [ 121.015942942777542, 14.530521411824793 ], [ 121.015852064637329, 14.530848905611379 ], [ 121.015790001517303, 14.530942554426815 ], [ 121.015715193291726, 14.530954745397025 ], [ 121.015576105405671, 14.530899886031591 ], [ 121.015365534104831, 14.530827294346238 ], [ 121.015084587658293, 14.530723671100759 ], [ 121.014164169419018, 14.530331897653866 ], [ 121.013836675632092, 14.530174523313065 ], [ 121.013766300486736, 14.530156236857863 ], [ 121.01371310352647, 14.530162332342911 ], [ 121.013658798295978, 14.530173415043009 ], [ 121.013594518636296, 14.530201121793141 ], [ 121.01318944594891, 14.530388419424014 ], [ 121.013045370848431, 14.530449928409325 ], [ 121.012970008487628, 14.530477081024571 ], [ 121.012880758003121, 14.53046014341254 ], [ 121.012710673306401, 14.530369578833984 ], [ 121.012584330525669, 14.530293108203637 ], [ 121.012481181571047, 14.530238083123834 ], [ 121.012406453189783, 14.530085307577508 ], [ 121.012350485554634, 14.529902443026629 ], [ 121.012333307369545, 14.529841488176373 ], [ 121.012314466779458, 14.529789953621105 ], [ 121.012290084839265, 14.529753934845928 ], [ 121.012237996149111, 14.529715145395699 ], [ 121.012139914253567, 14.529709604045706 ], [ 121.012096691723173, 14.52972124088069 ], [ 121.012047373707901, 14.529756151385925 ], [ 121.01200248877285, 14.529812119021244 ], [ 121.011826827977075, 14.530085307577508 ], [ 121.011805216711764, 14.530189484957987 ], [ 121.011816853546861, 14.530280917233597 ], [ 121.011867917416794, 14.530358762712979 ], [ 121.011961473793349, 14.53040506161426 ], [ 121.012209181128696, 14.530453253219434 ], [ 121.012275677329058, 14.530484284779504 ], [ 121.012322224669447, 14.530564634355017 ], [ 121.012347714879525, 14.530665486925443 ], [ 121.012361014119506, 14.530858325906479 ], [ 121.012332753234318, 14.530984114552098 ], [ 121.012284543489272, 14.531048948347348 ], [ 121.012131602228578, 14.531105470117723 ], [ 121.012198652563825, 14.531771540390935 ], [ 121.012495668925339, 14.532193791263069 ], [ 121.012665234236465, 14.532682538335564 ], [ 121.012967791947972, 14.533082623807559 ], [ 121.0130187723679, 14.53372542041086 ], [ 121.013129599368767, 14.534399248574289 ], [ 121.012860289757214, 14.534476827474748 ], [ 121.012886888236835, 14.534700698015683 ], [ 121.012942301737667, 14.535341278078988 ], [ 121.012892429587396, 14.536009564892254 ], [ 121.012897970937161, 14.53652158563483 ], [ 121.012927781267194, 14.536799973068469 ], [ 121.013001040047925, 14.537230878438379 ], [ 121.013054237007964, 14.537573333870171 ], [ 121.013045370848431, 14.537696351840736 ], [ 121.012999931777927, 14.538003342632294 ], [ 121.012979982917841, 14.538165150053089 ], [ 121.013022174834646, 14.539054026326141 ] ] ] ] } },
{ "type": "Feature", "properties": { "RTA_ID": "JRTA162", "TIME": 45 }, "geometry": { "type": "MultiPolygon", "coordinates": [ [ [ [ 121.013022174834532, 14.539054026326085 ], [ 121.012979982917727, 14.538165150053203 ], [ 121.012999931777927, 14.538003342632408 ], [ 121.013045370848204, 14.53769635184068 ], [ 121.013054237008078, 14.537573333870114 ], [ 121.013001040047811, 14.537230878438265 ], [ 121.012927781267081, 14.536799973068412 ], [ 121.012897970937047, 14.536521585634773 ], [ 121.012892429587282, 14.536009564892197 ], [ 121.01294230173778, 14.535341278078931 ], [ 121.012886888236949, 14.534700698015627 ], [ 121.0128602897571, 14.534476827474464 ], [ 121.01312959936854, 14.534399248574005 ], [ 121.013018772367786, 14.533725420410974 ], [ 121.012967791947744, 14.533082623807445 ], [ 121.012665234236238, 14.532682538335507 ], [ 121.012495668925453, 14.532193791263012 ], [ 121.012198652563711, 14.531771540390878 ], [ 121.012131602228465, 14.531105470117609 ], [ 121.012284543489386, 14.531048948347234 ], [ 121.012332753234318, 14.530984114552211 ], [ 121.012361014119506, 14.530858325906593 ], [ 121.012347714879638, 14.530665486925329 ], [ 121.012322224669333, 14.53056463435496 ], [ 121.012275677328944, 14.530484284779618 ], [ 121.012209181128583, 14.530453253219548 ], [ 121.011961473793349, 14.530405061614147 ], [ 121.011867917416907, 14.530358762712922 ], [ 121.011816853546975, 14.530280917233711 ], [ 121.011805216711764, 14.5301894849581 ], [ 121.011826827977075, 14.530085307577224 ], [ 121.01200248877285, 14.529812119021187 ], [ 121.012047373707787, 14.529756151386039 ], [ 121.012096691723059, 14.529721240880804 ], [ 121.01213991425368, 14.529709604045649 ], [ 121.012237996148997, 14.529715145395642 ], [ 121.012290084839151, 14.529753934845871 ], [ 121.012314466779344, 14.529789953620821 ], [ 121.012318304403607, 14.529799289705807 ], [ 121.012311547000422, 14.529573233000178 ], [ 121.012245527000346, 14.529230381000048 ], [ 121.011959847000071, 14.527849201000151 ], [ 121.011752156000284, 14.527091772000119 ], [ 121.01169787900028, 14.526753302999907 ], [ 121.01129684900036, 14.525450988999978 ], [ 121.011318389000166, 14.525340212000174 ], [ 121.011318389000166, 14.525272514000221 ], [ 121.011290564000205, 14.52516198800032 ], [ 121.01126904600028, 14.525119533000122 ], [ 121.011211841000431, 14.525040877000151 ], [ 121.011144897000349, 14.524970345000213 ], [ 121.010920894000378, 14.524765823000166 ], [ 121.010622990000115, 14.524505834000024 ], [ 121.010357101000409, 14.524315831000024 ], [ 121.010171567000157, 14.524190953000357 ], [ 121.00946306133801, 14.523287884206241 ], [ 121.016821915928062, 14.514956688469169 ], [ 121.020920223637745, 14.509344591425247 ], [ 121.018423267568778, 14.507892877836582 ], [ 121.014027531289003, 14.505395670376572 ], [ 121.013058354543659, 14.506525640093116 ], [ 121.011191488000236, 14.508783022000102 ], [ 121.011107462390669, 14.508854082569997 ], [ 121.010200263600268, 14.508333034198074 ], [ 121.007926401433451, 14.50707515546145 ], [ 121.007861647469099, 14.507024660641378 ], [ 121.007773785008453, 14.507002695026642 ], [ 121.007668350055837, 14.506998301903252 ], [ 121.006350413147402, 14.507094950609712 ], [ 121.005404859730902, 14.507185828839454 ], [ 121.005120338699271, 14.507217958054639 ], [ 121.00482160633328, 14.507270675531117 ], [ 121.00473813699557, 14.50733217925341 ], [ 121.004637016759034, 14.507503437689252 ], [ 121.004589565018364, 14.507591859942238 ], [ 121.004537451400665, 14.50767694704723 ], [ 121.004432082743392, 14.507887705702558 ], [ 121.00421469568073, 14.508273004380726 ], [ 121.004128354341333, 14.508438786810416 ], [ 121.004099858000359, 14.508463212000493 ], [ 121.003985374000081, 14.508502689000466 ], [ 121.003806794913544, 14.50851392934868 ], [ 121.00354320753172, 14.508518322471332 ], [ 121.00316539895141, 14.508518322471332 ], [ 121.003103895228946, 14.508566646824931 ], [ 121.002994067153054, 14.508694047392169 ], [ 121.002563541096492, 14.509370588338811 ], [ 121.002557853975304, 14.509363005510579 ], [ 121.00244843399264, 14.509341083900097 ], [ 121.002211922264451, 14.509402134185848 ], [ 121.002108941270535, 14.509447967981771 ], [ 121.001986886140344, 14.509138927819436 ], [ 121.001693124480198, 14.508292021485545 ], [ 121.001510055880544, 14.507750354212931 ], [ 121.001361274002761, 14.507300231700867 ], [ 121.00131915723432, 14.507165465512969 ], [ 121.001016443053572, 14.506396462369878 ], [ 121.000891465663358, 14.506013467141429 ], [ 121.000407682216633, 14.50519103528228 ], [ 120.998731067956328, 14.502526572343811 ], [ 120.998690449741957, 14.50246435870406 ], [ 120.997153802000071, 14.502943584000661 ], [ 120.996650290000161, 14.503116028000363 ], [ 120.996626128346179, 14.503127111352228 ], [ 120.996602919000452, 14.503140071000132 ], [ 120.996559352655481, 14.503171842263441 ], [ 120.996527776000335, 14.503203021000218 ], [ 120.996462406000433, 14.503286381000692 ], [ 120.99643267800036, 14.503302337000264 ], [ 120.996368900000334, 14.503324500000417 ], [ 120.995578078000449, 14.503549893000468 ], [ 120.995469137000214, 14.503577862000384 ], [ 120.995295258000397, 14.503630612000336 ], [ 120.995177129000126, 14.503678393000087 ], [ 120.994779777000417, 14.503874764000614 ], [ 120.994584797000243, 14.503975143000332 ], [ 120.994336174264504, 14.504087217588847 ], [ 120.99397043140948, 14.50424573424749 ], [ 120.993656297000143, 14.504378393000309 ], [ 120.993210836000344, 14.504506502000481 ], [ 120.993186969000249, 14.504516264000586 ], [ 120.992878969000344, 14.504595904999974 ], [ 120.992456238000273, 14.504708854000171 ], [ 120.992446656000425, 14.504708772000697 ], [ 120.991226738000478, 14.505017354000472 ], [ 120.990806880590299, 14.505133793227799 ], [ 120.992073034273062, 14.510133015154906 ], [ 120.992597005123571, 14.512526151250938 ], [ 120.992989983261623, 14.514662340103428 ], [ 120.993161281424136, 14.516103259942156 ], [ 120.993377923218077, 14.517821279750535 ], [ 120.993579450468246, 14.520642661253532 ], [ 120.993674037239998, 14.522226989681087 ], [ 120.995178539000221, 14.522225323000271 ], [ 120.996708406000266, 14.522225822000223 ], [ 120.996872027000222, 14.522222612000121 ], [ 120.99685884700034, 14.52208237300016 ], [ 120.998249586000384, 14.522030994000261 ], [ 120.998678207000239, 14.522012073000212 ], [ 120.999194137000131, 14.522001182000281 ], [ 121.000944398, 14.522003873000415 ], [ 121.000879699000279, 14.523747834000176 ], [ 121.000865746000159, 14.5239465610004 ], [ 121.000837129000161, 14.524158631000148 ], [ 121.000441847000161, 14.525184174000231 ], [ 120.999905936513301, 14.526615460859205 ], [ 120.999693488000275, 14.527217651000171 ], [ 120.999609454000279, 14.52738451800036 ], [ 120.999559034000185, 14.527373713000259 ], [ 120.999351351000087, 14.527350904000059 ], [ 120.999003600414653, 14.527321819129725 ], [ 120.999028167331858, 14.527806138350911 ], [ 120.999386142408071, 14.528357139203649 ], [ 120.999698493210076, 14.52897833124814 ], [ 120.999779213080501, 14.529596013732885 ], [ 120.999931250667487, 14.529907194681414 ], [ 121.000233072790479, 14.530166902090059 ], [ 121.001342093615676, 14.530616125715483 ], [ 121.001724691000391, 14.530735827000285 ], [ 121.002753957000323, 14.531208824000089 ], [ 121.002445597000133, 14.531599662000247 ], [ 121.002173238000069, 14.531969674000322 ], [ 121.001821906000373, 14.532418514000142 ], [ 121.001629277000347, 14.533221405000404 ], [ 121.001642437000328, 14.533927842000139 ], [ 121.00167757800034, 14.534394471000098 ], [ 121.001703906000216, 14.534552932000167 ], [ 121.001686387000291, 14.534874022000281 ], [ 121.001663265000275, 14.535127674000307 ], [ 121.001717148000239, 14.535143772000026 ], [ 121.001690148000307, 14.535300033999988 ], [ 121.001687898000114, 14.535777123000116 ], [ 121.001714176000178, 14.535885862000328 ], [ 121.001762406000012, 14.536031733000414 ], [ 121.001813418000211, 14.536193892999961 ], [ 121.001867418000415, 14.536385041000131 ], [ 121.001888847000146, 14.536545174000196 ], [ 121.001884797000343, 14.536637291000432 ], [ 121.001514624000379, 14.537379613000383 ], [ 121.001418895725465, 14.537501936715273 ], [ 121.00382558035426, 14.537808053378285 ], [ 121.004742981187064, 14.537922482190311 ], [ 121.007948730838621, 14.538349793999373 ], [ 121.007947785021429, 14.53833258012088 ], [ 121.007943414491592, 14.538331912401134 ], [ 121.007943052212795, 14.538323864744882 ], [ 121.013022174834532, 14.539054026326085 ] ] ] ] } },
{ "type": "Feature", "properties": { "RTA_ID": "JRTA24", "TIME": 45 }, "geometry": { "type": "MultiPolygon", "coordinates": [ [ [ [ 121.044638995681908, 14.603400610917276 ], [ 121.042865197453239, 14.604753853664988 ], [ 121.041815855149366, 14.605570008790153 ], [ 121.040057433465904, 14.606909645336543 ], [ 121.039176133135015, 14.607550831512526 ], [ 121.03870809700004, 14.607165083000098 ], [ 121.038583661000075, 14.607053060000169 ], [ 121.038103278000335, 14.606629798000142 ], [ 121.037230431000012, 14.605865946 ], [ 121.03707698900007, 14.605719499000088 ], [ 121.036869960000104, 14.605541859000084 ], [ 121.036825836000162, 14.605473066 ], [ 121.036738060000175, 14.605297205000113 ], [ 121.036627304000035, 14.605134202000045 ], [ 121.036585105848985, 14.605041844788047 ], [ 121.036504799039903, 14.604908000106548 ], [ 121.036415569252313, 14.60483066762373 ], [ 121.036372144088773, 14.604812226801016 ], [ 121.036304329450218, 14.604800924361314 ], [ 121.036241868598836, 14.604808062744155 ], [ 121.036160372059271, 14.60483304708481 ], [ 121.036068167945473, 14.604871118460892 ], [ 121.035945030838548, 14.604892533610041 ], [ 121.035799148000137, 14.604889345000117 ], [ 121.035693495000032, 14.604892995000057 ], [ 121.035559467000098, 14.604901505000043 ], [ 121.035214825000025, 14.604946181 ], [ 121.033377047000045, 14.605148325000073 ], [ 121.033204615000159, 14.605015396000169 ], [ 121.033049266000148, 14.604830630000151 ], [ 121.032827384000257, 14.604628919000049 ], [ 121.032565657000532, 14.60444802200027 ], [ 121.032212165000601, 14.604235582000285 ], [ 121.031907534000311, 14.604117625000413 ], [ 121.031657459000712, 14.604028828000423 ], [ 121.031457533000207, 14.603964387000303 ], [ 121.031076783000231, 14.60386090000037 ], [ 121.030790101000321, 14.603801903000374 ], [ 121.030699782000397, 14.603794532000393 ], [ 121.030671414000267, 14.603798658000187 ], [ 121.03057860700028, 14.603822125000079 ], [ 121.030367594000268, 14.603947556000264 ], [ 121.030240710686485, 14.604041247408304 ], [ 121.030016565459505, 14.604175449008892 ], [ 121.029822401441265, 14.60431250596298 ], [ 121.029640640000366, 14.604424880000124 ], [ 121.029353207000327, 14.604553766000322 ], [ 121.028981436000322, 14.60473559400026 ], [ 121.028840489000117, 14.604817763000256 ], [ 121.028294469000457, 14.605183967000357 ], [ 121.028231648000542, 14.605237168000372 ], [ 121.028004577000502, 14.605471759000352 ], [ 121.027910046000329, 14.605597799000293 ], [ 121.027868033000345, 14.605675524000219 ], [ 121.027823919000298, 14.60576585300015 ], [ 121.027796610000223, 14.605940208000277 ], [ 121.027800638000144, 14.6063139970002 ], [ 121.027774641000292, 14.606735720000188 ], [ 121.02771678500028, 14.607043060000251 ], [ 121.027649563000182, 14.60714179200022 ], [ 121.027586543000552, 14.607194309000249 ], [ 121.027107590000242, 14.60751571100036 ], [ 121.026855557000431, 14.607714374000523 ], [ 121.026613000000111, 14.607505433000199 ], [ 121.026571919000389, 14.6074610940002 ], [ 121.02639335300023, 14.60729131900024 ], [ 121.02632372800042, 14.607241072000079 ], [ 121.026291228000218, 14.607301319000214 ], [ 121.025715733000425, 14.607998653000152 ], [ 121.025379485000371, 14.60830488500045 ], [ 121.025275361000581, 14.60840337999997 ], [ 121.025176737000379, 14.608550746000446 ], [ 121.025097738000227, 14.608685613000318 ], [ 121.024944365000238, 14.609034967000468 ], [ 121.024545531000285, 14.60995307800016 ], [ 121.024513145459196, 14.610037040608404 ], [ 121.024843631562931, 14.610165130452344 ], [ 121.025544115570824, 14.610389077117816 ], [ 121.026470208803289, 14.610662636232746 ], [ 121.027417774629271, 14.610974230182705 ], [ 121.027879006925787, 14.611134527512604 ], [ 121.028270412132542, 14.611264779436851 ], [ 121.031155323700659, 14.612214252536091 ], [ 121.031188628278528, 14.612224702491119 ], [ 121.031447399768354, 14.612285109290326 ], [ 121.032465770843373, 14.612599038323538 ], [ 121.032912652000164, 14.611818749000406 ], [ 121.033360718000381, 14.611093462000326 ], [ 121.03445417800026, 14.611561325999958 ], [ 121.0345127594627, 14.611581624598671 ], [ 121.034572960465539, 14.611596445533735 ], [ 121.034634270000765, 14.611605663000375 ], [ 121.034665553000423, 14.611608166000281 ], [ 121.034965469000554, 14.611643714000024 ], [ 121.035886933000143, 14.611754534000511 ], [ 121.036227330000543, 14.611789607000105 ], [ 121.036279994799429, 14.611796663071743 ], [ 121.036331967408842, 14.61180771825326 ], [ 121.036382944612456, 14.611822708046986 ], [ 121.036432629000387, 14.611841545000175 ], [ 121.036478291176877, 14.611862864604177 ], [ 121.036522290141534, 14.611887433915399 ], [ 121.036564395000482, 14.611915124000461 ], [ 121.037039554865032, 14.612287678443408 ], [ 121.037093527000366, 14.612326618000225 ], [ 121.037159568706898, 14.612369040719614 ], [ 121.037227975927067, 14.612407532878933 ], [ 121.037298515000316, 14.612441963000265 ], [ 121.037418840000328, 14.612481724000304 ], [ 121.037512387000561, 14.612508948000027 ], [ 121.037584720000268, 14.612527848000354 ], [ 121.037697760986589, 14.612553717789865 ], [ 121.037811686000055, 14.612575365000282 ], [ 121.038049886000408, 14.612611995000293 ], [ 121.038146119715748, 14.612628642326513 ], [ 121.038240972000381, 14.612651904000131 ], [ 121.038310412000442, 14.612673449000226 ], [ 121.038378364114806, 14.612698427415296 ], [ 121.038444946163963, 14.61272685701033 ], [ 121.038509983000495, 14.612758663000534 ], [ 121.038858304000314, 14.612672433000341 ], [ 121.0389194032266, 14.612651998276192 ], [ 121.038978498000233, 14.612626337000279 ], [ 121.039028356025938, 14.612599895626545 ], [ 121.039066106000291, 14.612576023000202 ], [ 121.039114517460348, 14.612540733002959 ], [ 121.039173154000082, 14.612488986000187 ], [ 121.03934249200006, 14.612316603000011 ], [ 121.040734947828696, 14.611586650095148 ], [ 121.040920601000494, 14.611540935000505 ], [ 121.041242061000275, 14.611456027000258 ], [ 121.041343117106976, 14.611405753028748 ], [ 121.041421933000379, 14.611349015000428 ], [ 121.041480002000526, 14.611247412000296 ], [ 121.041513858000485, 14.611120287000347 ], [ 121.041650902000583, 14.610695956000484 ], [ 121.041784333000351, 14.610652526000081 ], [ 121.041918772000372, 14.610595977000287 ], [ 121.042276911000386, 14.610274540000432 ], [ 121.042687039000612, 14.609898437000311 ], [ 121.042947042000378, 14.609775750000381 ], [ 121.043052983000507, 14.609685923000313 ], [ 121.043644790000144, 14.609301133000088 ], [ 121.044674855000267, 14.608768863000137 ], [ 121.045209854000404, 14.608680740000182 ], [ 121.045731729000636, 14.608600992000163 ], [ 121.045817229000477, 14.608601742000417 ], [ 121.046249854000393, 14.608707482000284 ], [ 121.046954855000195, 14.608884092000324 ], [ 121.048053806856728, 14.609149785746069 ], [ 121.048368780732517, 14.608160868066591 ], [ 121.04812228528499, 14.608078377124002 ], [ 121.048183222000375, 14.607732282000256 ], [ 121.04811122100034, 14.607545545000505 ], [ 121.048111470000322, 14.607458800000188 ], [ 121.048275717000479, 14.606954081000424 ], [ 121.048495463000336, 14.606399365000527 ], [ 121.048695960000373, 14.605840650000403 ], [ 121.04890120600021, 14.605281184000319 ], [ 121.049113202000399, 14.604686595000203 ], [ 121.049368447000234, 14.603991138000481 ], [ 121.048512694000124, 14.603500425000107 ], [ 121.048258819000353, 14.603369934000057 ], [ 121.048071318000552, 14.603259943000467 ], [ 121.047933567000086, 14.603100703999985 ], [ 121.047365688000241, 14.602423626000132 ], [ 121.046840102015835, 14.601746861217578 ], [ 121.045840476827379, 14.602502910128521 ], [ 121.044638995681908, 14.603400610917276 ] ] ] ] } },
{ "type": "Feature", "properties": { "RTA_ID": "JRTA34", "TIME": 30 }, "geometry": { "type": "MultiPolygon", "coordinates": [ [ [ [ 120.992715978922092, 14.598593745558844 ], [ 120.994748740000205, 14.596617841000295 ], [ 120.994893021000394, 14.596915205000187 ], [ 120.995048345000214, 14.597151425000163 ], [ 120.995975511000438, 14.596078341000236 ], [ 120.996521047707461, 14.595427087657754 ], [ 120.996245042904434, 14.595236522167795 ], [ 120.993832905592967, 14.591912121564633 ], [ 120.990598701619774, 14.590154677395276 ], [ 120.985967950697614, 14.590216635107822 ], [ 120.98590137000042, 14.590146276000269 ], [ 120.985815695000383, 14.590225808000469 ], [ 120.986002083502285, 14.590428323838864 ], [ 120.986144897923964, 14.590596476302778 ], [ 120.98663094184019, 14.5914409781534 ], [ 120.986758481657148, 14.591677662093048 ], [ 120.987141143684994, 14.592320039056631 ], [ 120.987237888938466, 14.592460550019496 ], [ 120.987158025000781, 14.592534491000265 ], [ 120.985971501000449, 14.593243550000409 ], [ 120.985580510000545, 14.593507711000143 ], [ 120.985403619000749, 14.593675115000337 ], [ 120.985134979000122, 14.594000849000452 ], [ 120.984590359000435, 14.594644030000268 ], [ 120.98405439800058, 14.595312644000217 ], [ 120.983999366000262, 14.595375434000402 ], [ 120.983548607000557, 14.596024277000367 ], [ 120.9834162530002, 14.596225383000331 ], [ 120.983319274287737, 14.596356418018672 ], [ 120.983411412623923, 14.596428976958521 ], [ 120.983496497032775, 14.596505259532023 ], [ 120.983663238336476, 14.596632091315485 ], [ 120.983761178340046, 14.596766652357303 ], [ 120.983903518541183, 14.597411339608982 ], [ 120.984043469660151, 14.597936824291367 ], [ 120.984086891554853, 14.598127880627828 ], [ 120.984276319569631, 14.599037569319307 ], [ 120.984400071969844, 14.59957491526518 ], [ 120.984512968895729, 14.600091093037349 ], [ 120.984599812685019, 14.600477547899061 ], [ 120.984736591652904, 14.601169041570643 ], [ 120.984908108136437, 14.602055933767645 ], [ 120.985054114257196, 14.602775651670697 ], [ 120.98512310289118, 14.603107208987979 ], [ 120.986048005627822, 14.602663714080506 ], [ 120.987227922856277, 14.602104783398829 ], [ 120.988325873366193, 14.601574020468547 ], [ 120.989750575643598, 14.600881002450592 ], [ 120.99093138316789, 14.600333726419365 ], [ 120.992715978922092, 14.598593745558844 ] ] ] ] } },
{ "type": "Feature", "properties": { "RTA_ID": "JRTA60", "TIME": 20 }, "geometry": { "type": "MultiPolygon", "coordinates": [ [ [ [ 121.00473018300022, 14.611984105000147 ], [ 121.00522087700017, 14.611945736999985 ], [ 121.005409921000137, 14.61196101000013 ], [ 121.005458955000108, 14.611985821000133 ], [ 121.005499280000322, 14.612012334000099 ], [ 121.005827018000105, 14.611624755000094 ], [ 121.005635318000031, 14.611499271000184 ], [ 121.005510801000128, 14.611414175000107 ], [ 121.00528911400022, 14.611178269000106 ], [ 121.005158033000043, 14.611033385000042 ], [ 121.004905056000212, 14.610701466000194 ], [ 121.004833909000126, 14.610611320000203 ], [ 121.004338917000155, 14.610124573000121 ], [ 121.004223069000204, 14.609913036000137 ], [ 121.004164630000218, 14.609809455000175 ], [ 121.00402943000006, 14.60955260500009 ], [ 121.003989339000213, 14.609467355000106 ], [ 121.003917708000017, 14.609329310000135 ], [ 121.003859356000021, 14.609191482000142 ], [ 121.00384021800005, 14.609088346000135 ], [ 121.003811210000094, 14.608962504000203 ], [ 121.003766990000031, 14.608716287000163 ], [ 121.003599921000159, 14.607980168000097 ], [ 121.003469553000173, 14.607427834000021 ], [ 121.00344052600019, 14.607330007000201 ], [ 121.003402079000125, 14.607222087000139 ], [ 121.003339295000046, 14.607132077000188 ], [ 121.003232878000063, 14.607009210000058 ], [ 121.003053811000427, 14.606857695000201 ], [ 121.002811824000219, 14.606716422000147 ], [ 121.002279160000398, 14.606428147000202 ], [ 121.001947319000124, 14.606227343000114 ], [ 121.001433239000221, 14.605881334000173 ], [ 121.001284255000201, 14.605796036000186 ], [ 121.000669049000066, 14.605401301000313 ], [ 121.000362837000125, 14.605178220000084 ], [ 121.000054263000379, 14.604956826000205 ], [ 120.999711457000217, 14.604724881000095 ], [ 120.999052489000064, 14.604391612000143 ], [ 120.9983681880002, 14.604065828000216 ], [ 120.998004968000373, 14.603894418000039 ], [ 120.997929092950812, 14.603877785674683 ], [ 120.997551749684476, 14.604576031975114 ], [ 120.997414970716477, 14.604786085390288 ], [ 120.997280362843185, 14.604968457347638 ], [ 120.997100161980597, 14.605187737915401 ], [ 120.996194815477907, 14.60612185142304 ], [ 120.995477811443266, 14.606911044357503 ], [ 120.994754294124505, 14.607726290428673 ], [ 120.993997667611097, 14.60854587868937 ], [ 120.99337076400775, 14.609215932800623 ], [ 120.992866798643377, 14.609758435096126 ], [ 120.993404621010427, 14.610231165741368 ], [ 120.993612584866355, 14.610439151736898 ], [ 120.994263841321526, 14.611046333260106 ], [ 120.994515243855517, 14.611267146475768 ], [ 120.994771470511068, 14.611506707983324 ], [ 120.99500138377482, 14.611714803059215 ], [ 120.995333699989715, 14.612005237125004 ], [ 120.995580388040594, 14.612226817814474 ], [ 120.995803174760908, 14.612446753917027 ], [ 120.996853079106813, 14.613383949233253 ], [ 120.99752867544953, 14.614007138070122 ], [ 120.998021612995672, 14.614454465736401 ], [ 120.998505779410721, 14.614896969280608 ], [ 120.999021521896225, 14.615370610338914 ], [ 120.999137191182399, 14.61547915308131 ], [ 120.999180498000101, 14.615426435000074 ], [ 120.99925144000008, 14.615286548000142 ], [ 120.999321696389643, 14.61518486105075 ], [ 120.999543960952337, 14.614979101282245 ], [ 120.999709008895252, 14.614878972196948 ], [ 121.000255867744841, 14.614697419460185 ], [ 121.00067398919964, 14.614654506995009 ], [ 121.001589605794607, 14.614506028628341 ], [ 121.001981740968404, 14.614405139481676 ], [ 121.002415754655772, 14.614231914720392 ], [ 121.00266321860056, 14.614052979252676 ], [ 121.00288880100004, 14.613880758000164 ], [ 121.002991840000163, 14.613751859000047 ], [ 121.003180866000207, 14.613344353000116 ], [ 121.003328508000095, 14.612952532000065 ], [ 121.003475846000242, 14.612728744000037 ], [ 121.003650423000067, 14.612498938000044 ], [ 121.003916784000126, 14.612232794000022 ], [ 121.004001178000181, 14.612163961000135 ], [ 121.004136352000046, 14.612100057000191 ], [ 121.004339316000141, 14.612046681000038 ], [ 121.00473018300022, 14.611984105000147 ] ] ] ] } },
{ "type": "Feature", "properties": { "RTA_ID": "JRTA141", "TIME": 20 }, "geometry": { "type": "MultiPolygon", "coordinates": [ [ [ [ 121.013794665000091, 14.608809648000317 ], [ 121.014017997000224, 14.607153766000295 ], [ 121.015186933000336, 14.607273854000255 ], [ 121.015460689000179, 14.607325911000203 ], [ 121.015769218000287, 14.607442558000173 ], [ 121.015944277000472, 14.607501778000312 ], [ 121.01629859800039, 14.607656851000229 ], [ 121.016784372000188, 14.607901860000197 ], [ 121.016953092000335, 14.607990438000229 ], [ 121.017083850000176, 14.608112760000211 ], [ 121.017153063728756, 14.608152610042566 ], [ 121.017155944275601, 14.608100220094741 ], [ 121.017172170867411, 14.607967776021098 ], [ 121.017196730033334, 14.607832700608185 ], [ 121.017235323008549, 14.607701572204064 ], [ 121.017294966697023, 14.607515624233088 ], [ 121.017351101934196, 14.607366515011051 ], [ 121.017473897764035, 14.607112152220282 ], [ 121.017619498533691, 14.606864806334499 ], [ 121.017819918870373, 14.606630617144504 ], [ 121.018226899335104, 14.60617802679991 ], [ 121.01864440515692, 14.605733769029598 ], [ 121.018775972117282, 14.605596939390409 ], [ 121.018975501618456, 14.605763811833924 ], [ 121.019797362360578, 14.606611067933329 ], [ 121.020735037095051, 14.60753088219667 ], [ 121.021610200180362, 14.60843283598922 ], [ 121.021934862194598, 14.608808782991275 ], [ 121.02213053291473, 14.608591277770131 ], [ 121.022254919668626, 14.608411608014649 ], [ 121.022363182213894, 14.608183565632146 ], [ 121.022439196341111, 14.607927881748992 ], [ 121.022436892882752, 14.607815012287176 ], [ 121.0223885202563, 14.607669894407479 ], [ 121.022321719962292, 14.607539173143095 ], [ 121.022132836372975, 14.607278882343167 ], [ 121.021974426788347, 14.607086882720012 ], [ 121.022531597000352, 14.606118542000047 ], [ 121.022999597595799, 14.605341284242002 ], [ 121.022583339000334, 14.604767627000456 ], [ 121.021853208000266, 14.603787319000162 ], [ 121.021656206000443, 14.603514463000181 ], [ 121.021534205000421, 14.6033291 ], [ 121.021225202000096, 14.602928003000102 ], [ 121.021136951000244, 14.602801636000265 ], [ 121.020534696000254, 14.601956069000153 ], [ 121.020457071000124, 14.601836702000185 ], [ 121.020327069000132, 14.60161746700004 ], [ 121.020287545000315, 14.601558959000158 ], [ 121.019968421000385, 14.60122224200029 ], [ 121.01973409700031, 14.601057323000589 ], [ 121.018571955000425, 14.600646581999911 ], [ 121.01681407100034, 14.600110091000374 ], [ 121.01763743200047, 14.597624597999982 ], [ 121.016743523000514, 14.597475977000386 ], [ 121.016367376000744, 14.5974149580004 ], [ 121.0160546970003, 14.597356301000616 ], [ 121.015983691000201, 14.597357469999906 ], [ 121.015855724000517, 14.597369041000604 ], [ 121.015729232000467, 14.597402314000419 ], [ 121.015688791737148, 14.597403739054812 ], [ 121.015665829132445, 14.597396193636826 ], [ 121.015479961464052, 14.597285742030238 ], [ 121.012934374224528, 14.594068507505767 ], [ 121.012424782694097, 14.594266991707457 ], [ 121.013118449199396, 14.595113188972562 ], [ 121.013440152327348, 14.595591222688483 ], [ 121.01350677723542, 14.59570353324807 ], [ 121.01368285734975, 14.59636740286868 ], [ 121.013689995732875, 14.596657697111368 ], [ 121.013668580584067, 14.597247803440894 ], [ 121.01336638903615, 14.598109168325038 ], [ 121.013070655000206, 14.598588161000237 ], [ 121.012172639000141, 14.59961110200021 ], [ 121.011751392000178, 14.600003531000084 ], [ 121.011640416000432, 14.600083059000099 ], [ 121.011123392000286, 14.600435548000235 ], [ 121.009061587157362, 14.601662060525712 ], [ 121.008216878500548, 14.602280720387398 ], [ 121.010291427395714, 14.602530726422117 ], [ 121.010263558000133, 14.60284646700012 ], [ 121.010179536000351, 14.603706919000274 ], [ 121.010139571000536, 14.604100595000148 ], [ 121.010073272000113, 14.604144298000335 ], [ 121.009500497000545, 14.604537049000214 ], [ 121.00738406700043, 14.60597022900032 ], [ 121.007786338000074, 14.606487918000255 ], [ 121.008227168000303, 14.607076308999979 ], [ 121.008306094000091, 14.607192619000216 ], [ 121.008900462000156, 14.607933944000138 ], [ 121.009099553000283, 14.608198931000175 ], [ 121.009537213000385, 14.608738513000219 ], [ 121.009785842000042, 14.609024100000113 ], [ 121.01000947200032, 14.609272475000182 ], [ 121.010401734000197, 14.609722394000187 ], [ 121.010521390000235, 14.609836005000261 ], [ 121.010750348000329, 14.610094590000244 ], [ 121.010960690000502, 14.610379427000282 ], [ 121.011194376000276, 14.610662615000251 ], [ 121.01140752300023, 14.610877669000274 ], [ 121.011630576000357, 14.611173418000135 ], [ 121.011871495000037, 14.611445382999989 ], [ 121.012121797000532, 14.611768247000271 ], [ 121.012296049000383, 14.61199603200015 ], [ 121.012454861000265, 14.612192033000156 ], [ 121.012861619000319, 14.612316472000032 ], [ 121.012992801000337, 14.611970758000211 ], [ 121.013187743000231, 14.61132904200025 ], [ 121.013277069000424, 14.61092023100025 ], [ 121.013372035000202, 14.610533543000201 ], [ 121.01338746800036, 14.610423987000217 ], [ 121.013400056000364, 14.610071121000146 ], [ 121.0134395460002, 14.609670232000269 ], [ 121.013654043000088, 14.609264532000111 ], [ 121.013794665000091, 14.608809648000317 ] ] ] ] } },
{ "type": "Feature", "properties": { "RTA_ID": "JRTA96", "TIME": 20 }, "geometry": { "type": "MultiPolygon", "coordinates": [ [ [ [ 121.05345355845418, 14.535672335144113 ], [ 121.0535173880005, 14.535065393000082 ], [ 121.052272740000149, 14.535182633000204 ], [ 121.052066262000153, 14.535196873000132 ], [ 121.052307103000203, 14.535047105000217 ], [ 121.052711251000119, 14.534837547000279 ], [ 121.052598023000201, 14.534598547000371 ], [ 121.052502066000329, 14.534283260000336 ], [ 121.052406109000231, 14.533803477000333 ], [ 121.052381291000302, 14.533431202000315 ], [ 121.052381074000095, 14.53326148400032 ], [ 121.052431270972647, 14.532944376074454 ], [ 121.052447849548571, 14.532575259506586 ], [ 121.052402956000492, 14.532573583000328 ], [ 121.051492391000124, 14.532461629000295 ], [ 121.05120877200045, 14.532461629000295 ], [ 121.051044572000364, 14.532521338000208 ], [ 121.050910226000383, 14.532595974000344 ], [ 121.050828126000397, 14.532685538000294 ], [ 121.050153290000253, 14.532439308000335 ], [ 121.049236948000726, 14.532126674000381 ], [ 121.04848590700044, 14.533661097000277 ], [ 121.048158899000555, 14.534347455000216 ], [ 121.048076248000257, 14.534512756000311 ], [ 121.047954069000184, 14.534706805000269 ], [ 121.047951698000247, 14.53478720100037 ], [ 121.047963453044986, 14.534820507301731 ], [ 121.047653622252255, 14.534921615196765 ], [ 121.047394261002637, 14.535072710970667 ], [ 121.047291944179165, 14.535183355907463 ], [ 121.047094448915914, 14.535453424731656 ], [ 121.047123832000239, 14.535478606000254 ], [ 121.047272251000436, 14.535586004000265 ], [ 121.047387199000354, 14.535632472000202 ], [ 121.047460569000123, 14.535644700000319 ], [ 121.048759230000201, 14.53561779800026 ], [ 121.050783344000365, 14.535611288000041 ], [ 121.05345355845418, 14.535672335144113 ] ] ] ] } },
{ "type": "Feature", "properties": { "RTA_ID": "JRTA251", "TIME": 45 }, "geometry": { "type": "MultiPolygon", "coordinates": [ [ [ [ 121.057711416022357, 14.532787462929775 ], [ 121.057614867000098, 14.532788198000048 ], [ 121.057434265000097, 14.532796540000049 ], [ 121.057370174000198, 14.5327972030002 ], [ 121.057169987000066, 14.532919991000028 ], [ 121.057082112000217, 14.532958489000066 ], [ 121.056265242000109, 14.533643201000018 ], [ 121.056115993000049, 14.533774943000083 ], [ 121.055773370000111, 14.534088425000107 ], [ 121.055654871000115, 14.534191170000156 ], [ 121.055566996000039, 14.534246792000147 ], [ 121.055316622000078, 14.534345287 ], [ 121.055182372000218, 14.534381410000094 ], [ 121.05504187300005, 14.534413284000038 ], [ 121.054821123000238, 14.534458783 ], [ 121.054626998000117, 14.534465283000202 ], [ 121.054583123000043, 14.534495156999981 ], [ 121.054016374000184, 14.534572405000176 ], [ 121.053420509000034, 14.534680796000146 ], [ 121.052711251000119, 14.534837547000279 ], [ 121.052307103000203, 14.535047105000217 ], [ 121.052066262000153, 14.535196873000132 ], [ 121.052272740000149, 14.535182633000204 ], [ 121.0535173880005, 14.535065393000082 ], [ 121.05345355845418, 14.535672335144113 ], [ 121.050783344000365, 14.535611288000041 ], [ 121.048759230000201, 14.53561779800026 ], [ 121.047460569000123, 14.535644700000319 ], [ 121.047387199000354, 14.535632472000202 ], [ 121.047272251000436, 14.535586004000265 ], [ 121.047123832000239, 14.535478606000254 ], [ 121.047094448915914, 14.535453424731656 ], [ 121.046997068754649, 14.535527409025747 ], [ 121.04691569118836, 14.535565956294022 ], [ 121.046791063, 14.535603319000018 ], [ 121.046491980000269, 14.535674298000288 ], [ 121.046654136000711, 14.535975736000353 ], [ 121.046904140000265, 14.536534448000396 ], [ 121.047057018000032, 14.537112411000521 ], [ 121.047151231000726, 14.537585272000683 ], [ 121.047184823000748, 14.538283256000682 ], [ 121.047189184000217, 14.538465769000766 ], [ 121.047155027000144, 14.539391809000676 ], [ 121.047093317002236, 14.540644299000746 ], [ 121.047101893004765, 14.541122440000777 ], [ 121.047158822004462, 14.541407084000696 ], [ 121.047203345004505, 14.541554910000684 ], [ 121.047030174273232, 14.541944002873606 ], [ 121.047007896731202, 14.541971522190408 ], [ 121.046962156033487, 14.54205193565349 ], [ 121.046915089023287, 14.542123733754806 ], [ 121.046803243244426, 14.542271880447402 ], [ 121.046663680593383, 14.542448798612497 ], [ 121.046552181200468, 14.542601013838521 ], [ 121.046495262407234, 14.542688270049325 ], [ 121.046287475246686, 14.542516940252767 ], [ 121.0462599458466, 14.54245997339342 ], [ 121.045926910707749, 14.54339867808784 ], [ 121.045705256706469, 14.54405699047129 ], [ 121.045339527605506, 14.545041134236556 ], [ 121.045317214242345, 14.545105580447228 ], [ 121.045370999000511, 14.545111405000682 ], [ 121.045731499000226, 14.545165987000757 ], [ 121.046009515735818, 14.545228133937599 ], [ 121.046397865542531, 14.545355745841391 ], [ 121.046602674769701, 14.545460513638488 ], [ 121.046935095901745, 14.545759062474986 ], [ 121.047362832097633, 14.546227760516786 ], [ 121.04762593318344, 14.546462503401472 ], [ 121.047846496968191, 14.546625563055784 ], [ 121.047968594776762, 14.546686218096966 ], [ 121.048169635000249, 14.546760423000705 ], [ 121.048383727327405, 14.546816193183645 ], [ 121.048567267905696, 14.546843763657193 ], [ 121.048726388920727, 14.546848490024047 ], [ 121.049066811001126, 14.54676539700074 ], [ 121.049137079000275, 14.546745034000764 ], [ 121.049411203000659, 14.546616291000305 ], [ 121.049647574000232, 14.546478338000725 ], [ 121.049868005000803, 14.546309756000255 ], [ 121.050266426000462, 14.545985037000662 ], [ 121.050624233000576, 14.545696873000793 ], [ 121.050751074000232, 14.54565158300079 ], [ 121.050879727000847, 14.545611732000793 ], [ 121.051009960000783, 14.545577394000588 ], [ 121.051141536000387, 14.545548629000791 ], [ 121.051274218, 14.545525490000557 ], [ 121.051407764000032, 14.545508019000806 ], [ 121.051541932000305, 14.545496248000802 ], [ 121.051676480000424, 14.54549019700039 ], [ 121.051811164000014, 14.545489879000741 ], [ 121.052360817000817, 14.545492740000157 ], [ 121.052485747000674, 14.54553061000081 ], [ 121.052608770000461, 14.545574279000789 ], [ 121.052729616000875, 14.5456236520007 ], [ 121.052848023000365, 14.545678620000615 ], [ 121.052964285000485, 14.54573937000049 ], [ 121.053074011000149, 14.545803329000364 ], [ 121.053180714000177, 14.545872213000735 ], [ 121.053271236000569, 14.545936274000439 ], [ 121.053342251001027, 14.545990454000673 ], [ 121.053427776000376, 14.546060689000342 ], [ 121.053510449000555, 14.546134259000212 ], [ 121.053590142000303, 14.546211047000725 ], [ 121.05371685700004, 14.546342735000792 ], [ 121.053763614000445, 14.546397598000794 ], [ 121.053806813000733, 14.546455304000574 ], [ 121.053844810000328, 14.546513216000392 ], [ 121.05387922400007, 14.546573327000658 ], [ 121.053909927000745, 14.546635415000821 ], [ 121.053936807000127, 14.546699252000508 ], [ 121.054145399000504, 14.547290235000673 ], [ 121.05419349689862, 14.547361356504894 ], [ 121.05435880259131, 14.547348981662935 ], [ 121.054857853465705, 14.547205843040047 ], [ 121.055113181820616, 14.547070441639733 ], [ 121.055380116009587, 14.546815113284993 ], [ 121.055627707141184, 14.546513361593099 ], [ 121.055823513282348, 14.546254973568182 ], [ 121.055632085479147, 14.546115086986902 ], [ 121.055056617353102, 14.545808170652265 ], [ 121.054519513766877, 14.545534138210371 ], [ 121.054234520026625, 14.545347796149827 ], [ 121.053828952012964, 14.544936747486815 ], [ 121.053527516326767, 14.544492814930834 ], [ 121.053363096861176, 14.544070804970374 ], [ 121.053308290373025, 14.543698120849285 ], [ 121.053319251671383, 14.543144575316489 ], [ 121.053417903350123, 14.542514300700191 ], [ 121.053587803464097, 14.542130655281085 ], [ 121.053742305490914, 14.541864500641793 ], [ 121.054152820193053, 14.541471489904268 ], [ 121.054543819948208, 14.541209880876636 ], [ 121.054959, 14.54095700000039 ], [ 121.055439, 14.54069200000049 ], [ 121.055557061637955, 14.540624300531022 ], [ 121.055645000000595, 14.540578000000664 ], [ 121.0558672163246, 14.540441961752606 ], [ 121.056135685322033, 14.540284129835129 ], [ 121.056317000000149, 14.540137000000584 ], [ 121.05651387509522, 14.539965970184141 ], [ 121.056802019685279, 14.539695834631459 ], [ 121.05708416126231, 14.539305638833127 ], [ 121.057252245606264, 14.538969470145389 ], [ 121.057384311876717, 14.538417193015221 ], [ 121.057432335975022, 14.537660813467426 ], [ 121.057510375134257, 14.535967964004328 ], [ 121.057576408269028, 14.53476736154812 ], [ 121.057717635536505, 14.532951832872811 ], [ 121.057711416022357, 14.532787462929775 ] ] ] ] } },
{ "type": "Feature", "properties": { "RTA_ID": "JRTA251", "TIME": 20 }, "geometry": { "type": "MultiPolygon", "coordinates": [ [ [ [ 121.05639158500037, 14.544708208000259 ], [ 121.056310959000257, 14.544450725000218 ], [ 121.056032209000477, 14.544455851000293 ], [ 121.055862959000478, 14.544428729000174 ], [ 121.055668643000331, 14.543917678000412 ], [ 121.055975247000561, 14.543977660000394 ], [ 121.056539111000234, 14.543899807000287 ], [ 121.056368954000277, 14.543718896000485 ], [ 121.056004075000374, 14.543112312000233 ], [ 121.055568548000224, 14.542348650000292 ], [ 121.055787195000107, 14.54225061800031 ], [ 121.055782904072998, 14.542133288306616 ], [ 121.055832035969388, 14.542035032187471 ], [ 121.055834424905925, 14.542024300170624 ], [ 121.055838321614601, 14.542016110519342 ], [ 121.055842864650685, 14.541986512884421 ], [ 121.055855920574459, 14.54192825408893 ], [ 121.055855352460753, 14.541905751802176 ], [ 121.055858027796944, 14.541888516841311 ], [ 121.055853205326684, 14.541818906004949 ], [ 121.055849857292174, 14.541799362244547 ], [ 121.055824063621117, 14.541713404348627 ], [ 121.055975989348212, 14.541495382063772 ], [ 121.056030691170349, 14.541425000433151 ], [ 121.056101403028947, 14.541369659714292 ], [ 121.056183734668707, 14.541332756816814 ], [ 121.056361686910236, 14.541121545908709 ], [ 121.05648063182025, 14.54097344382717 ], [ 121.056607413004372, 14.540769495000063 ], [ 121.057144482671333, 14.540000093743402 ], [ 121.057266930005653, 14.540092246000256 ], [ 121.057355432004897, 14.540343855000231 ], [ 121.057897928004991, 14.539721641000426 ], [ 121.058366174005869, 14.539195422000489 ], [ 121.058778795006219, 14.538634080000406 ], [ 121.059228541005723, 14.538049115000263 ], [ 121.05988491900564, 14.538516831000379 ], [ 121.059880918005661, 14.538384463999989 ], [ 121.059884918005764, 14.538318719000188 ], [ 121.05992954200542, 14.538209725000229 ], [ 121.059969917005787, 14.538145479000207 ], [ 121.060272414003066, 14.537756252000236 ], [ 121.061585278000848, 14.536146722000467 ], [ 121.061955086526154, 14.535684336456768 ], [ 121.062230376349362, 14.535321068664189 ], [ 121.061951859761166, 14.535303099851262 ], [ 121.061694306786308, 14.53524320381149 ], [ 121.061370868167046, 14.535045546877484 ], [ 121.061212143659645, 14.534856874349202 ], [ 121.061131284005114, 14.5346053109796 ], [ 121.061135529346529, 14.534279834808785 ], [ 121.06048601700013, 14.53438271600055 ], [ 121.059912769000221, 14.53453758400002 ], [ 121.059962145000213, 14.534739446000401 ], [ 121.059749020000254, 14.534763446000056 ], [ 121.058836646000259, 14.534883194000372 ], [ 121.057947522000063, 14.53502881500043 ], [ 121.057674245000271, 14.534735530999967 ], [ 121.057576408269028, 14.53476736154812 ], [ 121.057510375134484, 14.535967964004328 ], [ 121.057432335975022, 14.537660813467426 ], [ 121.057384311876717, 14.538417193015221 ], [ 121.057252245606264, 14.538969470145389 ], [ 121.05708416126231, 14.539305638833127 ], [ 121.056802019685279, 14.539695834631459 ], [ 121.05651387509522, 14.539965970184141 ], [ 121.056317000000149, 14.540137000000584 ], [ 121.056135685322033, 14.540284129834959 ], [ 121.0558672163246, 14.540441961752435 ], [ 121.055645000000595, 14.540578000000664 ], [ 121.055557061637955, 14.540624300531022 ], [ 121.055439, 14.54069200000049 ], [ 121.054959, 14.54095700000039 ], [ 121.054543819948435, 14.541209880876465 ], [ 121.054152820193053, 14.541471489904268 ], [ 121.053742305490914, 14.541864500641793 ], [ 121.053587803464097, 14.542130655281085 ], [ 121.053417903350123, 14.542514300700191 ], [ 121.053319251671383, 14.543144575316489 ], [ 121.053308290373025, 14.543698120849285 ], [ 121.053363096861176, 14.544070804970374 ], [ 121.053527516326767, 14.544492814930834 ], [ 121.053828952012964, 14.544936747486815 ], [ 121.054234520026625, 14.545347796149827 ], [ 121.054519513766877, 14.545534138210371 ], [ 121.055056617353102, 14.545808170652265 ], [ 121.055632085479147, 14.546115086986902 ], [ 121.055823513282348, 14.546254973568182 ], [ 121.055915097635079, 14.546120213734127 ], [ 121.056021343000111, 14.545949381000014 ], [ 121.056009795000136, 14.54580071099997 ], [ 121.056043552000574, 14.5456108260002 ], [ 121.056119506000641, 14.545501114000331 ], [ 121.056199680000304, 14.545429380000428 ], [ 121.056385346000297, 14.545285911 ], [ 121.05649946400024, 14.545206550000103 ], [ 121.056460565000521, 14.545131666000486 ], [ 121.056422455000416, 14.545029186000363 ], [ 121.05639158500037, 14.544708208000259 ] ] ] ] } },
{ "type": "Feature", "properties": { "RTA_ID": "JRTA110", "TIME": 20 }, "geometry": { "type": "MultiPolygon", "coordinates": [ [ [ [ 121.062961298950768, 14.584369019964299 ], [ 121.062936833000094, 14.583722683000076 ], [ 121.062943828000016, 14.582928983000158 ], [ 121.063077811000085, 14.580317274000151 ], [ 121.063074061000066, 14.580212405999987 ], [ 121.063051183000312, 14.579807432000052 ], [ 121.063047180000126, 14.579306713000108 ], [ 121.063015052000083, 14.578878116000112 ], [ 121.063329925000289, 14.578604131000077 ], [ 121.062586170000145, 14.577747566000141 ], [ 121.060495673457353, 14.575365778385731 ], [ 121.058723356939254, 14.576878819695025 ], [ 121.057235888400896, 14.578127668394529 ], [ 121.057288607000487, 14.578193472000464 ], [ 121.05813711855194, 14.579282318585285 ], [ 121.058470768118582, 14.579704405386167 ], [ 121.059519955309838, 14.581087242143951 ], [ 121.059946061985215, 14.581646004670858 ], [ 121.060022439596878, 14.581774640648462 ], [ 121.060046558842714, 14.581911316374487 ], [ 121.060022439596878, 14.582799708594052 ], [ 121.059994300476546, 14.583487107098392 ], [ 121.059929307035873, 14.584389485928341 ], [ 121.061806243552837, 14.584369019964299 ], [ 121.062961298950768, 14.584369019964299 ] ] ] ] } },
{ "type": "Feature", "properties": { "RTA_ID": "JRTA110", "TIME": 30 }, "geometry": { "type": "MultiPolygon", "coordinates": [ [ [ [ 121.065524932000585, 14.579841414000668 ], [ 121.066010057000312, 14.579817413000569 ], [ 121.066413682000757, 14.579849658000455 ], [ 121.066685557000596, 14.579922402000079 ], [ 121.06715255800043, 14.580080889000669 ], [ 121.067972185000031, 14.580525981000733 ], [ 121.068782052000756, 14.579230433000646 ], [ 121.068517425000209, 14.578980576000674 ], [ 121.068325799000604, 14.578771215000131 ], [ 121.06808154700002, 14.578495359000044 ], [ 121.067857421000554, 14.57822050300075 ], [ 121.067567293000707, 14.577840404000654 ], [ 121.06721666600049, 14.577517677000685 ], [ 121.066871665000463, 14.577274320000356 ], [ 121.066456418000712, 14.577054293 ], [ 121.066170484000509, 14.57694070300073 ], [ 121.065874663000386, 14.576844978000565 ], [ 121.065997161000041, 14.576578619000259 ], [ 121.06609991000073, 14.576392255000655 ], [ 121.066250782000338, 14.576018528000191 ], [ 121.065716403000351, 14.575307452000686 ], [ 121.065305400000511, 14.574841359000402 ], [ 121.064983023000423, 14.574491633000775 ], [ 121.063951266000231, 14.573338963000083 ], [ 121.063540111000407, 14.572887830000525 ], [ 121.063503310651413, 14.572843405978176 ], [ 121.06350731128191, 14.572839751942524 ], [ 121.063500148376534, 14.572829321747349 ], [ 121.062270816000364, 14.573925969000697 ], [ 121.061693399000205, 14.57436766100011 ], [ 121.061032425599478, 14.574907030726592 ], [ 121.060495673457467, 14.575365778385844 ], [ 121.062586170000259, 14.577747566000255 ], [ 121.063329925000403, 14.578604131000191 ], [ 121.063015052000196, 14.578878116000169 ], [ 121.063047180000126, 14.579306713000221 ], [ 121.063051183000425, 14.579807432000166 ], [ 121.063074061000179, 14.580212406000101 ], [ 121.063077811000085, 14.580317274000265 ], [ 121.06294382800013, 14.582928983000272 ], [ 121.062936833000208, 14.58372268300019 ], [ 121.062961298950881, 14.584369019964413 ], [ 121.063854379528948, 14.584369019964413 ], [ 121.063837472746627, 14.58225687973902 ], [ 121.063818150708812, 14.581025099848148 ], [ 121.06378443910296, 14.579899132200126 ], [ 121.063840317000199, 14.579896103000124 ], [ 121.06496905800077, 14.579875666000476 ], [ 121.065524932000585, 14.579841414000668 ] ] ] ] } },
{ "type": "Feature", "properties": { "RTA_ID": "JRTA240", "TIME": 20 }, "geometry": { "type": "MultiPolygon", "coordinates": [ [ [ [ 121.082060466547887, 14.541461579960071 ], [ 121.081672343629634, 14.541231934212874 ], [ 121.081373727791629, 14.540802934090493 ], [ 121.081227000000467, 14.540427000000591 ], [ 121.081174297718462, 14.540199299115955 ], [ 121.081147641594839, 14.540025249352198 ], [ 121.081195276649851, 14.539846988490126 ], [ 121.081239534625183, 14.539829856371114 ], [ 121.081360887136157, 14.539808441222192 ], [ 121.082124694119329, 14.539705648506697 ], [ 121.082437355294587, 14.539637120029738 ], [ 121.083032696438522, 14.539609994174043 ], [ 121.083371055793464, 14.539520050548163 ], [ 121.084781600278234, 14.539205961695473 ], [ 121.085775263193909, 14.53890757728459 ], [ 121.086152169817069, 14.538736256092875 ], [ 121.086323491009239, 14.538606337521855 ], [ 121.086340623128422, 14.538343645026544 ], [ 121.08618072334923, 14.53769547984848 ], [ 121.086035100335494, 14.537398523115144 ], [ 121.085780973899773, 14.5367289427885 ], [ 121.085649627652742, 14.536431986054993 ], [ 121.085565632678481, 14.53597881770645 ], [ 121.085699477360663, 14.535601078271156 ], [ 121.086190241193435, 14.535464259263847 ], [ 121.087439458221297, 14.535279851035966 ], [ 121.088272269572826, 14.535006213019699 ], [ 121.089100322002651, 14.534397071002161 ], [ 121.089618656462449, 14.533731827248744 ], [ 121.084630696802378, 14.529536663483213 ], [ 121.083692581652372, 14.527382119430001 ], [ 121.083464153396335, 14.527182244705614 ], [ 121.082363147333922, 14.526723395104625 ], [ 121.082156529118265, 14.526454739926351 ], [ 121.08326484292013, 14.525955901013219 ], [ 121.082979307599544, 14.525331292499345 ], [ 121.081626075466602, 14.52576501796824 ], [ 121.080660538631719, 14.524509579431424 ], [ 121.079469221820204, 14.522893218611671 ], [ 121.079616285374073, 14.522643465553244 ], [ 121.0798026521162, 14.522037203740581 ], [ 121.079921475019546, 14.520861812368082 ], [ 121.080261494933097, 14.520174462406601 ], [ 121.080901856744504, 14.519666024550361 ], [ 121.081645135722511, 14.518891783608581 ], [ 121.083130010128343, 14.516602167888095 ], [ 121.083400316776761, 14.515913012114936 ], [ 121.083627641006274, 14.515310108722304 ], [ 121.083785779601612, 14.514756623640892 ], [ 121.083880909849768, 14.514306917012163 ], [ 121.083869790730205, 14.514162368452901 ], [ 121.083903148089462, 14.514034498573267 ], [ 121.083947624569646, 14.513845473533706 ], [ 121.084036577529332, 14.513578614655785 ], [ 121.084131090048459, 14.513400708736469 ], [ 121.084208923888013, 14.513000420418223 ], [ 121.084303436407595, 14.512805835818767 ], [ 121.084420187167325, 14.512750240219532 ], [ 121.084486901887203, 14.512705763739973 ], [ 121.084520259246574, 14.512611251220562 ], [ 121.084520259246574, 14.512505619580793 ], [ 121.084609212206146, 14.512450023980819 ], [ 121.084614771766155, 14.512394428381583 ], [ 121.084559176166749, 14.512344392341561 ], [ 121.084614771766155, 14.512288796742155 ], [ 121.084737082085894, 14.51218872466228 ], [ 121.084987262284585, 14.511849591504131 ], [ 121.085509860921661, 14.51148822010606 ], [ 121.086032459559419, 14.511137967827494 ], [ 121.086110293399088, 14.511076812667625 ], [ 121.086221484598468, 14.511026776627602 ], [ 121.086315997117595, 14.510998978828184 ], [ 121.086410509637631, 14.510893347188755 ], [ 121.086421628757648, 14.510832192029056 ], [ 121.086399390517158, 14.510776596428911 ], [ 121.086493903037194, 14.510626488310265 ], [ 121.08465368868633, 14.509664684434256 ], [ 121.083697444370955, 14.509069811517463 ], [ 121.083686325250937, 14.508980858558175 ], [ 121.083608491411269, 14.508936382077877 ], [ 121.083513978891347, 14.508891905598489 ], [ 121.083330513412648, 14.508936382077877 ], [ 121.083224881773162, 14.509008656357594 ], [ 121.083119250133223, 14.509014215918057 ], [ 121.082913546414829, 14.508825190878895 ], [ 121.082874629494995, 14.508869667358795 ], [ 121.082846831694837, 14.508880786478642 ], [ 121.082763438295274, 14.508880786478642 ], [ 121.08274120005558, 14.508830750438619 ], [ 121.082735640495571, 14.508736237919209 ], [ 121.082763438295274, 14.508663963639492 ], [ 121.082791236095431, 14.508541653319753 ], [ 121.082407626457325, 14.508458259920189 ], [ 121.082235280098075, 14.508474938600671 ], [ 121.082135208018144, 14.508436021680495 ], [ 121.082129648458135, 14.508369306961242 ], [ 121.082085171978747, 14.508274794441832 ], [ 121.082096291098765, 14.508174722361957 ], [ 121.082157446258634, 14.508113567202088 ], [ 121.082218601417708, 14.508074650282651 ], [ 121.082201922738022, 14.50800793556283 ], [ 121.081962861659008, 14.507996816442983 ], [ 121.081896146939926, 14.507957899522808 ], [ 121.081935063859532, 14.50785226788355 ], [ 121.08199621901872, 14.507818910524009 ], [ 121.082163005817847, 14.507818910524009 ], [ 121.082313113937744, 14.507868946563519 ], [ 121.082363149977141, 14.507918982603371 ], [ 121.082474341176408, 14.507835589203808 ], [ 121.082546615455954, 14.507729957563811 ], [ 121.082574413256452, 14.507540932524989 ], [ 121.082546615455954, 14.507346347925534 ], [ 121.082435424257142, 14.507224037606704 ], [ 121.081946182979323, 14.507062810367302 ], [ 121.081679324100946, 14.507046131687559 ], [ 121.081495858621338, 14.507051691247455 ], [ 121.081395786542203, 14.507068369927424 ], [ 121.081306833582516, 14.507218478046582 ], [ 121.081273476222805, 14.507335228805687 ], [ 121.081156725463075, 14.50741862220525 ], [ 121.080989938663947, 14.507496456045601 ], [ 121.080989938663947, 14.507668802403941 ], [ 121.080951021744568, 14.507746636244292 ], [ 121.080456220906399, 14.507891184803555 ], [ 121.080222719388189, 14.507980137762502 ], [ 121.080061492148275, 14.508013495122782 ], [ 121.079966979628693, 14.507974578203289 ], [ 121.079855788429882, 14.50785226788355 ], [ 121.079733478110484, 14.507763314924091 ], [ 121.079488857471006, 14.507824470083222 ], [ 121.079488857471006, 14.507891184803555 ], [ 121.07965008471092, 14.508169162802062 ], [ 121.079739037669697, 14.508219198841346 ], [ 121.079689001630527, 14.508358187841395 ], [ 121.079666763390151, 14.508580570239928 ], [ 121.079761275910187, 14.508652844519645 ], [ 121.079955860509017, 14.508625046719317 ], [ 121.079994777429192, 14.508680642319803 ], [ 121.079827990630065, 14.508725118799362 ], [ 121.079638965590448, 14.508747357039056 ], [ 121.079527774391181, 14.50870844011888 ], [ 121.079255355952796, 14.508814071758877 ], [ 121.079149724313197, 14.508808512198925 ], [ 121.079021854433336, 14.508752916599178 ], [ 121.079071890473188, 14.508702880559667 ], [ 121.079127486073276, 14.508602808479623 ], [ 121.079077450033196, 14.508513855520334 ], [ 121.078938461033772, 14.508469379040037 ], [ 121.07873692698513, 14.508629216389977 ], [ 121.078682721275072, 14.50869593110923 ], [ 121.078636854905767, 14.50870844011888 ], [ 121.078607667216033, 14.50868342209958 ], [ 121.078570140186002, 14.508620877049907 ], [ 121.078449219756067, 14.508604198369426 ], [ 121.07846172876657, 14.508520804969862 ], [ 121.078457559096478, 14.508374866520626 ], [ 121.078140664177909, 14.508533313980251 ], [ 121.078007234738948, 14.508645895069208 ], [ 121.077907162658903, 14.50869593110923 ], [ 121.07783627826916, 14.508796003189275 ], [ 121.077802920909448, 14.508796003189275 ], [ 121.077719527509885, 14.508800172858685 ], [ 121.077748715200187, 14.508871057248598 ], [ 121.077802920909448, 14.508896075267899 ], [ 121.077815429919269, 14.508937771968419 ], [ 121.077773733219487, 14.509012826027913 ], [ 121.07749436533129, 14.509200461177272 ], [ 121.07737344490215, 14.509346399626509 ], [ 121.077340087542098, 14.509521525765535 ], [ 121.077160791732922, 14.509521525765535 ], [ 121.077135773712939, 14.509467320055194 ], [ 121.077031531963485, 14.50941728401591 ], [ 121.07693145988344, 14.50941728401591 ], [ 121.076835557474396, 14.509454811045543 ], [ 121.076814709124505, 14.509525695435457 ], [ 121.076627073975487, 14.509521525765535 ], [ 121.076577037935294, 14.509563222465317 ], [ 121.076577037935294, 14.509638276525152 ], [ 121.076635413315557, 14.509792554314117 ], [ 121.076660431334858, 14.509892626393253 ], [ 121.076731315724942, 14.510121958242053 ], [ 121.076835557474396, 14.510305423721661 ], [ 121.076885593514248, 14.510472210520788 ], [ 121.076885593514248, 14.510559773589762 ], [ 121.07688976318434, 14.510638997319916 ], [ 121.076935629553645, 14.510680694019698 ], [ 121.076981495923633, 14.510726560389628 ], [ 121.076960647573742, 14.510789105439301 ], [ 121.076843896814466, 14.510826632468934 ], [ 121.076793860774615, 14.510764087419261 ], [ 121.076706297704845, 14.510709881709829 ], [ 121.076585377275705, 14.510676524349776 ], [ 121.076489474866321, 14.510697372699667 ], [ 121.076501983876142, 14.510764087419261 ], [ 121.076510323216212, 14.510918365208738 ], [ 121.076464456846452, 14.510976740588319 ], [ 121.076426929816648, 14.511072642998045 ], [ 121.07646028717636, 14.511176884747499 ], [ 121.076593716615776, 14.511231090457102 ], [ 121.076660431334858, 14.511268617486962 ], [ 121.076627073975487, 14.511314483856665 ], [ 121.076501983876142, 14.511314483856665 ], [ 121.076660431334858, 14.511773147554266 ], [ 121.076827218133985, 14.512227641582456 ], [ 121.076806369784094, 14.512315204651429 ], [ 121.076639582984967, 14.512436125081365 ], [ 121.076635413315557, 14.512519518480929 ], [ 121.076606225625596, 14.512557045510619 ], [ 121.076547850246016, 14.512665456930165 ], [ 121.076539510905718, 14.512786377359419 ], [ 121.076418590476578, 14.512815565048811 ], [ 121.076343536417085, 14.512853092079183 ], [ 121.07624346433704, 14.512907297788615 ], [ 121.076222615987149, 14.51302404854772 ], [ 121.076176749617957, 14.513107441947284 ], [ 121.076039150508336, 14.513124120627765 ], [ 121.075955757108773, 14.513199174687088 ], [ 121.075843176019362, 14.513174156667787 ], [ 121.075726425259973, 14.513303416436543 ], [ 121.075567977800461, 14.513407658185997 ], [ 121.075476245061282, 14.513586953995514 ], [ 121.075501263081378, 14.513649499045187 ], [ 121.075563808131051, 14.513674517065169 ], [ 121.075638862190203, 14.513807946504585 ], [ 121.075914060408991, 14.514024769343393 ], [ 121.075901551398715, 14.514058126703446 ], [ 121.075909890738785, 14.514149859442739 ], [ 121.075930739088676, 14.514195725812442 ], [ 121.075943248098497, 14.514266610202355 ], [ 121.075943248098497, 14.514358342941989 ], [ 121.075959926778978, 14.514404209311351 ], [ 121.075968266119048, 14.514445906011133 ], [ 121.075984944798279, 14.514646050169802 ], [ 121.07600996281883, 14.514683577200174 ], [ 121.076018302158445, 14.514721104230034 ], [ 121.075984944798279, 14.514746122249846 ], [ 121.075843176019362, 14.514746122249846 ], [ 121.075688898230396, 14.514729443569365 ], [ 121.075597165490422, 14.514658559180361 ], [ 121.075576317140531, 14.514575165780627 ], [ 121.075517941761063, 14.514504281391226 ], [ 121.075517941761063, 14.514458415020783 ], [ 121.075472075391076, 14.514416718321002 ], [ 121.075397021331128, 14.51438336096146 ], [ 121.075259422222416, 14.51437085195181 ], [ 121.075142671462231, 14.514299967561897 ], [ 121.075067617403079, 14.514199895482591 ], [ 121.075009242023498, 14.514108162742957 ], [ 121.074984224003515, 14.513958054623401 ], [ 121.074909169944021, 14.513945545613751 ], [ 121.074850794563758, 14.513908018583379 ], [ 121.074709025784728, 14.513870491554258 ], [ 121.074592275024997, 14.513862152214188 ], [ 121.074563087335491, 14.513870491554258 ], [ 121.074492202946203, 14.513899679244048 ], [ 121.074412979216049, 14.513903848913969 ], [ 121.074358773506788, 14.51394137594383 ], [ 121.074271210437018, 14.51392469726386 ], [ 121.074066896608315, 14.513899679244048 ], [ 121.073979333538546, 14.513983072643612 ], [ 121.073862582778816, 14.513849643204367 ], [ 121.073779189379252, 14.513812116174165 ], [ 121.073766680369431, 14.513757910464733 ], [ 121.073791698389527, 14.513662008055348 ], [ 121.073766680369431, 14.513578614655785 ], [ 121.073562366540614, 14.513378470496605 ], [ 121.073495651820849, 14.513328434456753 ], [ 121.073387240401416, 14.51323670171746 ], [ 121.073387240401416, 14.513186665677438 ], [ 121.073395579740804, 14.513115781287524 ], [ 121.073408088751535, 14.513082423927983 ], [ 121.073395579740804, 14.513040727228201 ], [ 121.073266319972049, 14.513032387887961 ], [ 121.073220453602289, 14.512994860858498 ], [ 121.073112201283038, 14.512883797985978 ], [ 121.072986783367696, 14.512811187613863 ], [ 121.072986783367696, 14.51278478384279 ], [ 121.073065994682906, 14.51268576969926 ], [ 121.073112201283038, 14.512619760269843 ], [ 121.073085797510885, 14.512527347069749 ], [ 121.072630332451354, 14.512177497096559 ], [ 121.072478510765109, 14.512098285781747 ], [ 121.072346491906956, 14.51201247352418 ], [ 121.072194670220711, 14.511761637694178 ], [ 121.072108857963144, 14.511510801864404 ], [ 121.071759007989613, 14.510844106631851 ], [ 121.071593984417746, 14.510745092488833 ], [ 121.071508172160179, 14.510593270802588 ], [ 121.071230932558592, 14.510111401971528 ], [ 121.070892348836196, 14.509515745422391 ], [ 121.070832000338442, 14.509557000244513 ], [ 121.070697394000717, 14.50964111700074 ], [ 121.069881127000599, 14.510299640000426 ], [ 121.06965507900054, 14.510466193000809 ], [ 121.069381443000111, 14.51064464300083 ], [ 121.069114850000346, 14.510796395000227 ], [ 121.068828654718914, 14.510948220850253 ], [ 121.068863842002997, 14.510990068000353 ], [ 121.069208845003232, 14.511483535000593 ], [ 121.069367221002835, 14.511725268000077 ], [ 121.069588723003221, 14.512080494000543 ], [ 121.069910476003201, 14.512585585000295 ], [ 121.070303605000163, 14.513174420000098 ], [ 121.07164874300031, 14.515232281000124 ], [ 121.071942370000329, 14.51568925000015 ], [ 121.072301749000303, 14.516229088000046 ], [ 121.072707003000119, 14.516874920000191 ], [ 121.073116439000387, 14.517607523000152 ], [ 121.073200992000125, 14.517766906000134 ], [ 121.073266350000267, 14.517932815000108 ], [ 121.073378428000296, 14.518204637000167 ], [ 121.073412148000102, 14.518292283000164 ], [ 121.073551228000383, 14.518713922000131 ], [ 121.073643739000318, 14.519013070000199 ], [ 121.073685280000291, 14.51918951600021 ], [ 121.073767892000205, 14.519665031000216 ], [ 121.073833436000314, 14.520135756000172 ], [ 121.07389302200022, 14.520731612000134 ], [ 121.073875146000205, 14.521398969000188 ], [ 121.073805447000041, 14.522628925000163 ], [ 121.073722939000163, 14.523651594000114 ], [ 121.073694633000287, 14.523740986000234 ], [ 121.073635314000285, 14.523876982000104 ], [ 121.07358615600026, 14.523957422000194 ], [ 121.073532529000204, 14.524037863000217 ], [ 121.073446924000109, 14.52418932400019 ], [ 121.073383675000287, 14.524284568000098 ], [ 121.073303426000166, 14.524442934000206 ], [ 121.073273551000284, 14.52452405400021 ], [ 121.073211802000174, 14.524629297000104 ], [ 121.073136928000395, 14.524741541000139 ], [ 121.073049181000329, 14.52525950800009 ], [ 121.073010183000292, 14.525512242000218 ], [ 121.072972184000264, 14.525736103000213 ], [ 121.072932560000027, 14.525868595000134 ], [ 121.072843187000331, 14.526113705000171 ], [ 121.072755688000143, 14.526306443000124 ], [ 121.07269856400012, 14.526402562000214 ], [ 121.072653314000149, 14.5264853070002 ], [ 121.072595315000285, 14.526544554000225 ], [ 121.0724993150003, 14.526648673000238 ], [ 121.072322941000039, 14.526768166000238 ], [ 121.072239566000235, 14.526813664000258 ], [ 121.072131067000214, 14.526857912000196 ], [ 121.071725568000147, 14.526993781000158 ], [ 121.071663693000119, 14.52700778000019 ], [ 121.071582693000323, 14.527011655000251 ], [ 121.071523350180087, 14.52779972740791 ], [ 121.070845824511252, 14.527703923760953 ], [ 121.070363983657671, 14.527483823617843 ], [ 121.069923783371451, 14.527126904466911 ], [ 121.06956686422086, 14.526814600209946 ], [ 121.069239688332345, 14.526674806875917 ], [ 121.06897283178057, 14.526629835062806 ], [ 121.068641610808527, 14.526698363539879 ], [ 121.068311817513063, 14.526886816851516 ], [ 121.068059118754263, 14.527278000240869 ], [ 121.067874155318918, 14.528025468258079 ], [ 121.067738526041353, 14.528663163807778 ], [ 121.067695695743282, 14.529143814930819 ], [ 121.067712351970272, 14.529829099700521 ], [ 121.067893191006647, 14.530523902314201 ], [ 121.068147793334219, 14.530971240983433 ], [ 121.068637954287396, 14.531694277201836 ], [ 121.06850179300011, 14.531697688000236 ], [ 121.06832149398781, 14.531692217668137 ], [ 121.068043097050122, 14.531658905214044 ], [ 121.067569584310149, 14.531511378631592 ], [ 121.065815921548506, 14.53048107201613 ], [ 121.064623811584852, 14.529762474792449 ], [ 121.06361729957905, 14.529160471157923 ], [ 121.063317487492441, 14.528998667809446 ], [ 121.063135795000221, 14.52893090300023 ], [ 121.062935837000055, 14.528906346000213 ], [ 121.062789934000307, 14.528914025000233 ], [ 121.06266706800011, 14.528929384000207 ], [ 121.062567426000214, 14.528946446000191 ], [ 121.062113373000216, 14.529043051000258 ], [ 121.062074120000261, 14.529054265000127 ], [ 121.061967082000251, 14.529100198000094 ], [ 121.061842461000538, 14.529161328000214 ], [ 121.061263983000458, 14.529479356000365 ], [ 121.060797752001235, 14.529757612000651 ], [ 121.059771432284379, 14.530327682806501 ], [ 121.059538180082086, 14.530391091172532 ], [ 121.059620437854619, 14.530582170694686 ], [ 121.05966400000068, 14.530753000000232 ], [ 121.059721452952772, 14.53099717504557 ], [ 121.059766123748545, 14.531162065040917 ], [ 121.059841681770422, 14.531361492489168 ], [ 121.059940827730316, 14.53150885763165 ], [ 121.06014534695214, 14.531673391511504 ], [ 121.060347125244789, 14.531809020789467 ], [ 121.060615052554908, 14.53199842588532 ], [ 121.06087298612772, 14.532221619327913 ], [ 121.060938586270254, 14.532370646204981 ], [ 121.061004685879084, 14.532414958710262 ], [ 121.061110070659993, 14.532450220638054 ], [ 121.061271000000602, 14.532467 ], [ 121.061394606949989, 14.532536136090584 ], [ 121.061448798724427, 14.53259187867161 ], [ 121.061387901488729, 14.532788882831085 ], [ 121.061328915753506, 14.533060883308337 ], [ 121.061232002249881, 14.533344588453758 ], [ 121.061152334849794, 14.53365500663773 ], [ 121.061129000000392, 14.534045238242641 ], [ 121.061135529346529, 14.534279834808785 ], [ 121.061131284005114, 14.5346053109796 ], [ 121.061212143659645, 14.534856874349202 ], [ 121.061370868167046, 14.535045546877654 ], [ 121.061694306786308, 14.53524320381149 ], [ 121.061951859761166, 14.535303099851262 ], [ 121.062230376349362, 14.535321068664189 ], [ 121.063002551367958, 14.535270074812559 ], [ 121.064002647280176, 14.5352335969568 ], [ 121.065655691300776, 14.535178498274206 ], [ 121.066304270838941, 14.535366406570063 ], [ 121.066495854692789, 14.535500327156683 ], [ 121.067063045900568, 14.536157079969882 ], [ 121.06718580535437, 14.536563863478989 ], [ 121.067654881000067, 14.536594693000495 ], [ 121.06838100600055, 14.536587689000271 ], [ 121.069246162459649, 14.536622817720115 ], [ 121.069384254000965, 14.536342199000387 ], [ 121.069780874000116, 14.535572871000682 ], [ 121.069985621, 14.535161521000759 ], [ 121.070925821572246, 14.535302512307226 ], [ 121.071287499644541, 14.535730815288218 ], [ 121.071439785149096, 14.536025868452498 ], [ 121.071772909690026, 14.536273332396945 ], [ 121.072286873267331, 14.536349475149848 ], [ 121.072696140560538, 14.536225743177454 ], [ 121.074280621005073, 14.535435727000902 ], [ 121.074651081112734, 14.536250008686523 ], [ 121.072612022959561, 14.539468398309054 ], [ 121.073230947141155, 14.539751428140448 ], [ 121.073300797862544, 14.539794920229156 ], [ 121.073355534895313, 14.539825728968879 ], [ 121.073365473553395, 14.5398352977424 ], [ 121.073375212491669, 14.539841431476987 ], [ 121.073402194225764, 14.539870566242143 ], [ 121.073459627425109, 14.539925701969594 ], [ 121.073474800940176, 14.53994913773812 ], [ 121.073489883343768, 14.539965434906549 ], [ 121.073507036869842, 14.539998735386064 ], [ 121.073537686770237, 14.540045970819051 ], [ 121.073552100305847, 14.540086476960425 ], [ 121.073566621148416, 14.540114605687506 ], [ 121.073572491728441, 14.54014338608124 ], [ 121.073585635396284, 14.540180358027612 ], [ 121.073592228647385, 14.540240496693229 ], [ 121.073599933301011, 14.54027832742554 ], [ 121.073598464484121, 14.540297741137067 ], [ 121.073601162197633, 14.540321887452592 ], [ 121.073590584659769, 14.540403659837921 ], [ 121.073587474446526, 14.540444744654337 ], [ 121.073582470376209, 14.54046602668916 ], [ 121.073530112047251, 14.540602028309593 ], [ 121.073482892943161, 14.540762919131168 ], [ 121.073480489192889, 14.54077545835753 ], [ 121.073465919890509, 14.540929389551195 ], [ 121.073467112223852, 14.540941868007508 ], [ 121.07346608147725, 14.540954870290648 ], [ 121.073483953961272, 14.541117019384444 ], [ 121.073487481635425, 14.541133673268405 ], [ 121.073543830549852, 14.541305083783698 ], [ 121.07363304124317, 14.541462759976696 ], [ 121.073852843642385, 14.541584736842651 ], [ 121.074052501229744, 14.541736093131931 ], [ 121.07422783336051, 14.541913722532342 ], [ 121.074375353300866, 14.542113891972122 ], [ 121.074523793497974, 14.542384453556281 ], [ 121.074706534655206, 14.542634154608834 ], [ 121.074920704432316, 14.542858995930033 ], [ 121.075058871732494, 14.542937925367426 ], [ 121.075213195634774, 14.542979852629799 ], [ 121.075373370949478, 14.542982163103204 ], [ 121.076734992932643, 14.542933627713808 ], [ 121.077504247374122, 14.542775716019605 ], [ 121.077688060627452, 14.542423439853678 ], [ 121.078093893076357, 14.542041656735307 ], [ 121.078310337048947, 14.541861286757864 ], [ 121.078586904346366, 14.541650855118291 ], [ 121.079067890951933, 14.541446435810315 ], [ 121.079275316425196, 14.541476497473695 ], [ 121.079446667903426, 14.541563676296107 ], [ 121.07973826603245, 14.541783126434495 ], [ 121.080008820997818, 14.542023619737279 ], [ 121.080270153402239, 14.542272963232108 ], [ 121.08044471510982, 14.542444483017505 ], [ 121.080736313238845, 14.542639883825927 ], [ 121.081178721797869, 14.542956192334941 ], [ 121.081370194032388, 14.543035814452196 ], [ 121.081641288383707, 14.543187475627519 ], [ 121.08181759450008, 14.543327762215199 ], [ 121.081955985323589, 14.543426341979284 ], [ 121.082139874498239, 14.543505964096539 ], [ 121.082282056850886, 14.543509755626133 ], [ 121.082462154497193, 14.543502172567344 ], [ 121.082693437789885, 14.543469944567505 ], [ 121.082881118495266, 14.543428237744251 ], [ 121.0829808831121, 14.543372075714558 ], [ 121.083219749463865, 14.543173020422159 ], [ 121.083404586521169, 14.542976808775734 ], [ 121.083502692344723, 14.542810455423307 ], [ 121.083455394132443, 14.542397562829251 ], [ 121.08340674770875, 14.542231208418286 ], [ 121.083275401461719, 14.542126988026155 ], [ 121.08287543864401, 14.541840232655943 ], [ 121.082060466547887, 14.541461579960071 ] ] ] ] } },
{ "type": "Feature", "properties": { "RTA_ID": "JRTA240", "TIME": 30 }, "geometry": { "type": "MultiPolygon", "coordinates": [ [ [ [ 121.091739267000207, 14.539944083000194 ], [ 121.091854142000102, 14.539931458000126 ], [ 121.09194589200024, 14.539938582000161 ], [ 121.092080642000155, 14.539966830000196 ], [ 121.092364267000221, 14.539977202000159 ], [ 121.092559642000197, 14.539976076000244 ], [ 121.092917642000316, 14.539994448000186 ], [ 121.093243392000431, 14.540005320000205 ], [ 121.093734142000358, 14.540009317000226 ], [ 121.093895392000377, 14.540012441000158 ], [ 121.094029141000192, 14.539993441000206 ], [ 121.094251641000142, 14.5400098140002 ], [ 121.09450489100027, 14.540034561000198 ], [ 121.095043517000249, 14.540108428000167 ], [ 121.095273767000322, 14.540135675000215 ], [ 121.095429267000213, 14.54016217200018 ], [ 121.095651642000234, 14.540192919000162 ], [ 121.095764892000034, 14.540212792000148 ], [ 121.095853142000351, 14.54022166600015 ], [ 121.096021934000078, 14.540225921000058 ], [ 121.096138466000184, 14.540201644000092 ], [ 121.096910632218055, 14.540100192625118 ], [ 121.09711882868271, 14.539886211488692 ], [ 121.098035541674449, 14.538799228634218 ], [ 121.098602835092038, 14.537785852989828 ], [ 121.099449000000163, 14.536996000000215 ], [ 121.102062697678889, 14.535368290770236 ], [ 121.101286041606613, 14.534829422168059 ], [ 121.101139466808831, 14.534741858003088 ], [ 121.100977663459844, 14.534654293838116 ], [ 121.100646442488255, 14.534383987067713 ], [ 121.100341871479486, 14.534147944536073 ], [ 121.099898339947686, 14.533744387949355 ], [ 121.098765716509092, 14.532998188977899 ], [ 121.097682585859388, 14.532267218557024 ], [ 121.096669887255075, 14.53160668018171 ], [ 121.095917977577415, 14.531098427311008 ], [ 121.09548206032116, 14.530828120540605 ], [ 121.095150839349117, 14.53080337414616 ], [ 121.094853882615212, 14.530828120540605 ], [ 121.094608322239537, 14.530750074219725 ], [ 121.094332304762929, 14.530552103063997 ], [ 121.094044865873343, 14.530317964101016 ], [ 121.09308427746555, 14.529715722520507 ], [ 121.092445392185368, 14.530465252737258 ], [ 121.091877890735532, 14.531550286956019 ], [ 121.091181898391369, 14.532281971215298 ], [ 121.090286031322535, 14.533081470113132 ], [ 121.089618656462449, 14.533731827248403 ], [ 121.089100322002651, 14.534397071002161 ], [ 121.088272269572826, 14.535006213019699 ], [ 121.087439458221183, 14.535279851035625 ], [ 121.086190241193435, 14.535464259263506 ], [ 121.085699477360663, 14.535601078271156 ], [ 121.085565632678481, 14.535978817706109 ], [ 121.085649627652629, 14.536431986054652 ], [ 121.085780973899773, 14.536728942788159 ], [ 121.086035100335494, 14.537398523115144 ], [ 121.086180723349116, 14.53769547984848 ], [ 121.086340623128422, 14.538343645026544 ], [ 121.086323491009239, 14.538606337521685 ], [ 121.086152169817069, 14.538736256092534 ], [ 121.085775263193909, 14.53890757728459 ], [ 121.084781600277665, 14.539205961695131 ], [ 121.083371055793464, 14.539520050547992 ], [ 121.083032696438522, 14.539609994173873 ], [ 121.082437355294587, 14.539637120029397 ], [ 121.082124694118761, 14.539705648506356 ], [ 121.081360887136157, 14.539808441221851 ], [ 121.081239534624615, 14.539829856370943 ], [ 121.081195276649851, 14.539846988490126 ], [ 121.081147641594839, 14.540025249352027 ], [ 121.081174297718462, 14.540199299115955 ], [ 121.081227000000467, 14.54042700000042 ], [ 121.081373727791629, 14.540802934090493 ], [ 121.081672343629634, 14.541231934212533 ], [ 121.082060466547773, 14.541461579960071 ], [ 121.082875438643441, 14.541840232655602 ], [ 121.083275401461151, 14.542126988025814 ], [ 121.083303151236237, 14.542149006869067 ], [ 121.083510658000023, 14.541922882000051 ], [ 121.083583326000166, 14.541860661000158 ], [ 121.08362875000023, 14.541829793000261 ], [ 121.083668395000359, 14.541808107000236 ], [ 121.083717863000061, 14.541786847000253 ], [ 121.083768551000162, 14.541770932000247 ], [ 121.083802215254082, 14.541763358596143 ], [ 121.083836301000247, 14.5417579920001 ], [ 121.083881565000411, 14.541754323000191 ], [ 121.084352407000324, 14.541722015000232 ], [ 121.084841984000377, 14.541694977000077 ], [ 121.084867511000311, 14.541691938000099 ], [ 121.08491122900034, 14.541683400000124 ], [ 121.084954870000161, 14.541670449000208 ], [ 121.085030406000214, 14.541640766000171 ], [ 121.085360927000238, 14.541520505000221 ], [ 121.085583716000315, 14.541443057000208 ], [ 121.086135778000312, 14.541258534000121 ], [ 121.08692277900002, 14.541060231000188 ], [ 121.088523023000221, 14.540692430000206 ], [ 121.089871396000149, 14.540369068000246 ], [ 121.090303520000361, 14.540283071000147 ], [ 121.090766769000197, 14.540176699000256 ], [ 121.09160901700011, 14.539977457000077 ], [ 121.091739267000207, 14.539944083000194 ] ] ] ] } },
{ "type": "Feature", "properties": { "RTA_ID": "JRTA251", "TIME": 30 }, "geometry": { "type": "MultiPolygon", "coordinates": [ [ [ [ 121.064619891966913, 14.539513981146115 ], [ 121.06503665662126, 14.539201752152906 ], [ 121.065412761938546, 14.538793143906616 ], [ 121.065565990031246, 14.538588839783699 ], [ 121.066086036889715, 14.537952711037008 ], [ 121.066550364442037, 14.537576605719096 ], [ 121.066916784975547, 14.537177053420294 ], [ 121.067167920086831, 14.536745459400606 ], [ 121.06718580535437, 14.536563863478648 ], [ 121.067063045900568, 14.536157079969541 ], [ 121.066495854692789, 14.535500327156683 ], [ 121.066304270838941, 14.535366406570063 ], [ 121.065655691300435, 14.535178498273865 ], [ 121.064002647279608, 14.5352335969568 ], [ 121.063002551367958, 14.535270074812559 ], [ 121.062230376349362, 14.535321068664189 ], [ 121.061955086526154, 14.535684336456598 ], [ 121.061585278000621, 14.536146722000296 ], [ 121.060272414003066, 14.537756252000236 ], [ 121.061336793006262, 14.538433577000433 ], [ 121.061557669006561, 14.538571192000347 ], [ 121.062191421005878, 14.538907417000189 ], [ 121.062539172006495, 14.539077279000026 ], [ 121.062710672006915, 14.539149398000575 ], [ 121.063284548006436, 14.539351382000234 ], [ 121.063399793005942, 14.539229819000582 ], [ 121.063645673006476, 14.539407251000512 ], [ 121.063762674006739, 14.539486744999977 ], [ 121.063780299006339, 14.539495995000209 ], [ 121.064206812887619, 14.539878499202757 ], [ 121.064417067933164, 14.539716790013415 ], [ 121.064619891966913, 14.539513981146115 ] ] ] ] } },
{ "type": "Feature", "properties": { "RTA_ID": "JRTA251", "TIME": 30 }, "geometry": { "type": "MultiPolygon", "coordinates": [ [ [ [ 121.059962145000213, 14.534739446000231 ], [ 121.059912769000221, 14.53453758400002 ], [ 121.06048601700013, 14.53438271600038 ], [ 121.061135529346529, 14.534279834808785 ], [ 121.061129000000392, 14.5340452382423 ], [ 121.061152334849453, 14.533655006637389 ], [ 121.061232002249881, 14.533344588453417 ], [ 121.061328915753506, 14.533060883308167 ], [ 121.061387901488729, 14.532788882831085 ], [ 121.061448798724427, 14.53259187867161 ], [ 121.06139460694942, 14.532536136090243 ], [ 121.061271000000374, 14.532467 ], [ 121.061110070659993, 14.532450220637713 ], [ 121.061004685879084, 14.532414958710262 ], [ 121.060938586269913, 14.53237064620464 ], [ 121.060872986127492, 14.532221619327572 ], [ 121.06061505255434, 14.531998425885149 ], [ 121.060347125244789, 14.531809020789126 ], [ 121.060145346951913, 14.531673391511504 ], [ 121.059940827730316, 14.53150885763165 ], [ 121.059841681770422, 14.531361492488827 ], [ 121.059766123748545, 14.531162065040576 ], [ 121.059721452952203, 14.5309971750454 ], [ 121.059664000000453, 14.530753000000232 ], [ 121.059620437854051, 14.530582170694345 ], [ 121.059538180081859, 14.530391091172362 ], [ 121.059403805558304, 14.530427620168723 ], [ 121.05867569049019, 14.530438327743298 ], [ 121.058336617296845, 14.530445466126309 ], [ 121.058015390061428, 14.530466881275458 ], [ 121.057826222911331, 14.530513280765035 ], [ 121.057472356571452, 14.530732806982314 ], [ 121.057675758833511, 14.531845111172402 ], [ 121.057717635536505, 14.532951832872811 ], [ 121.057576408269028, 14.53476736154812 ], [ 121.057674245000271, 14.534735530999967 ], [ 121.057947522000063, 14.53502881500026 ], [ 121.058836646000259, 14.534883194000201 ], [ 121.059749020000254, 14.534763446000056 ], [ 121.059962145000213, 14.534739446000231 ] ] ] ] } },
{ "type": "Feature", "properties": { "RTA_ID": "JRTA196", "TIME": 30 }, "geometry": { "type": "MultiPolygon", "coordinates": [ [ [ [ 121.065187154427804, 14.545467316565066 ], [ 121.064826189174141, 14.545188596559058 ], [ 121.064542899988169, 14.544877892290344 ], [ 121.064360132771071, 14.54457175720205 ], [ 121.064282456703722, 14.544251914572328 ], [ 121.064268749162693, 14.543429462096071 ], [ 121.064232195719455, 14.54322384897705 ], [ 121.064085981945709, 14.542935990610204 ], [ 121.063971752435009, 14.542817191919141 ], [ 121.063830107841795, 14.542757792573582 ], [ 121.063560526196966, 14.542721239130287 ], [ 121.063350343897127, 14.542734946671544 ], [ 121.063281806190957, 14.542785207656266 ], [ 121.063163007500066, 14.542899437166909 ], [ 121.063076193071538, 14.543009097496963 ], [ 121.062980240283423, 14.54323755651825 ], [ 121.062911702576685, 14.543470584719785 ], [ 121.062870579952801, 14.543717320462747 ], [ 121.06280204224629, 14.544050870633498 ], [ 121.06273350454012, 14.544320452278725 ], [ 121.062646690111933, 14.544530634578166 ], [ 121.062413661910227, 14.544905307372858 ], [ 121.062244602234728, 14.545115489672469 ], [ 121.062102957641514, 14.545216011641742 ], [ 121.061965882228947, 14.545289118528501 ], [ 121.06181053009459, 14.545325671971966 ], [ 121.061655177960233, 14.545334810332804 ], [ 121.061504395006068, 14.545311964430709 ], [ 121.061362750413195, 14.545238857543779 ], [ 121.061211967459258, 14.545092643770261 ], [ 121.061093168768139, 14.544928153275066 ], [ 121.06099264679824, 14.544681417532104 ], [ 121.06092410909207, 14.544366144082801 ], [ 121.060910401551155, 14.544037163092469 ], [ 121.06092867827283, 14.543932071942436 ], [ 121.060969800896714, 14.543836119153809 ], [ 121.061193690737355, 14.543593952591266 ], [ 121.061326196969731, 14.54348886144146 ], [ 121.061714577305793, 14.543342647667714 ], [ 121.062089250100371, 14.54309591192515 ], [ 121.062258309775871, 14.542958836512412 ], [ 121.062454784534111, 14.542684685686993 ], [ 121.062537029781879, 14.542401396500793 ], [ 121.062541598962412, 14.542163799118669 ], [ 121.062422800271406, 14.54150126795696 ], [ 121.062386246828055, 14.541286516477271 ], [ 121.062395385188665, 14.541122025981906 ], [ 121.062495907157995, 14.540866151878333 ], [ 121.062664966833495, 14.54062398531579 ], [ 121.062920840937181, 14.540432079737968 ], [ 121.063254391108217, 14.540240174160147 ], [ 121.063382328160287, 14.540194482356014 ], [ 121.063820715637803, 14.540069083737592 ], [ 121.064206812887619, 14.539878499202757 ], [ 121.063780299006339, 14.539495995000209 ], [ 121.063762674006739, 14.539486745000374 ], [ 121.063645673006476, 14.539407251000512 ], [ 121.063399793005942, 14.539229819000582 ], [ 121.063284548006436, 14.539351382000234 ], [ 121.062710672006915, 14.539149398000575 ], [ 121.062539172006495, 14.539077279000423 ], [ 121.062191421005878, 14.53890741700036 ], [ 121.061557669006788, 14.538571192000518 ], [ 121.06133679300649, 14.538433577000603 ], [ 121.060272414003862, 14.537756252000236 ], [ 121.059969917006015, 14.538145479000377 ], [ 121.05992954200542, 14.538209725000399 ], [ 121.059884918005764, 14.538318719000358 ], [ 121.059880918005661, 14.538384464000387 ], [ 121.05988491900564, 14.538516831000379 ], [ 121.059228541005723, 14.538049115000433 ], [ 121.058778795006219, 14.538634080000406 ], [ 121.058366174005869, 14.539195422000489 ], [ 121.057897928004991, 14.539721641000426 ], [ 121.057355432004897, 14.540343855000401 ], [ 121.057266930005653, 14.540092246000427 ], [ 121.057144482671333, 14.540000093743799 ], [ 121.056607413004372, 14.540769495000461 ], [ 121.05648063182025, 14.54097344382734 ], [ 121.056361686910236, 14.541121545908879 ], [ 121.056183734668934, 14.541332756816814 ], [ 121.056101403028947, 14.541369659714462 ], [ 121.056030691170349, 14.541425000433321 ], [ 121.05597598934844, 14.541495382063772 ], [ 121.055824063621117, 14.541713404348627 ], [ 121.055849857292174, 14.541799362244547 ], [ 121.055853205326912, 14.541818906005119 ], [ 121.055858027796944, 14.541888516841311 ], [ 121.055855352460753, 14.541905751802346 ], [ 121.055855920574459, 14.54192825408893 ], [ 121.055842864650685, 14.541986512884421 ], [ 121.055838321614601, 14.542016110519342 ], [ 121.055834424905925, 14.542024300170795 ], [ 121.055832035969388, 14.542035032187471 ], [ 121.055782904072998, 14.542133288306616 ], [ 121.055787195000107, 14.54225061800031 ], [ 121.055568548000224, 14.542348650000463 ], [ 121.056004075000374, 14.543112312000403 ], [ 121.056368954000277, 14.543718896000485 ], [ 121.056539111000234, 14.543899807000457 ], [ 121.055975247000561, 14.543977660000394 ], [ 121.055668643000331, 14.543917678000412 ], [ 121.055862959000478, 14.544428729000344 ], [ 121.056032209000477, 14.544455851000464 ], [ 121.056310959000371, 14.544450725000388 ], [ 121.05639158500037, 14.544708208000259 ], [ 121.056422455000416, 14.545029186000363 ], [ 121.056460565000521, 14.545131666000486 ], [ 121.05649946400024, 14.545206550000501 ], [ 121.056385346000297, 14.545285911000406 ], [ 121.056199680000304, 14.545429380000428 ], [ 121.056119506000869, 14.545501114000331 ], [ 121.056043552000801, 14.54561082600037 ], [ 121.056009795000136, 14.545800711000368 ], [ 121.056021343000111, 14.545949381000412 ], [ 121.055915097635079, 14.546120213734127 ], [ 121.055823513282348, 14.546254973568182 ], [ 121.056057007034156, 14.546425599997406 ], [ 121.056303636232769, 14.546699974980243 ], [ 121.056507105320748, 14.547039090127214 ], [ 121.056642751379627, 14.547378205273844 ], [ 121.056762983114027, 14.547769729125605 ], [ 121.056855469062384, 14.548367804930137 ], [ 121.056923292092392, 14.548771660241471 ], [ 121.057003446581689, 14.549039869493754 ], [ 121.057092849665196, 14.549203261337482 ], [ 121.057265490104214, 14.549434476210308 ], [ 121.057441213407287, 14.549597868053468 ], [ 121.057592273790192, 14.549708851192804 ], [ 121.057835820123159, 14.549853745846576 ], [ 121.058375321493486, 14.550140452288986 ], [ 121.058618867827136, 14.550291512672572 ], [ 121.058745265290327, 14.550442573056159 ], [ 121.058853323187009, 14.550604004840864 ], [ 121.061473781006271, 14.554027498000607 ], [ 121.063118933280862, 14.556271742607976 ], [ 121.065594313915767, 14.559669491292198 ], [ 121.06617779728731, 14.560502669916957 ], [ 121.066625180277697, 14.560085040600939 ], [ 121.067082086185792, 14.55928549630579 ], [ 121.067386636816764, 14.558524085574732 ], [ 121.067413565916013, 14.558510325840018 ], [ 121.067356285867277, 14.5579113527765 ], [ 121.066890904726165, 14.557578330593742 ], [ 121.066492345007759, 14.55716192491775 ], [ 121.066385269262469, 14.556897209880844 ], [ 121.066290090822235, 14.556706853000321 ], [ 121.066099733941769, 14.556498650162439 ], [ 121.065769583727274, 14.556126859380299 ], [ 121.065623841740603, 14.55587999030098 ], [ 121.065534611952899, 14.555591480653845 ], [ 121.065121180603114, 14.55447610830754 ], [ 121.064960566985292, 14.554163804050404 ], [ 121.064841593935057, 14.553842576814702 ], [ 121.064767235778618, 14.553735501069411 ], [ 121.0646780059908, 14.553568938798946 ], [ 121.064570930245509, 14.553301249435833 ], [ 121.064493597762862, 14.552893766738464 ], [ 121.064407342301479, 14.552477361062529 ], [ 121.064324061166189, 14.552055006733951 ], [ 121.06424970300975, 14.551698087583134 ], [ 121.06424970300975, 14.551495833397667 ], [ 121.064309189534811, 14.551311425169786 ], [ 121.064475751805276, 14.551058607437881 ], [ 121.064740466842181, 14.550883122188623 ], [ 121.065266922589672, 14.550621381478095 ], [ 121.06570117422325, 14.550514305732634 ], [ 121.06590045408268, 14.550469690838838 ], [ 121.066296039474878, 14.5504191272924 ], [ 121.066652958625582, 14.550350717788604 ], [ 121.067003929123985, 14.550184155518139 ], [ 121.067215106288245, 14.550017593247844 ], [ 121.067265669834683, 14.54986292828238 ], [ 121.067369771253766, 14.549630930834269 ], [ 121.067499159722161, 14.549383104188109 ], [ 121.067494590541742, 14.549259736316856 ], [ 121.067366653490126, 14.548994723852218 ], [ 121.067211301355769, 14.548738849748474 ], [ 121.067060518401377, 14.548569790072861 ], [ 121.066836628560395, 14.548428145479591 ], [ 121.06636600297702, 14.548172271375961 ], [ 121.066027883625907, 14.547939243174255 ], [ 121.065890808212998, 14.547806736941993 ], [ 121.065726317717576, 14.54743663332772 ], [ 121.065648641651023, 14.547194466765177 ], [ 121.065653210830988, 14.546582196588417 ], [ 121.065648641651023, 14.546294338221742 ], [ 121.065616657387523, 14.546093294283082 ], [ 121.065520704598725, 14.545883111983642 ], [ 121.065342635000547, 14.545650038000417 ], [ 121.065187154427804, 14.545467316565066 ] ] ] ] } },
{ "type": "Feature", "properties": { "RTA_ID": "JRTA239", "TIME": 20 }, "geometry": { "type": "MultiPolygon", "coordinates": [ [ [ [ 121.068669631440457, 14.549724269659805 ], [ 121.06852522600002, 14.549875272000065 ], [ 121.068434176000096, 14.550793534000206 ], [ 121.068393326000091, 14.550777951000043 ], [ 121.068343130000017, 14.550763366000183 ], [ 121.068282963000115, 14.550749593000205 ], [ 121.068211454000334, 14.550736314000062 ], [ 121.068067377000034, 14.550714958000071 ], [ 121.067658869000184, 14.550662707000129 ], [ 121.067545232000271, 14.550645011000086 ], [ 121.067447919000301, 14.550626786000066 ], [ 121.067356135000182, 14.550605492000102 ], [ 121.067277973000273, 14.55058238200013 ], [ 121.067212410000138, 14.550557151000078 ], [ 121.067158989000063, 14.550529616 ], [ 121.066652958625582, 14.550350717788774 ], [ 121.066296039474992, 14.550419127292571 ], [ 121.065900454082907, 14.550469690839009 ], [ 121.065701174223364, 14.550514305732634 ], [ 121.065266922589785, 14.550621381478265 ], [ 121.064740466842409, 14.550883122188793 ], [ 121.064475751805503, 14.551058607438051 ], [ 121.064309189535038, 14.551311425169956 ], [ 121.064249703009978, 14.551495833397837 ], [ 121.064249703009978, 14.551698087583134 ], [ 121.064324061166417, 14.552055006734122 ], [ 121.064407342301593, 14.552477361062699 ], [ 121.064493597763089, 14.552893766738464 ], [ 121.064570930245736, 14.553301249436004 ], [ 121.064678005990913, 14.553568938798946 ], [ 121.064767235778731, 14.553735501069411 ], [ 121.064841593935171, 14.553842576814873 ], [ 121.064960566985633, 14.554163804050404 ], [ 121.065121180603114, 14.554476108307711 ], [ 121.065534611953126, 14.555591480654016 ], [ 121.065623841740717, 14.55587999030115 ], [ 121.065769583727388, 14.55612685938047 ], [ 121.066099733941996, 14.556498650162609 ], [ 121.066290090822463, 14.556706853000492 ], [ 121.066385269262696, 14.556897209881015 ], [ 121.066492345008101, 14.557161924917921 ], [ 121.066890904726279, 14.557578330593913 ], [ 121.067356285867277, 14.5579113527765 ], [ 121.067380364697556, 14.55789619199777 ], [ 121.069604480163775, 14.556729781653246 ], [ 121.071407520831485, 14.555787742598852 ], [ 121.07242880634044, 14.555409186334145 ], [ 121.073208266008578, 14.555125941835854 ], [ 121.074063352960252, 14.554802749293799 ], [ 121.076021531540277, 14.55366488955616 ], [ 121.077162587069893, 14.553430143321293 ], [ 121.079984435719666, 14.553827572349633 ], [ 121.080613527694368, 14.553802114750397 ], [ 121.081109926530075, 14.553738146522903 ], [ 121.082102191044669, 14.553510466931982 ], [ 121.084000195006865, 14.553098477620154 ], [ 121.085598949181076, 14.553186384610626 ], [ 121.086327669065895, 14.553257873735674 ], [ 121.087583947269763, 14.553034711864086 ], [ 121.088284666818367, 14.552796278382971 ], [ 121.089234259316299, 14.552139896855692 ], [ 121.090372790332822, 14.552072508213996 ], [ 121.091648158965313, 14.552738192619756 ], [ 121.092427853032746, 14.552786376030951 ], [ 121.092651859011312, 14.552537243107622 ], [ 121.093278807050751, 14.55120390471393 ], [ 121.094209109709482, 14.547879303484422 ], [ 121.094522850174371, 14.545511687783232 ], [ 121.094979192422898, 14.544874061148732 ], [ 121.09516513036283, 14.54464442000409 ], [ 121.09384975390617, 14.544654000117475 ], [ 121.092824425642107, 14.544607 ], [ 121.092204194648957, 14.54461812336757 ], [ 121.091820293097726, 14.544657411666378 ], [ 121.091315371472092, 14.544850148007754 ], [ 121.091003186188459, 14.544981494255239 ], [ 121.090769533391267, 14.544997727976124 ], [ 121.090566463151049, 14.544972725225989 ], [ 121.090266716766109, 14.544854031337138 ], [ 121.089727319196868, 14.544587455512612 ], [ 121.089242385043917, 14.544324287125448 ], [ 121.088908308718715, 14.544107280281651 ], [ 121.088613255553923, 14.544025426823112 ], [ 121.088383875512932, 14.543895032360012 ], [ 121.087807094165214, 14.543721331706536 ], [ 121.087408772392905, 14.54363947824794 ], [ 121.086669235912154, 14.543589033674607 ], [ 121.086489348660166, 14.543567142633492 ], [ 121.086373706855284, 14.543579515830686 ], [ 121.08576313716128, 14.543866954720102 ], [ 121.085674621211865, 14.543886942192557 ], [ 121.085617514147543, 14.543884086839455 ], [ 121.085275823547249, 14.543711813862615 ], [ 121.084921283857398, 14.543548582837445 ], [ 121.084510588887838, 14.543344425083262 ], [ 121.084286919553165, 14.543194519039787 ], [ 121.08400995029217, 14.543029384446129 ], [ 121.083821972872556, 14.542924212269611 ], [ 121.083623525824805, 14.542837123996833 ], [ 121.083502692344723, 14.542810455423307 ], [ 121.083404586521169, 14.542976808775734 ], [ 121.083219749463865, 14.543173020421989 ], [ 121.0829808831121, 14.543372075714558 ], [ 121.082881118495266, 14.543428237744081 ], [ 121.082693437789885, 14.543469944567335 ], [ 121.082462154497193, 14.543502172567173 ], [ 121.082282056850886, 14.543509755625962 ], [ 121.082139874498239, 14.543505964096539 ], [ 121.081955985323361, 14.543426341979284 ], [ 121.08181759450008, 14.543327762215199 ], [ 121.081641288383707, 14.543187475627519 ], [ 121.081370194032388, 14.543035814452026 ], [ 121.081178721797869, 14.542956192334771 ], [ 121.080736313238845, 14.542639883825927 ], [ 121.08044471510982, 14.542444483017505 ], [ 121.080270153402012, 14.542272963232108 ], [ 121.080008820997818, 14.542023619737279 ], [ 121.07973826603245, 14.541783126434495 ], [ 121.079446667903426, 14.541563676295937 ], [ 121.079275316424969, 14.541476497473525 ], [ 121.079067890951706, 14.541446435810315 ], [ 121.078586904346139, 14.541650855118121 ], [ 121.078310337048947, 14.541861286757864 ], [ 121.078093893076129, 14.542041656735307 ], [ 121.077688060627452, 14.542423439853508 ], [ 121.077504247374122, 14.542775716019435 ], [ 121.077422696571034, 14.543034053655333 ], [ 121.077422696571034, 14.543382049827471 ], [ 121.077470285791037, 14.54406495513615 ], [ 121.077350916892783, 14.54486267337677 ], [ 121.077213304002498, 14.545147609893831 ], [ 121.077087192569024, 14.545321310547308 ], [ 121.076892076766399, 14.545416488987541 ], [ 121.076734007233654, 14.54543499157154 ], [ 121.076516243234551, 14.545414967458328 ], [ 121.076357241568758, 14.545327071951988 ], [ 121.076466207000635, 14.545595912000351 ], [ 121.076749258000518, 14.546423092000396 ], [ 121.076941418663637, 14.546978382607676 ], [ 121.076507060949666, 14.547320214417994 ], [ 121.076262895370633, 14.547435871797688 ], [ 121.076064992743795, 14.547518117045286 ], [ 121.075805406180621, 14.547582371144927 ], [ 121.075576661586069, 14.547659476064723 ], [ 121.075278522563622, 14.547811115739933 ], [ 121.075150014363771, 14.547885650495687 ], [ 121.074887857636895, 14.547962755415313 ], [ 121.074828743865169, 14.547967895743284 ], [ 121.074774770421755, 14.547957615087341 ], [ 121.074684814681973, 14.547916492463457 ], [ 121.074592288778263, 14.547831677051875 ], [ 121.074407236971069, 14.547561809832985 ], [ 121.074363544182916, 14.547523257373257 ], [ 121.074286439263574, 14.547520687209271 ], [ 121.074055124504639, 14.547628634096782 ], [ 121.074006291388628, 14.547659476064723 ], [ 121.07399601073314, 14.547710879344379 ], [ 121.074042273684881, 14.548109254762551 ], [ 121.074067975324283, 14.548232622634032 ], [ 121.074070545488553, 14.548371411489427 ], [ 121.074052554340597, 14.548443376081082 ], [ 121.074006291388628, 14.548541042312593 ], [ 121.073965168764744, 14.548602726248419 ], [ 121.073898344501117, 14.548638708544161 ], [ 121.073828950073789, 14.548661840020088 ], [ 121.073726143514136, 14.548677261004059 ], [ 121.073620766790782, 14.54868240133203 ], [ 121.073523100558987, 14.548659269856103 ], [ 121.073353469735821, 14.548597585920447 ], [ 121.07327122448828, 14.548582164936477 ], [ 121.073224961536084, 14.54858987542849 ], [ 121.073123059294062, 14.548737326688411 ], [ 121.072964661039009, 14.549017569754312 ], [ 121.072781893822366, 14.549242982655244 ], [ 121.072562573161804, 14.549419657631404 ], [ 121.072385898185189, 14.54951104124018 ], [ 121.072203130968546, 14.54956587140515 ], [ 121.0721117473596, 14.54956587140515 ], [ 121.071959441346053, 14.549535410202338 ], [ 121.071612183634102, 14.549425749872285 ], [ 121.071258833680531, 14.549291720579731 ], [ 121.070643517383928, 14.548871355980566 ], [ 121.070028201086757, 14.548444899141145 ], [ 121.069833249389035, 14.548396161216715 ], [ 121.069626113209893, 14.54848145258461 ], [ 121.068943782266501, 14.549334366263679 ], [ 121.068669631440457, 14.549724269659805 ] ] ] ] } },
{ "type": "Feature", "properties": { "RTA_ID": "JRTA267", "TIME": 20 }, "geometry": { "type": "MultiPolygon", "coordinates": [ [ [ [ 121.063881728279284, 14.586889570128278 ], [ 121.063135759000033, 14.586901348000083 ], [ 121.063129198822935, 14.586177485820144 ], [ 121.061826927097059, 14.586201500942821 ], [ 121.06182782726944, 14.586410910098607 ], [ 121.061011077017497, 14.586416364559852 ], [ 121.061021443000072, 14.586882078000087 ], [ 121.061049985000295, 14.587772312000027 ], [ 121.061081862000037, 14.588034545000141 ], [ 121.061115863000055, 14.588191160000065 ], [ 121.061174989000165, 14.588330775000145 ], [ 121.061239239000315, 14.588454267000088 ], [ 121.061508492000144, 14.588829742000144 ], [ 121.062088904, 14.588347815000134 ], [ 121.06295657000021, 14.589355818000172 ], [ 121.063006954446337, 14.589411190309363 ], [ 121.063520828648052, 14.589003302661467 ], [ 121.063916192503484, 14.588835571256539 ], [ 121.063888166505421, 14.587555926528921 ], [ 121.063881728279284, 14.586889570128278 ] ] ] ] } },
{ "type": "Feature", "properties": { "RTA_ID": "JRTA171", "TIME": 20 }, "geometry": { "type": "MultiPolygon", "coordinates": [ [ [ [ 121.024874892000184, 14.532037457000172 ], [ 121.026595474004694, 14.528863186000137 ], [ 121.026652598004716, 14.528700946000242 ], [ 121.026675972004796, 14.528571079000244 ], [ 121.026477296005055, 14.527503323000133 ], [ 121.026469804004932, 14.527377603000048 ], [ 121.026467345005017, 14.527275579000332 ], [ 121.026465674004953, 14.527075702000388 ], [ 121.026476915005105, 14.526877853000087 ], [ 121.026490405005347, 14.526790170000027 ], [ 121.0265128880053, 14.526709232000258 ], [ 121.026599639005326, 14.526568939000299 ], [ 121.026680735005243, 14.526472454000213 ], [ 121.027086592005276, 14.526059006000139 ], [ 121.027169923005772, 14.525945064000098 ], [ 121.027279283003281, 14.525759609000488 ], [ 121.027392137006018, 14.52584055799997 ], [ 121.027813456005561, 14.526186349000284 ], [ 121.028010832005634, 14.526332714000546 ], [ 121.030502176006394, 14.521663496000428 ], [ 121.03077292500609, 14.521467007000581 ], [ 121.030997048006157, 14.521148151000489 ], [ 121.031055047006248, 14.521052782000311 ], [ 121.031913165006017, 14.519934098000476 ], [ 121.032154161005792, 14.519443252000542 ], [ 121.032189160005942, 14.519306261000338 ], [ 121.032228785006168, 14.519186392999984 ], [ 121.032303409005976, 14.519070900000315 ], [ 121.032386908005606, 14.518985280000493 ], [ 121.032443908006144, 14.518934908000404 ], [ 121.03254490700624, 14.518852538000374 ], [ 121.032681157006323, 14.518809790000546 ], [ 121.032782157006068, 14.518745543000307 ], [ 121.032905031005839, 14.518655673000126 ], [ 121.032957781005848, 14.518595677000349 ], [ 121.033137778006335, 14.518201951000435 ], [ 121.033221277005623, 14.518026461000318 ], [ 121.033393900005876, 14.51768498200056 ], [ 121.03353302300593, 14.517427248000388 ], [ 121.03384914400624, 14.516781037000271 ], [ 121.035474329004387, 14.515146962000529 ], [ 121.035569787682221, 14.515045379216019 ], [ 121.0350352532123, 14.514713892543455 ], [ 121.034714025976314, 14.5144521518327 ], [ 121.034256723314229, 14.513892978496301 ], [ 121.033483398487306, 14.512798426433619 ], [ 121.033075915790164, 14.512173817919745 ], [ 121.032948019761307, 14.511953717776635 ], [ 121.032817149405901, 14.511677105434728 ], [ 121.032629661999636, 14.51091907709008 ], [ 121.030522267806646, 14.514927155800819 ], [ 121.030143787004477, 14.515657917000283 ], [ 121.029151576004892, 14.517471801000227 ], [ 121.028221379005117, 14.519115150000573 ], [ 121.023588798005335, 14.527660967000259 ], [ 121.023445346005701, 14.527932116000386 ], [ 121.022706360005486, 14.529233579999868 ], [ 121.022456599005523, 14.529630075000114 ], [ 121.022358896005699, 14.529795077000415 ], [ 121.022003949812529, 14.530441683681659 ], [ 121.022084051279307, 14.53048121263015 ], [ 121.02218693599059, 14.530538590010337 ], [ 121.022317711850746, 14.530624480935273 ], [ 121.022460678681682, 14.530723116965817 ], [ 121.02248969267589, 14.530766676323537 ], [ 121.022499468132082, 14.530822861266643 ], [ 121.022529945556926, 14.530845580801156 ], [ 121.022649638717212, 14.530862758986984 ], [ 121.022742733398331, 14.530867746201693 ], [ 121.02295219642906, 14.530856663501424 ], [ 121.023110124904861, 14.530855555231881 ], [ 121.023220650123903, 14.531173756522605 ], [ 121.023253091735228, 14.531239570788102 ], [ 121.023280463814217, 14.531242160039085 ], [ 121.02341889000013, 14.531643116000112 ], [ 121.023477892000415, 14.531919348000258 ], [ 121.023481642000206, 14.531917223000335 ], [ 121.023636517000114, 14.531943845000399 ], [ 121.02424989400015, 14.532205825000403 ], [ 121.024496269000224, 14.532218572000147 ], [ 121.024673268000356, 14.532176824000032 ], [ 121.024762893000229, 14.532112453000309 ], [ 121.024874892000184, 14.532037457000172 ] ] ] ] } },
{ "type": "Feature", "properties": { "RTA_ID": "JRTA12", "TIME": 30 }, "geometry": { "type": "MultiPolygon", "coordinates": [ [ [ [ 121.056057007034156, 14.546425599997406 ], [ 121.055823513282348, 14.546254973568182 ], [ 121.055627707141184, 14.546513361593099 ], [ 121.055380116009587, 14.546815113284993 ], [ 121.055113181820616, 14.547070441639733 ], [ 121.054857853465705, 14.547205843040047 ], [ 121.05435880259131, 14.547348981662935 ], [ 121.05419349689862, 14.547361356504894 ], [ 121.054223831000172, 14.547406211000293 ], [ 121.054325900126287, 14.547734789153992 ], [ 121.054771338754222, 14.5491252444981 ], [ 121.054948323646386, 14.549636270509097 ], [ 121.055285644338824, 14.550526263079234 ], [ 121.055569459747971, 14.55131048986766 ], [ 121.055681492146164, 14.551528953044453 ], [ 121.055671204000191, 14.551771964000125 ], [ 121.055671204000191, 14.551894775000108 ], [ 121.055649424000308, 14.551951872000132 ], [ 121.055640024950208, 14.55204385462855 ], [ 121.057294814209968, 14.551534688702418 ], [ 121.0573872544295, 14.551521770384966 ], [ 121.057478546829884, 14.551502333956364 ], [ 121.05756823240381, 14.551476477140454 ], [ 121.057655860223349, 14.551444329942285 ], [ 121.057740989706531, 14.551406053994185 ], [ 121.057823192832643, 14.551361841742732 ], [ 121.057902056294211, 14.551311915481733 ], [ 121.057977183575417, 14.551256526234624 ], [ 121.05804819694572, 14.551195952491412 ], [ 121.058114739358189, 14.551130498809869 ], [ 121.05817647624599, 14.551060494282865 ], [ 121.058233097203356, 14.550986290884794 ], [ 121.058284317547191, 14.550908261701125 ], [ 121.058329879747475, 14.550826799053141 ], [ 121.058545360029939, 14.550245919228701 ], [ 121.058375321492917, 14.550140452288645 ], [ 121.057835820123159, 14.549853745846235 ], [ 121.057592273790192, 14.549708851192463 ], [ 121.057441213406946, 14.549597868053468 ], [ 121.057265490103987, 14.549434476209967 ], [ 121.057092849664969, 14.549203261337141 ], [ 121.057003446581462, 14.549039869493583 ], [ 121.056923292092051, 14.54877166024113 ], [ 121.056855469062157, 14.548367804929796 ], [ 121.056762983113686, 14.547769729125264 ], [ 121.0566427513794, 14.547378205273844 ], [ 121.056507105320179, 14.547039090126873 ], [ 121.056303636232201, 14.546699974979902 ], [ 121.056057007034156, 14.546425599997406 ] ] ] ] } },
{ "type": "Feature", "properties": { "RTA_ID": "JRTA77", "TIME": 45 }, "geometry": { "type": "MultiPolygon", "coordinates": [ [ [ [ 121.065449721667164, 14.511357165302911 ], [ 121.065321230772952, 14.511128737046306 ], [ 121.067100067259616, 14.509349900559528 ], [ 121.066796080002291, 14.509092452000345 ], [ 121.066639580002402, 14.508953712000562 ], [ 121.066451204002533, 14.508780474000616 ], [ 121.066315578002673, 14.508648358000698 ], [ 121.066279327003031, 14.508577613000625 ], [ 121.06624845200281, 14.508510367000383 ], [ 121.066211576001592, 14.508398000000398 ], [ 121.06611882600032, 14.508430748000308 ], [ 121.065669578000211, 14.508634988000153 ], [ 121.06533382900011, 14.508768606 ], [ 121.065220079000142, 14.508815479000248 ], [ 121.065139330000306, 14.508874476000244 ], [ 121.065095455000119, 14.508918348000122 ], [ 121.06503258000032, 14.508973095000158 ], [ 121.06490583100026, 14.509098588000313 ], [ 121.064783457000203, 14.50922670600022 ], [ 121.064644458000203, 14.509343074000299 ], [ 121.064182586000129, 14.509794673000272 ], [ 121.063596840000173, 14.510447135000049 ], [ 121.063281968000183, 14.510775116000104 ], [ 121.063148218000379, 14.510867986000164 ], [ 121.063067594000131, 14.510900734000188 ], [ 121.062926594000146, 14.510947357000248 ], [ 121.062470095000322, 14.511072852000041 ], [ 121.061534972000118, 14.51133896600021 ], [ 121.061397097000167, 14.511324217000151 ], [ 121.061202097000205, 14.511319093999987 ], [ 121.060997097000154, 14.511302846000262 ], [ 121.060869472000149, 14.511303597000222 ], [ 121.060717847000319, 14.511327721000271 ], [ 121.060566473000222, 14.511367095000139 ], [ 121.060675849000177, 14.511663575000341 ], [ 121.06074110100019, 14.511889935000056 ], [ 121.060775602000376, 14.512025926000206 ], [ 121.060802852000052, 14.5120956720001 ], [ 121.060769728000196, 14.512207165000177 ], [ 121.06092673500018, 14.51338483900031 ], [ 121.060982239000168, 14.51395130200018 ], [ 121.061018116000014, 14.514274282000258 ], [ 121.061037618000114, 14.514650757000254 ], [ 121.061044748000086, 14.515322840000181 ], [ 121.061062248000439, 14.515356962000112 ], [ 121.061071124000136, 14.515596696999978 ], [ 121.061093125000184, 14.515649067999959 ], [ 121.061115127000221, 14.515930550000178 ], [ 121.061176754000144, 14.516328525000119 ], [ 121.061778548376196, 14.51833604589774 ], [ 121.063740204344981, 14.517015851341057 ], [ 121.063822170339108, 14.516582461671646 ], [ 121.064050598595713, 14.516025667796271 ], [ 121.064678776301207, 14.51436956293611 ], [ 121.064778713663486, 14.513984090253359 ], [ 121.065064248984186, 14.513612894336347 ], [ 121.065592489327514, 14.513198868121435 ], [ 121.065806640818096, 14.512713458076121 ], [ 121.06554965902933, 14.511671254155601 ], [ 121.065449721667164, 14.511357165302911 ] ] ] ] } },
{ "type": "Feature", "properties": { "RTA_ID": "JRTA240", "TIME": 30 }, "geometry": { "type": "MultiPolygon", "coordinates": [ [ [ [ 121.067695695743282, 14.529143814930819 ], [ 121.067738526041353, 14.528663163807778 ], [ 121.067874155318918, 14.528025468258079 ], [ 121.068059118754263, 14.527278000240869 ], [ 121.068311817513063, 14.526886816851516 ], [ 121.068641610808527, 14.526698363539879 ], [ 121.06897283178057, 14.526629835062806 ], [ 121.069239688332345, 14.526674806875917 ], [ 121.06956686422086, 14.526814600209946 ], [ 121.069923783371451, 14.527126904466911 ], [ 121.070363983657671, 14.527483823617843 ], [ 121.070845824511252, 14.527703923760953 ], [ 121.071523350180087, 14.52779972740791 ], [ 121.071582693000323, 14.527011655000251 ], [ 121.071663693000119, 14.52700778000019 ], [ 121.071725568000147, 14.526993781000158 ], [ 121.072131067000214, 14.526857912000196 ], [ 121.072239566000235, 14.526813664000258 ], [ 121.072322941000039, 14.526768166000238 ], [ 121.0724993150003, 14.526648673000238 ], [ 121.072595315000285, 14.526544554000225 ], [ 121.072653314000149, 14.5264853070002 ], [ 121.07269856400012, 14.526402562000214 ], [ 121.072755688000143, 14.526306443000124 ], [ 121.072843187000331, 14.526113705000171 ], [ 121.072932560000027, 14.525868595000134 ], [ 121.072972184000264, 14.525736103000213 ], [ 121.073010183000292, 14.525512242000218 ], [ 121.073049181000329, 14.52525950800009 ], [ 121.073136928000395, 14.524741541000139 ], [ 121.073211802000174, 14.524629297000104 ], [ 121.073273551000284, 14.52452405400021 ], [ 121.073303426000166, 14.524442934000206 ], [ 121.073383675000287, 14.524284568000098 ], [ 121.073446924000109, 14.52418932400019 ], [ 121.073532529000204, 14.524037863000217 ], [ 121.07358615600026, 14.523957422000194 ], [ 121.073635314000285, 14.523876982000104 ], [ 121.073694633000287, 14.523740986000234 ], [ 121.073722939000163, 14.523651594000114 ], [ 121.073805447000041, 14.522628925000163 ], [ 121.073875146000205, 14.521398969000188 ], [ 121.07389302200022, 14.520731612000134 ], [ 121.073833436000314, 14.520135756000172 ], [ 121.073767892000205, 14.519665031000216 ], [ 121.073685280000291, 14.51918951600021 ], [ 121.073643739000318, 14.519013070000199 ], [ 121.073551228000383, 14.518713922000131 ], [ 121.073412148000102, 14.518292283000164 ], [ 121.073378428000296, 14.518204637000167 ], [ 121.073266350000267, 14.517932815000108 ], [ 121.073200992000125, 14.517766906000134 ], [ 121.073116439000387, 14.517607523000152 ], [ 121.072707003000119, 14.516874920000191 ], [ 121.072301749000303, 14.516229088000046 ], [ 121.071942370000329, 14.51568925000015 ], [ 121.07164874300031, 14.515232281000124 ], [ 121.070303605000163, 14.513174420000098 ], [ 121.070038353003611, 14.512777197000162 ], [ 121.061778548376196, 14.518336045897797 ], [ 121.061946529000807, 14.520325765000166 ], [ 121.061964157000489, 14.520699241000159 ], [ 121.061974768000027, 14.520831819000648 ], [ 121.062010981000185, 14.521064742000647 ], [ 121.062056662000145, 14.521541312000465 ], [ 121.062043665000488, 14.522046280000325 ], [ 121.062135675000377, 14.52348443800048 ], [ 121.062272184001017, 14.525024714000381 ], [ 121.06231181000021, 14.525110333000271 ], [ 121.062311811000654, 14.525315695000586 ], [ 121.062304061000191, 14.5253628170002 ], [ 121.062348320000297, 14.526634610000713 ], [ 121.062413076000325, 14.527677169000754 ], [ 121.062371953000479, 14.527881531000617 ], [ 121.061842461000538, 14.529161328000214 ], [ 121.061967082000251, 14.529100198000094 ], [ 121.062074120000261, 14.529054265000127 ], [ 121.062113373000216, 14.529043051000258 ], [ 121.062567426000214, 14.528946446000191 ], [ 121.06266706800011, 14.528929384000207 ], [ 121.062789934000307, 14.528914025000233 ], [ 121.062935837000055, 14.528906346000213 ], [ 121.063135795000221, 14.52893090300023 ], [ 121.063317487492441, 14.528998667809446 ], [ 121.06361729957905, 14.529160471157923 ], [ 121.064623811584852, 14.529762474792449 ], [ 121.065815921548506, 14.53048107201613 ], [ 121.067569584310149, 14.531511378631592 ], [ 121.068043097050122, 14.531658905214044 ], [ 121.06832149398781, 14.531692217668137 ], [ 121.06850179300011, 14.531697688000236 ], [ 121.068637954287396, 14.531694277201836 ], [ 121.068147793334219, 14.530971240983433 ], [ 121.067893191006647, 14.530523902314201 ], [ 121.067712351970272, 14.529829099700521 ], [ 121.067695695743282, 14.529143814930819 ] ] ] ] } },
{ "type": "Feature", "properties": { "RTA_ID": "JRTA25", "TIME": 45 }, "geometry": { "type": "MultiPolygon", "coordinates": [ [ [ [ 121.047101893004424, 14.541122440000606 ], [ 121.047093317002691, 14.540644299000576 ], [ 121.047155027000144, 14.539391809000506 ], [ 121.047189184000217, 14.538465769000766 ], [ 121.047184823000634, 14.538283256000682 ], [ 121.047151231000726, 14.537585272000513 ], [ 121.04705701800026, 14.537112411000521 ], [ 121.046904140000265, 14.536534448000396 ], [ 121.046654136000711, 14.535975736000353 ], [ 121.046359008000081, 14.535426647000179 ], [ 121.045983880000108, 14.534892059000128 ], [ 121.045821254000316, 14.534728945000154 ], [ 121.045719253000016, 14.53465945 ], [ 121.045590503000199, 14.53459420500019 ], [ 121.045527003000075, 14.534571957000139 ], [ 121.045186378000039, 14.534523962000151 ], [ 121.044695503000185, 14.534560588000147 ], [ 121.043688526000096, 14.534617362000063 ], [ 121.043121379000127, 14.534621468000068 ], [ 121.042299630000116, 14.534677845000203 ], [ 121.042323503037892, 14.535582636412641 ], [ 121.042228324597659, 14.535880069038228 ], [ 121.041883302751899, 14.536106117833867 ], [ 121.040717366858985, 14.536451139679627 ], [ 121.040372345013225, 14.536593907340091 ], [ 121.04020578274276, 14.537747945927833 ], [ 121.040134398912528, 14.537914508198298 ], [ 121.040003528557236, 14.538045378553534 ], [ 121.03977747976171, 14.538128659688766 ], [ 121.039610917491245, 14.538152454298768 ], [ 121.03936766355605, 14.538213267782623 ], [ 121.039447410121511, 14.538505666012327 ], [ 121.039474008601928, 14.538802682374239 ], [ 121.039460155226379, 14.538909630429998 ], [ 121.039425489480209, 14.538955847038835 ], [ 121.039371493625822, 14.539037635615273 ], [ 121.039361519196063, 14.539158437046012 ], [ 121.039382022191262, 14.539241557296236 ], [ 121.039477333411469, 14.539338530922009 ], [ 121.039556574717267, 14.539415555687413 ], [ 121.039636924292267, 14.539503663152914 ], [ 121.039643019777827, 14.539611719478216 ], [ 121.039629166402278, 14.539709247238477 ], [ 121.039638032562721, 14.539787934409219 ], [ 121.039720598677718, 14.539858309554575 ], [ 121.039815355762926, 14.53989765313986 ], [ 121.039930615844241, 14.539898761409972 ], [ 121.040142849549852, 14.539881029089997 ], [ 121.040248689335499, 14.539883245629824 ], [ 121.040299903933601, 14.539887229028523 ], [ 121.040471960706668, 14.539984576939389 ], [ 121.040525162472022, 14.540043438467137 ], [ 121.04054893347336, 14.540101168042213 ], [ 121.040570440570036, 14.54018946033392 ], [ 121.040606663048379, 14.540268697005729 ], [ 121.040654205051624, 14.540330954390413 ], [ 121.04069155948298, 14.54036378101182 ], [ 121.040923609736183, 14.540401135442835 ], [ 121.04094689943895, 14.540492794133058 ], [ 121.040975714459023, 14.54054211214816 ], [ 121.04104608960472, 14.540571481302891 ], [ 121.041114248208601, 14.540580901598389 ], [ 121.041222858669016, 14.540568710628008 ], [ 121.041318169890815, 14.540570373033347 ], [ 121.041717147091958, 14.540716664673823 ], [ 121.041809133502625, 14.540671779738773 ], [ 121.04194268003755, 14.540595863242913 ], [ 121.042060156658295, 14.540650168473633 ], [ 121.042182620494373, 14.540688957923862 ], [ 121.042379892555459, 14.540695053408683 ], [ 121.042497923311316, 14.540665130118896 ], [ 121.042619278877055, 14.540598633918535 ], [ 121.042825971232901, 14.540400253587336 ], [ 121.042964504983274, 14.540325999496815 ], [ 121.043067574093698, 14.540326553632042 ], [ 121.04323935594482, 14.54038252126719 ], [ 121.043482067075843, 14.540480049027451 ], [ 121.043735306772419, 14.54059475497354 ], [ 121.04391983372841, 14.540724422563983 ], [ 121.044144258404458, 14.540895650279708 ], [ 121.044279467345177, 14.540933331460224 ], [ 121.044403593586026, 14.540910057789745 ], [ 121.044570388221359, 14.540809205219546 ], [ 121.044662374632026, 14.540786485684123 ], [ 121.04486740458367, 14.54085187361477 ], [ 121.045125631494443, 14.541029750950372 ], [ 121.045239229169852, 14.541120629090756 ], [ 121.045298521614995, 14.541251404951481 ], [ 121.045342298280616, 14.541465855197657 ], [ 121.045428189206291, 14.54163708291378 ], [ 121.045539016206703, 14.54172851518922 ], [ 121.045659817636874, 14.541773954259497 ], [ 121.045950184378512, 14.541830476029872 ], [ 121.046017234713759, 14.541883672990139 ], [ 121.0460460497344, 14.542217262261715 ], [ 121.0462599458466, 14.54245997339342 ], [ 121.046287475246686, 14.542516940252597 ], [ 121.046495262407234, 14.542688270049155 ], [ 121.046552181200468, 14.542601013838521 ], [ 121.046663680593383, 14.542448798612497 ], [ 121.046803243244426, 14.542271880447402 ], [ 121.046915089023287, 14.542123733754806 ], [ 121.046962156033487, 14.542051935653319 ], [ 121.047007896731202, 14.541971522190238 ], [ 121.047030174273232, 14.541944002873606 ], [ 121.047203345004505, 14.541554910000514 ], [ 121.047158822004462, 14.541407084000525 ], [ 121.047101893004424, 14.541122440000606 ] ] ] ] } },
{ "type": "Feature", "properties": { "RTA_ID": "JRTA25", "TIME": 30 }, "geometry": { "type": "MultiPolygon", "coordinates": [ [ [ [ 121.033595321620282, 14.533993401372811 ], [ 121.034354079628542, 14.532905313250637 ], [ 121.034954115, 14.531939689000069 ], [ 121.03540560700003, 14.530735138000125 ], [ 121.035477105000155, 14.530413657999986 ], [ 121.034925150270055, 14.529155282705517 ], [ 121.035010810866311, 14.528170185849206 ], [ 121.035082194696543, 14.527470624313366 ], [ 121.035253515888826, 14.526885276906057 ], [ 121.035524774443616, 14.526357036562672 ], [ 121.035867416828296, 14.526014394177764 ], [ 121.036267166277298, 14.525600367962852 ], [ 121.036923897514839, 14.524772315532857 ], [ 121.037751949944891, 14.523230424801 ], [ 121.031754288654611, 14.520141216872389 ], [ 121.031055047006021, 14.52105278200014 ], [ 121.030997048005929, 14.521148151000318 ], [ 121.030772925005977, 14.52146700700041 ], [ 121.030502176006053, 14.521663496000201 ], [ 121.028010832005634, 14.526332714000375 ], [ 121.027813456005561, 14.526186349000056 ], [ 121.027392137005677, 14.52584055799997 ], [ 121.027279283005896, 14.525759609000147 ], [ 121.027169923005772, 14.525945064000098 ], [ 121.027086592005276, 14.526059006000139 ], [ 121.026680735005243, 14.526472454000213 ], [ 121.02659963900544, 14.526568939000299 ], [ 121.0265128880053, 14.526709232000258 ], [ 121.026490405005461, 14.526790170000027 ], [ 121.026476915005105, 14.526877853000087 ], [ 121.026465674004953, 14.527075702000388 ], [ 121.026467345005017, 14.527275579000332 ], [ 121.026469804004932, 14.527377603000048 ], [ 121.026477296005169, 14.527503323000133 ], [ 121.026675972004909, 14.528571079000244 ], [ 121.026652598004716, 14.528700946000242 ], [ 121.026595474004694, 14.528863186000137 ], [ 121.024937175792161, 14.531922601164183 ], [ 121.024936125058616, 14.53192485763617 ], [ 121.02494522140023, 14.532031389146539 ], [ 121.024956322278513, 14.532103544856227 ], [ 121.025013024502414, 14.532153339408353 ], [ 121.025150858155712, 14.532183197700533 ], [ 121.025241995487477, 14.532184744169797 ], [ 121.025450679187884, 14.532208894441453 ], [ 121.025893387767724, 14.532177738998598 ], [ 121.026252901570274, 14.532136438290877 ], [ 121.026456823251237, 14.532100973650586 ], [ 121.026523319451599, 14.532113164620398 ], [ 121.026657420122092, 14.532251698371454 ], [ 121.026797062143032, 14.532454511782134 ], [ 121.026883459635769, 14.532567679319698 ], [ 121.026984223073896, 14.532660045799673 ], [ 121.027176876031831, 14.53280938377668 ], [ 121.027419909886021, 14.53300975505465 ], [ 121.027570634606718, 14.533047436235506 ], [ 121.027776772827906, 14.533062952015086 ], [ 121.027976261428648, 14.533121690325515 ], [ 121.028182399649609, 14.533205918846193 ], [ 121.028386321330686, 14.533283497746311 ], [ 121.02858802647188, 14.533414273606638 ], [ 121.02880098302046, 14.5336136807353 ], [ 121.028845145113451, 14.533673608788604 ], [ 121.028848017922087, 14.533691042150224 ], [ 121.028852420702492, 14.533701315304768 ], [ 121.02888746879546, 14.533930445964131 ], [ 121.02890004818596, 14.534025182192067 ], [ 121.028924940553907, 14.53408477696064 ], [ 121.028960023258833, 14.534097015113559 ], [ 121.029060875127016, 14.534085049637611 ], [ 121.0291991487818, 14.534032802589536 ], [ 121.029216442438042, 14.534032173729372 ], [ 121.029221956915308, 14.53403047172992 ], [ 121.02924840442472, 14.534031011475065 ], [ 121.029303929245202, 14.534028992390802 ], [ 121.02935155672867, 14.534032802589536 ], [ 121.029376323019846, 14.534061379079503 ], [ 121.029379264232716, 14.534071836724024 ], [ 121.029387089145871, 14.534078127340592 ], [ 121.02939484703586, 14.534135757380341 ], [ 121.029405230017574, 14.534276491236028 ], [ 121.02943363648626, 14.534350761761573 ], [ 121.029491266526179, 14.534412824882281 ], [ 121.02963201681689, 14.53446269703187 ], [ 121.029767225757837, 14.534480429352016 ], [ 121.03000217899887, 14.534320838471785 ], [ 121.030068675199232, 14.534340787331757 ], [ 121.030111897729512, 14.534388442941349 ], [ 121.030132954859596, 14.534512569182368 ], [ 121.030148155200095, 14.534614858688656 ], [ 121.03016544333866, 14.534660436509114 ], [ 121.030220451052742, 14.534690297839404 ], [ 121.03038390254676, 14.534729589064113 ], [ 121.030633794734058, 14.534775166884174 ], [ 121.030915119901124, 14.534850606035263 ], [ 121.031163440439059, 14.534929188484284 ], [ 121.031257739377907, 14.534948048271815 ], [ 121.031336321826871, 14.53494647662302 ], [ 121.031377184700318, 14.534907185398708 ], [ 121.031627076887617, 14.534614858688656 ], [ 121.031731484851662, 14.534480835027523 ], [ 121.031773688117255, 14.534477204041707 ], [ 121.031863577353988, 14.534476769794026 ], [ 121.032006879035976, 14.534501521902655 ], [ 121.032090326934508, 14.534521714412563 ], [ 121.032197441322978, 14.534534452339699 ], [ 121.032427303010877, 14.534555875217393 ], [ 121.032482886693174, 14.534537926319558 ], [ 121.032599265029035, 14.534463814742935 ], [ 121.032965373216712, 14.534247302145786 ], [ 121.033154769468979, 14.534130645033883 ], [ 121.033302992622566, 14.534071630259859 ], [ 121.033448470903181, 14.534024967415064 ], [ 121.033595321620282, 14.533993401372811 ] ] ] ] } },
{ "type": "Feature", "properties": { "RTA_ID": "JRTA79", "TIME": 30 }, "geometry": { "type": "MultiPolygon", "coordinates": [ [ [ [ 121.02255447398943, 14.600201507777342 ], [ 121.022392604000061, 14.599935691000042 ], [ 121.022014676000026, 14.599271791000206 ], [ 121.021584963855048, 14.598739975487149 ], [ 121.02132322314435, 14.598525823996624 ], [ 121.020918714773302, 14.598359261726159 ], [ 121.020204876471666, 14.598228391370924 ], [ 121.01962190852521, 14.598168904845693 ], [ 121.019030975191981, 14.598091004377409 ], [ 121.018994779260424, 14.598059603769968 ], [ 121.018954576000169, 14.598033530000123 ], [ 121.018743038000025, 14.597946750000062 ], [ 121.018354824000085, 14.597818609000058 ], [ 121.017773318000081, 14.597658283000101 ], [ 121.017637432000015, 14.597624598000039 ], [ 121.016814071000226, 14.60011009100009 ], [ 121.018571955000198, 14.600646581999968 ], [ 121.019734097000082, 14.601057323000305 ], [ 121.019968421000272, 14.601222242 ], [ 121.020272760886201, 14.601543359852315 ], [ 121.02148559885245, 14.600879890382373 ], [ 121.02255447398943, 14.600201507777342 ] ] ] ] } },
{ "type": "Feature", "properties": { "RTA_ID": "JRTA75", "TIME": 30 }, "geometry": { "type": "MultiPolygon", "coordinates": [ [ [ [ 121.035922881000261, 14.573464788000308 ], [ 121.036639753000259, 14.572899070000176 ], [ 121.036792733000311, 14.572765523000271 ], [ 121.036867752000148, 14.572813949000192 ], [ 121.03715312700001, 14.57286781900018 ], [ 121.037197627000182, 14.572857319000207 ], [ 121.037227127000165, 14.572835945000236 ], [ 121.037370244000158, 14.572612010000228 ], [ 121.037342760000229, 14.572561624000173 ], [ 121.037704623000081, 14.572265229000266 ], [ 121.038065871000299, 14.571959121000134 ], [ 121.037427866000144, 14.571184924000306 ], [ 121.037808864, 14.570892565000179 ], [ 121.037971238000182, 14.570771072000184 ], [ 121.038195237000082, 14.570585833000223 ], [ 121.038324111000179, 14.570434216000194 ], [ 121.038365236000118, 14.570371220000311 ], [ 121.038409735000073, 14.57026310200024 ], [ 121.038439734000235, 14.570176607000292 ], [ 121.03848423400018, 14.570111986000143 ], [ 121.03857685800017, 14.570046740000294 ], [ 121.038779733000183, 14.569929245999958 ], [ 121.039120856000295, 14.569723257000248 ], [ 121.039303730000142, 14.569571265000093 ], [ 121.039386980000018, 14.569506894000199 ], [ 121.039470854000115, 14.569419899000195 ], [ 121.039719477000176, 14.569106667000199 ], [ 121.039781351000329, 14.568976925000129 ], [ 121.040017473000148, 14.56850182900007 ], [ 121.040030347000311, 14.568437208000148 ], [ 121.040202654253903, 14.568041698564969 ], [ 121.037540464045833, 14.567392363704244 ], [ 121.037381187000051, 14.56812334200032 ], [ 121.037303823000116, 14.568463582999925 ], [ 121.037269562000233, 14.568543526000269 ], [ 121.037229591000369, 14.568617759000233 ], [ 121.037178199000209, 14.568674861000204 ], [ 121.03711538600021, 14.568731963000289 ], [ 121.036886978000211, 14.568891849000011 ], [ 121.036453002000144, 14.569171649000282 ], [ 121.036333088000106, 14.569263012000079 ], [ 121.03623601400011, 14.569377217000238 ], [ 121.03620746300021, 14.569491421000237 ], [ 121.036224594000259, 14.569639886000175 ], [ 121.036236901000052, 14.569719578000218 ], [ 121.036138607000339, 14.569735274000266 ], [ 121.035485733000314, 14.569853646000297 ], [ 121.035426608000307, 14.569854896000209 ], [ 121.035389608000287, 14.569832898000186 ], [ 121.035316233000117, 14.569755278000116 ], [ 121.034109435000119, 14.570676332000119 ], [ 121.034332241000129, 14.570933709000201 ], [ 121.034413866000364, 14.57098770500005 ], [ 121.034522117000165, 14.571063700000195 ], [ 121.03462111700037, 14.571086198000103 ], [ 121.034705992000227, 14.571101321000413 ], [ 121.035178993000159, 14.571349427000143 ], [ 121.035323493000419, 14.571402923000107 ], [ 121.03538101200013, 14.571484210000222 ], [ 121.035416085000179, 14.571570970000266 ], [ 121.035423469000079, 14.57165773000014 ], [ 121.035410547000311, 14.571798023000326 ], [ 121.03537732000018, 14.571938315000011 ], [ 121.03531574800013, 14.57211050300026 ], [ 121.035256499000184, 14.572217497000395 ], [ 121.035267000000431, 14.572386611000354 ], [ 121.035395130000211, 14.57318205900043 ], [ 121.035864129000174, 14.573149809000256 ], [ 121.035922881000261, 14.573464788000308 ] ] ] ] } },
{ "type": "Feature", "properties": { "RTA_ID": "JRTA75", "TIME": 45 }, "geometry": { "type": "MultiPolygon", "coordinates": [ [ [ [ 121.037540464045833, 14.567392363704187 ], [ 121.037010362042793, 14.567263036539202 ], [ 121.036115729374728, 14.567186856968078 ], [ 121.035068719133392, 14.56726307971104 ], [ 121.034135966982831, 14.567396275732904 ], [ 121.033393526577925, 14.567948307186498 ], [ 121.032141664737765, 14.569056193788356 ], [ 121.032441106000078, 14.569301449000079 ], [ 121.032871858000021, 14.569635551000147 ], [ 121.032939858000191, 14.569666423000228 ], [ 121.033357236000029, 14.570089269000221 ], [ 121.033504674000028, 14.569977559999927 ], [ 121.033680982000192, 14.570152065000116 ], [ 121.033737728000119, 14.570200704000285 ], [ 121.033814740000253, 14.570229077000249 ], [ 121.034046941000042, 14.570525889000294 ], [ 121.034010262000265, 14.570552031000318 ], [ 121.034109435, 14.570676332000062 ], [ 121.035316233, 14.569755278000059 ], [ 121.035389608000173, 14.569832898000072 ], [ 121.035426608000193, 14.569854896000095 ], [ 121.035485733000201, 14.569853646000183 ], [ 121.036138607000225, 14.569735274000152 ], [ 121.036236901000052, 14.569719578000104 ], [ 121.036224594000146, 14.569639886000061 ], [ 121.036207463000096, 14.569491421000123 ], [ 121.036236014, 14.569377217000124 ], [ 121.036333088000106, 14.569263012000135 ], [ 121.03645300200003, 14.569171649000168 ], [ 121.036886978000098, 14.568891849000067 ], [ 121.037115386000096, 14.568731963000175 ], [ 121.037178199000095, 14.56867486100009 ], [ 121.037229591000255, 14.568617759000176 ], [ 121.03726956200012, 14.568543526000155 ], [ 121.037303823, 14.568463582999982 ], [ 121.037381187000051, 14.568123342000206 ], [ 121.037540464045833, 14.567392363704187 ] ] ] ] } },
{ "type": "Feature", "properties": { "RTA_ID": "JRTA75", "TIME": 30 }, "geometry": { "type": "MultiPolygon", "coordinates": [ [ [ [ 121.053291329681656, 14.581597490749573 ], [ 121.053618508929617, 14.581312948549794 ], [ 121.053687174976176, 14.581248309537784 ], [ 121.053111676385129, 14.580456541503565 ], [ 121.052623297000196, 14.58083146700028 ], [ 121.052215793000187, 14.580281130000287 ], [ 121.051799171000425, 14.580590363000226 ], [ 121.051439047000258, 14.580829600000186 ], [ 121.050996424000346, 14.581106085000215 ], [ 121.050345427000366, 14.581448567000166 ], [ 121.050244302000124, 14.581493815000158 ], [ 121.050012803000413, 14.581574186000182 ], [ 121.049921053000276, 14.581592310000246 ], [ 121.049841928000205, 14.581591686000195 ], [ 121.049570428000152, 14.581519817000185 ], [ 121.049371680000149, 14.581873296000026 ], [ 121.049236931000337, 14.582098157000246 ], [ 121.049092807000079, 14.582260398000244 ], [ 121.048950434000176, 14.582413014000281 ], [ 121.048847684000179, 14.582494259000157 ], [ 121.048798185000123, 14.582557131000215 ], [ 121.048861560000432, 14.582639000000142 ], [ 121.048945686000138, 14.582766242000389 ], [ 121.049097688000302, 14.583081971000297 ], [ 121.049363941000365, 14.583610060000183 ], [ 121.049763946000098, 14.584388883000429 ], [ 121.049852321000117, 14.584461878000354 ], [ 121.048614953000197, 14.585478196000224 ], [ 121.046502591000376, 14.587247971000181 ], [ 121.047310378937368, 14.587355590954019 ], [ 121.049229926445719, 14.585910477062725 ], [ 121.054403550023949, 14.585897304775642 ], [ 121.054251451000255, 14.585454663000178 ], [ 121.053926945000285, 14.584456104000196 ], [ 121.053757690000225, 14.583753524000201 ], [ 121.053659189000314, 14.583651781000185 ], [ 121.052548253000168, 14.582375566999929 ], [ 121.05247470208144, 14.582282818131091 ], [ 121.053291329681656, 14.581597490749573 ] ] ] ] } },
{ "type": "Feature", "properties": { "RTA_ID": "JRTA71", "TIME": 20 }, "geometry": { "type": "MultiPolygon", "coordinates": [ [ [ [ 121.091241675564788, 14.618565788115745 ], [ 121.091457192786493, 14.618555199057027 ], [ 121.091694810672038, 14.618573408350642 ], [ 121.091784632106624, 14.618584986150381 ], [ 121.091964014241512, 14.618611753628215 ], [ 121.092542105513076, 14.618692472551288 ], [ 121.093956026055139, 14.619032925364593 ], [ 121.095447697092482, 14.619338858179333 ], [ 121.096683388842507, 14.619611188104159 ], [ 121.099957190042574, 14.620346292689362 ], [ 121.101927011751854, 14.620756325900288 ], [ 121.10190946528553, 14.62033798120541 ], [ 121.1018799133426, 14.619710002413967 ], [ 121.101850361399329, 14.619288887224116 ], [ 121.101794951506122, 14.61872093581735 ], [ 121.101758011577317, 14.618392170449681 ], [ 121.101706295676763, 14.617779891128237 ], [ 121.101680437726486, 14.61736616392426 ], [ 121.101673049740498, 14.617090037955791 ], [ 121.101687825712361, 14.616912726296903 ], [ 121.10173215362704, 14.616587654922455 ], [ 121.101817115463405, 14.61619701517418 ], [ 121.101975957157833, 14.615613364297417 ], [ 121.102241924646023, 14.614757281444781 ], [ 121.102799717572566, 14.61293983694236 ], [ 121.103106003003518, 14.611910159924946 ], [ 121.102982254520953, 14.611906352279334 ], [ 121.102476327428235, 14.611944535456132 ], [ 121.102380869486069, 14.611961240595974 ], [ 121.1023092760297, 14.612004196669886 ], [ 121.102283025095517, 14.612068630780925 ], [ 121.102268706404175, 14.61218318031149 ], [ 121.102294957338245, 14.612281024702042 ], [ 121.102290184441131, 14.612319207878841 ], [ 121.102237682573218, 14.612431370960678 ], [ 121.1020443802405, 14.612710585440993 ], [ 121.101953695195789, 14.612796497588988 ], [ 121.101886874636193, 14.612825134971388 ], [ 121.101760392863071, 14.612832294317229 ], [ 121.10159811436165, 14.612863318148186 ], [ 121.10149549707387, 14.612891955530984 ], [ 121.101419130720274, 14.612932525156339 ], [ 121.101283103152923, 14.613063779826575 ], [ 121.101101733063274, 14.613266627953124 ], [ 121.101018207363722, 14.613300038232865 ], [ 121.100937068113012, 14.613304811130092 ], [ 121.100886952693486, 14.613309584027206 ], [ 121.100779562508706, 14.613197420945369 ], [ 121.100743765780635, 14.613190261599527 ], [ 121.100703196155109, 14.613206966739369 ], [ 121.100674558772539, 14.613209353187926 ], [ 121.100631602698627, 14.613197420945369 ], [ 121.100390571394882, 14.613054234032177 ], [ 121.100030217663857, 14.61281320272883 ], [ 121.099779640566112, 14.612691493852594 ], [ 121.099576792439393, 14.612565012079472 ], [ 121.099452697114771, 14.612431370960678 ], [ 121.099347693378263, 14.612343072364183 ], [ 121.099183028428456, 14.612343072364183 ], [ 121.099047000860992, 14.612438530306179 ], [ 121.09900404478708, 14.612438530306179 ], [ 121.098953929367667, 14.612428984512121 ], [ 121.098934837779098, 14.61239318778388 ], [ 121.098925291985097, 14.6122929569446 ], [ 121.098913359742141, 14.612233295730846 ], [ 121.098877563014071, 14.612196305778241 ], [ 121.098427850042526, 14.612192063203054 ], [ 121.098156325229752, 14.61221327607899 ], [ 121.098105414327392, 14.612200548353599 ], [ 121.098016320248121, 14.611996904743876 ], [ 121.098011202718794, 14.611957670351273 ], [ 121.097789212000293, 14.611982144000137 ], [ 121.097346942000286, 14.612046579000264 ], [ 121.096748388000151, 14.612164870000356 ], [ 121.096399452000128, 14.612219660999983 ], [ 121.096253307000211, 14.612237922000361 ], [ 121.095591044627099, 14.612369904932507 ], [ 121.095572059000347, 14.612293969000291 ], [ 121.095218885000236, 14.610976989000221 ], [ 121.094861076000029, 14.609617890000095 ], [ 121.094094478000557, 14.606801630000348 ], [ 121.093854424000142, 14.606786250000312 ], [ 121.092253539000126, 14.606741385000248 ], [ 121.092302176000317, 14.60814908000026 ], [ 121.092299816000036, 14.608215943 ], [ 121.092293537000046, 14.608266826000261 ], [ 121.09215451, 14.608785464000334 ], [ 121.092081371000518, 14.609019558000341 ], [ 121.092025161000493, 14.609210123000196 ], [ 121.092012585000248, 14.609267173000319 ], [ 121.091994428000362, 14.609336465000354 ], [ 121.091986917000327, 14.609409908000316 ], [ 121.091976812000325, 14.609487417000253 ], [ 121.091972125000098, 14.609770966000156 ], [ 121.091983126000287, 14.609946330000298 ], [ 121.092003879000345, 14.610466172000315 ], [ 121.092063635000272, 14.611291314000368 ], [ 121.092064830000481, 14.611659492000285 ], [ 121.092098084000213, 14.612053277000257 ], [ 121.092137017000255, 14.612970953000342 ], [ 121.092284347000259, 14.614762528000369 ], [ 121.092315975000133, 14.615287744000284 ], [ 121.087431589165021, 14.61633779639925 ], [ 121.087021215000277, 14.617713667000373 ], [ 121.08644649230871, 14.618193775984025 ], [ 121.086245088430587, 14.62243432217133 ], [ 121.086596479504124, 14.622078775355305 ], [ 121.088148880016774, 14.620584555230778 ], [ 121.088577383191932, 14.6201754455181 ], [ 121.089146258097344, 14.619617652591785 ], [ 121.089438083535697, 14.619352608601673 ], [ 121.08968188706649, 14.619167908957081 ], [ 121.089995876462353, 14.618946269383571 ], [ 121.090188887590671, 14.618846531575514 ], [ 121.090377281228257, 14.618754181753104 ], [ 121.09062108475905, 14.618683995888546 ], [ 121.090864888289843, 14.618628585994998 ], [ 121.091145631749782, 14.618576870094614 ], [ 121.091241675564788, 14.618565788115745 ] ] ] ] } },
{ "type": "Feature", "properties": { "RTA_ID": "JRTA251", "TIME": 45 }, "geometry": { "type": "MultiPolygon", "coordinates": [ [ [ [ 121.047094448915914, 14.535453424731656 ], [ 121.047291944179165, 14.535183355907463 ], [ 121.047394261002637, 14.535072710970667 ], [ 121.047653622252255, 14.534921615196765 ], [ 121.047963453044986, 14.534820507301731 ], [ 121.047951698000247, 14.53478720100037 ], [ 121.047954069000184, 14.534706805000269 ], [ 121.048076248000257, 14.534512756000311 ], [ 121.048158899000555, 14.534347455000216 ], [ 121.04848590700044, 14.533661097000277 ], [ 121.049236948000498, 14.532126674000381 ], [ 121.050153290000253, 14.532439308000335 ], [ 121.050828126000397, 14.532685538000294 ], [ 121.050910226000383, 14.532595974000344 ], [ 121.051044572000364, 14.532521338000208 ], [ 121.05120877200045, 14.532461629000295 ], [ 121.051492391000124, 14.532461629000295 ], [ 121.052402956000492, 14.532573583000328 ], [ 121.052447849548571, 14.532575259506586 ], [ 121.052431270972647, 14.532944376074454 ], [ 121.052381074000095, 14.53326148400032 ], [ 121.052381291000302, 14.533431202000315 ], [ 121.052406109000231, 14.533803477000333 ], [ 121.052502066000329, 14.534283260000336 ], [ 121.052598023000201, 14.534598547000371 ], [ 121.052711251000119, 14.534837547000279 ], [ 121.053420509000034, 14.534680796000146 ], [ 121.054016374000184, 14.534572405000176 ], [ 121.054583123000043, 14.534495156999981 ], [ 121.054626998000117, 14.534465283000202 ], [ 121.054821123000238, 14.534458783 ], [ 121.05504187300005, 14.534413284000038 ], [ 121.055182372000218, 14.534381410000094 ], [ 121.055316622000078, 14.534345287 ], [ 121.055566996000039, 14.534246792000147 ], [ 121.055654871000115, 14.534191170000156 ], [ 121.055773370000111, 14.534088425000107 ], [ 121.056115993000049, 14.533774943000083 ], [ 121.056265242000109, 14.533643201000018 ], [ 121.057082112000217, 14.532958489000066 ], [ 121.057169987000066, 14.532919991000028 ], [ 121.057370174000198, 14.5327972030002 ], [ 121.057434265000097, 14.532796540000049 ], [ 121.057614867000098, 14.532788198000048 ], [ 121.057711416022357, 14.532787462929775 ], [ 121.057675758833511, 14.531845111172402 ], [ 121.057472356571452, 14.530732806982314 ], [ 121.057826222911331, 14.530513280765035 ], [ 121.058015390061428, 14.530466881275458 ], [ 121.058336617296845, 14.530445466126309 ], [ 121.05867569049019, 14.530438327743298 ], [ 121.059403805558304, 14.530427620168723 ], [ 121.059771432284151, 14.530327682806501 ], [ 121.060797752001008, 14.529757612000651 ], [ 121.061263983000458, 14.529479356000365 ], [ 121.061842461000538, 14.529161327999986 ], [ 121.062371953000479, 14.527881531000617 ], [ 121.062413076000325, 14.527677169000583 ], [ 121.062348320000297, 14.526634610000542 ], [ 121.062304061000191, 14.5253628170002 ], [ 121.062311811000427, 14.525315695000415 ], [ 121.06231181000021, 14.525110333000271 ], [ 121.06227218400079, 14.525024714000381 ], [ 121.062135675000377, 14.52348443800048 ], [ 121.061303475506406, 14.524756276573612 ], [ 121.060532530140222, 14.524584955381215 ], [ 121.059604540347664, 14.526740747052429 ], [ 121.056513620501278, 14.526819269265673 ], [ 121.056031585666915, 14.526875043174527 ], [ 121.055331713991905, 14.525103145837761 ], [ 121.054516210576708, 14.522955220222116 ], [ 121.053183635014989, 14.523201360312612 ], [ 121.051429991076134, 14.523564281736014 ], [ 121.051285203526618, 14.523617624517613 ], [ 121.051170897566635, 14.523701448888346 ], [ 121.051083262997167, 14.523834805841886 ], [ 121.051033730414247, 14.524013885179556 ], [ 121.051102313990214, 14.525739905178341 ], [ 121.051087073195276, 14.525915174317277 ], [ 121.051037540613152, 14.526155216833786 ], [ 121.05040885783194, 14.52804888557381 ], [ 121.049986823000154, 14.528028439000309 ], [ 121.050131371980228, 14.529643304199055 ], [ 121.050051051563059, 14.530237980371339 ], [ 121.049839272944155, 14.53068408675091 ], [ 121.049588313434356, 14.531121197815935 ], [ 121.049231982000492, 14.531538378000562 ], [ 121.048847474159629, 14.531840028947443 ], [ 121.048571655391811, 14.532010477920778 ], [ 121.048114485000838, 14.532214480728669 ], [ 121.046712865000245, 14.532699444000343 ], [ 121.04671699000005, 14.532739941000614 ], [ 121.046723366000492, 14.53284668500072 ], [ 121.046729867000408, 14.532909681000774 ], [ 121.046750367000413, 14.533048172000065 ], [ 121.046759118000523, 14.533124291999968 ], [ 121.04676499300092, 14.533202537000136 ], [ 121.046775870000488, 14.533422398000653 ], [ 121.046783995000624, 14.533522266000034 ], [ 121.046782745000428, 14.533533265000528 ], [ 121.046783746000074, 14.533557764000307 ], [ 121.046787621000476, 14.533627259000639 ], [ 121.046790746000624, 14.533653383000512 ], [ 121.046792372000255, 14.533700130000568 ], [ 121.046792998000569, 14.533856995000463 ], [ 121.04679662300066, 14.533925615000101 ], [ 121.046796248000305, 14.533984487 ], [ 121.046808626000711, 14.534396460000778 ], [ 121.046809127000301, 14.53447820500088 ], [ 121.046803754000393, 14.534875305000696 ], [ 121.046794130000308, 14.535066043000313 ], [ 121.046772756000223, 14.53519616000051 ], [ 121.046731725000654, 14.535315107000315 ], [ 121.046638480000638, 14.535433783000542 ], [ 121.046535233000554, 14.53551559999994 ], [ 121.046451884000589, 14.535599761000242 ], [ 121.046491980000269, 14.535674298000288 ], [ 121.046791063, 14.535603319000018 ], [ 121.04691569118836, 14.535565956294022 ], [ 121.046997068754649, 14.535527409025747 ], [ 121.047094448915914, 14.535453424731656 ] ] ] ] } },
{ "type": "Feature", "properties": { "RTA_ID": "JRTA110", "TIME": 30 }, "geometry": { "type": "MultiPolygon", "coordinates": [ [ [ [ 121.057235888400896, 14.578127668394529 ], [ 121.056069575742981, 14.579132491523922 ], [ 121.055392071366555, 14.57969640235217 ], [ 121.055000308032163, 14.580062221094749 ], [ 121.05458519456522, 14.580422850919433 ], [ 121.053697565221114, 14.581262604384051 ], [ 121.054328861715931, 14.582167244782397 ], [ 121.054618119993165, 14.582607948454722 ], [ 121.054804692373068, 14.582909649501232 ], [ 121.054858768339727, 14.582924089470453 ], [ 121.055000154003551, 14.582852879000427 ], [ 121.055572307000261, 14.582574213000441 ], [ 121.055627627421927, 14.582544103958242 ], [ 121.055681946000277, 14.582512223000322 ], [ 121.055722310000419, 14.582486966000431 ], [ 121.055797040000471, 14.582436442000358 ], [ 121.055889287390414, 14.58236668061204 ], [ 121.055976711000653, 14.582292097000391 ], [ 121.056009777000554, 14.582261445000313 ], [ 121.056069882000315, 14.582198748000394 ], [ 121.056117408000659, 14.582147121000446 ], [ 121.056134547903525, 14.582126391510144 ], [ 121.056154400778041, 14.582108243468895 ], [ 121.056176581795626, 14.582093028657425 ], [ 121.056200661000389, 14.582081042000425 ], [ 121.056218788000024, 14.582074582000416 ], [ 121.056330182851411, 14.582050818533673 ], [ 121.057896552000102, 14.581976112000461 ], [ 121.057985310636013, 14.584410683107819 ], [ 121.059929307035873, 14.584389485928341 ], [ 121.059994300476546, 14.583487107098392 ], [ 121.060022439596878, 14.582799708594052 ], [ 121.060046558842714, 14.581911316374487 ], [ 121.060022439596878, 14.581774640648462 ], [ 121.059946061985443, 14.581646004670858 ], [ 121.059519955309838, 14.581087242143951 ], [ 121.058470768118582, 14.579704405386167 ], [ 121.05813711855194, 14.579282318585285 ], [ 121.057288607000487, 14.578193472000464 ], [ 121.057235888400896, 14.578127668394529 ] ] ] ] } },
{ "type": "Feature", "properties": { "RTA_ID": "JRTA219", "TIME": 30 }, "geometry": { "type": "MultiPolygon", "coordinates": [ [ [ [ 121.057235888400896, 14.578127668394814 ], [ 121.055886025703899, 14.576465917022745 ], [ 121.055842000000212, 14.576409000000183 ], [ 121.054666259000328, 14.575113569000223 ], [ 121.05409825500044, 14.574491612000315 ], [ 121.05355100300028, 14.574094016000117 ], [ 121.051907622000272, 14.573057342000141 ], [ 121.051846746000365, 14.572857980000151 ], [ 121.051759620000439, 14.572661243000141 ], [ 121.051697118000448, 14.572429258000227 ], [ 121.051663617000258, 14.572239270000296 ], [ 121.051665366000293, 14.572036782999987 ], [ 121.051685489000192, 14.57183542100023 ], [ 121.051735488000418, 14.571599935000279 ], [ 121.051844486000391, 14.571381324000185 ], [ 121.052073609000331, 14.571009096000296 ], [ 121.05217223300042, 14.570811108000271 ], [ 121.052280981000081, 14.570610495000267 ], [ 121.052329855000039, 14.570477253000092 ], [ 121.052342480000107, 14.57038500900029 ], [ 121.052048260000333, 14.569300861000102 ], [ 121.051906657000018, 14.56878471999994 ], [ 121.052015148000123, 14.568485748000285 ], [ 121.052662940000232, 14.568016123000234 ], [ 121.053262147000169, 14.567546498000183 ], [ 121.05366701700018, 14.56725500600021 ], [ 121.054282418000298, 14.566769187000261 ], [ 121.054877849000263, 14.56628809200015 ], [ 121.054632586143043, 14.565929018200109 ], [ 121.053243102821398, 14.566861806420491 ], [ 121.051629895481597, 14.567776999460762 ], [ 121.050544907696121, 14.568290998328393 ], [ 121.04968823645504, 14.568481360998021 ], [ 121.048450901389629, 14.568405169312882 ], [ 121.047042287835211, 14.568195808526241 ], [ 121.04658541994786, 14.568233824116362 ], [ 121.045924953635449, 14.56838542503823 ], [ 121.046230171536649, 14.569399094595781 ], [ 121.046363264732577, 14.569871929748842 ], [ 121.046566919445581, 14.570542410202393 ], [ 121.04689734587464, 14.571500362777613 ], [ 121.047117256324668, 14.572028133827587 ], [ 121.047317326356506, 14.572428434344943 ], [ 121.047687168308585, 14.573133642289974 ], [ 121.048867760272401, 14.574626434583649 ], [ 121.049656182850754, 14.575708465888056 ], [ 121.050368684313298, 14.576663189496117 ], [ 121.05137500156718, 14.577974719707299 ], [ 121.051654907209581, 14.578416251390877 ], [ 121.052318668644375, 14.579338128262975 ], [ 121.053085597164795, 14.58042066184521 ], [ 121.053697565221114, 14.581262604383994 ], [ 121.054585194565448, 14.580422850919717 ], [ 121.055000308032163, 14.580062221094693 ], [ 121.055392071366555, 14.579696402352283 ], [ 121.056069575742981, 14.579132491524206 ], [ 121.057235888400896, 14.578127668394814 ] ] ] ] } },
{ "type": "Feature", "properties": { "RTA_ID": "JRTA219", "TIME": 30 }, "geometry": { "type": "MultiPolygon", "coordinates": [ [ [ [ 121.065459472634302, 14.563681848456724 ], [ 121.065466530482695, 14.563511944675554 ], [ 121.065480807248946, 14.563449126905027 ], [ 121.065558373000158, 14.563335894000204 ], [ 121.06579178100003, 14.563217149000081 ], [ 121.066074154000034, 14.563109250000082 ], [ 121.066362987000048, 14.563027892000093 ], [ 121.066528948000041, 14.562976857000081 ], [ 121.067036697000049, 14.56286448600008 ], [ 121.067517674000101, 14.562810186000036 ], [ 121.067710281000018, 14.562803609000127 ], [ 121.067866518000073, 14.562806267000155 ], [ 121.067975722000028, 14.562821602000099 ], [ 121.068085261000078, 14.56285055100011 ], [ 121.06825613500007, 14.562898912000094 ], [ 121.068456026000149, 14.562973065000108 ], [ 121.06865914000025, 14.563043993000122 ], [ 121.069040512647803, 14.563172260227702 ], [ 121.068062872759697, 14.561905632448315 ], [ 121.067785583242653, 14.561737278098349 ], [ 121.06733663830903, 14.561565622682735 ], [ 121.066917402967078, 14.561390666201476 ], [ 121.066666521974867, 14.561186000128941 ], [ 121.06617779728731, 14.560502669916787 ], [ 121.066054148492412, 14.560618095319001 ], [ 121.065311714658151, 14.560846509251576 ], [ 121.063255814311105, 14.561265261813787 ], [ 121.062131496317988, 14.561987527949213 ], [ 121.061389154534709, 14.562723998632066 ], [ 121.061772637000445, 14.563042372000439 ], [ 121.062544706000381, 14.563878324000314 ], [ 121.062784457000248, 14.564183053000193 ], [ 121.063073832000327, 14.564135804000102 ], [ 121.063436957000135, 14.564063682000381 ], [ 121.063564331000293, 14.564027683000347 ], [ 121.064409955000656, 14.563877438000418 ], [ 121.065459472634302, 14.563681848456724 ] ] ] ] } },
{ "type": "Feature", "properties": { "RTA_ID": "JRTA76", "TIME": 20 }, "geometry": { "type": "MultiPolygon", "coordinates": [ [ [ [ 121.059929307035873, 14.584389485928341 ], [ 121.057985310636013, 14.584410683107819 ], [ 121.057896552000102, 14.581976112000461 ], [ 121.056330182851411, 14.582050818533673 ], [ 121.056218788000024, 14.582074582000416 ], [ 121.056200661000389, 14.582081042000425 ], [ 121.056176581795626, 14.582093028657425 ], [ 121.056154400778041, 14.582108243468895 ], [ 121.056134547903525, 14.582126391510144 ], [ 121.056117408000432, 14.582147121000446 ], [ 121.056069882000315, 14.582198748000394 ], [ 121.056009777000554, 14.582261445000313 ], [ 121.055976711000426, 14.582292097000391 ], [ 121.055889287390414, 14.58236668061204 ], [ 121.055797040000471, 14.582436442000358 ], [ 121.055722310000419, 14.582486966000431 ], [ 121.055681946000277, 14.582512223000322 ], [ 121.055627627421927, 14.582544103958242 ], [ 121.055572307000261, 14.582574213000441 ], [ 121.055000154003551, 14.582852879000427 ], [ 121.054823992366096, 14.582941604778057 ], [ 121.054962808053119, 14.583166261487122 ], [ 121.055205856387829, 14.583632781761082 ], [ 121.055385250363202, 14.584046368094619 ], [ 121.055514035995088, 14.584350298183892 ], [ 121.055762139509966, 14.584982112900377 ], [ 121.055892579429269, 14.585385352833896 ], [ 121.05652078971184, 14.587380571556423 ], [ 121.057195916033265, 14.589431341144859 ], [ 121.057398269000146, 14.589357107000183 ], [ 121.058193723000045, 14.589093532000106 ], [ 121.058381161000057, 14.58906530500019 ], [ 121.059773458000109, 14.589034931000185 ], [ 121.059855198370656, 14.588980033061148 ], [ 121.05966750221728, 14.588295471087861 ], [ 121.059738351807823, 14.587320305196158 ], [ 121.059929307035873, 14.584389485928341 ] ] ] ] } },
{ "type": "Feature", "properties": { "RTA_ID": "JRTA239", "TIME": 30 }, "geometry": { "type": "MultiPolygon", "coordinates": [ [ [ [ 121.09516513036283, 14.54464442000409 ], [ 121.096201615167615, 14.543364305568787 ], [ 121.096394842529435, 14.542529344990442 ], [ 121.096117974345589, 14.541432632054693 ], [ 121.096425696687447, 14.540598601931833 ], [ 121.096910632218282, 14.540100192625118 ], [ 121.096138466000298, 14.540201644000263 ], [ 121.096021934000305, 14.540225921000228 ], [ 121.095853142000578, 14.540221666000321 ], [ 121.095764892000034, 14.540212792000318 ], [ 121.095651642000348, 14.540192919000333 ], [ 121.095429267000327, 14.54016217200035 ], [ 121.095273767000435, 14.540135675000386 ], [ 121.095043517000477, 14.540108428000167 ], [ 121.094504891000497, 14.540034561000368 ], [ 121.094251641000142, 14.540009814000371 ], [ 121.094029141000306, 14.539993441000377 ], [ 121.093895392000604, 14.540012441000329 ], [ 121.093734142000585, 14.540009317000226 ], [ 121.093243392000659, 14.540005320000375 ], [ 121.092917642000657, 14.539994448000357 ], [ 121.09255964200031, 14.539976076000414 ], [ 121.092364267000448, 14.53997720200033 ], [ 121.092080642000496, 14.539966830000367 ], [ 121.09194589200024, 14.539938582000332 ], [ 121.091854142000102, 14.539931458000297 ], [ 121.091739267000435, 14.539944083000364 ], [ 121.091609017000337, 14.539977457000077 ], [ 121.090766769000197, 14.540176699000426 ], [ 121.090303520000589, 14.540283071000317 ], [ 121.08987139600049, 14.540369068000416 ], [ 121.088523023000448, 14.540692430000377 ], [ 121.08692277900002, 14.541060231000358 ], [ 121.086135778000539, 14.541258534000292 ], [ 121.085583716000428, 14.541443057000379 ], [ 121.085360927000465, 14.541520505000392 ], [ 121.085030406000214, 14.541640766000342 ], [ 121.084954870000274, 14.541670449000378 ], [ 121.084911229000568, 14.541683400000295 ], [ 121.084867511000425, 14.54169193800027 ], [ 121.084841984000604, 14.541694977000077 ], [ 121.084352407000438, 14.541722015000403 ], [ 121.083881565000638, 14.541754323000191 ], [ 121.08383630100036, 14.541757992000271 ], [ 121.083802215254309, 14.541763358596313 ], [ 121.083768551000162, 14.541770932000418 ], [ 121.083717863000061, 14.541786847000424 ], [ 121.083668395000586, 14.541808107000406 ], [ 121.08362875000023, 14.541829793000431 ], [ 121.083583326000507, 14.541860661000328 ], [ 121.083510658000364, 14.541922882000222 ], [ 121.083303151236464, 14.542149006869295 ], [ 121.08340674770875, 14.542231208418116 ], [ 121.083455394132216, 14.54239756282908 ], [ 121.083502692344723, 14.542810455423307 ], [ 121.083623525824805, 14.542837123996833 ], [ 121.083821972872556, 14.542924212269611 ], [ 121.08400995029217, 14.543029384446129 ], [ 121.084286919553165, 14.543194519039787 ], [ 121.084510588887838, 14.543344425083262 ], [ 121.084921283857398, 14.543548582837445 ], [ 121.085275823547249, 14.543711813862615 ], [ 121.085617514147543, 14.543884086839455 ], [ 121.085674621211865, 14.543886942192557 ], [ 121.08576313716128, 14.543866954720102 ], [ 121.086373706855284, 14.543579515830686 ], [ 121.086489348660166, 14.543567142633492 ], [ 121.086669235912154, 14.543589033674607 ], [ 121.087408772392905, 14.54363947824794 ], [ 121.087807094165214, 14.543721331706536 ], [ 121.088383875512932, 14.543895032360012 ], [ 121.088613255553923, 14.544025426823112 ], [ 121.088908308718715, 14.544107280281651 ], [ 121.089242385043917, 14.544324287125448 ], [ 121.089727319196868, 14.544587455512612 ], [ 121.090266716766109, 14.544854031337138 ], [ 121.090566463151049, 14.544972725225989 ], [ 121.090769533391267, 14.544997727976124 ], [ 121.091003186188459, 14.544981494255239 ], [ 121.091315371472092, 14.544850148007754 ], [ 121.091820293097726, 14.544657411666378 ], [ 121.092204194648957, 14.54461812336757 ], [ 121.092824425642107, 14.544607 ], [ 121.09384975390617, 14.544654000117475 ], [ 121.09516513036283, 14.54464442000409 ] ] ] ] } },
{ "type": "Feature", "properties": { "RTA_ID": "JRTA18", "TIME": 20 }, "geometry": { "type": "MultiPolygon", "coordinates": [ [ [ [ 121.102082107527167, 14.597140964132791 ], [ 121.10376079045227, 14.594417386733824 ], [ 121.103738461182957, 14.593642746356409 ], [ 121.104284271873667, 14.593614318644313 ], [ 121.104855342514952, 14.593477499636435 ], [ 121.10489698308254, 14.592406742183584 ], [ 121.105991535145563, 14.592406742183584 ], [ 121.1062979860003, 14.591040702000214 ], [ 121.106243986000209, 14.590996206000284 ], [ 121.106203861000267, 14.590925335000179 ], [ 121.106210610000176, 14.590870214000176 ], [ 121.106234235000443, 14.590819842000258 ], [ 121.106271734000302, 14.590673851000133 ], [ 121.106316358000072, 14.590486113000281 ], [ 121.106335982000246, 14.590385994000258 ], [ 121.106437978000145, 14.589784157000281 ], [ 121.106477351000308, 14.589562045000207 ], [ 121.106699668757074, 14.58820207787511 ], [ 121.107568855000181, 14.587996807000195 ], [ 121.108706928305651, 14.587722698313485 ], [ 121.10840244011797, 14.587222628509437 ], [ 121.10837579015481, 14.587098896537043 ], [ 121.108426703402415, 14.586942469078849 ], [ 121.108498570342363, 14.58679813266599 ], [ 121.108522364952591, 14.58652877768003 ], [ 121.108441463278496, 14.58622611023992 ], [ 121.108340461948501, 14.585884654869631 ], [ 121.108257768888848, 14.585680737777352 ], [ 121.108277935957858, 14.585572967125586 ], [ 121.108380629490171, 14.585423369566342 ], [ 121.108355000000302, 14.585278000000358 ], [ 121.10825586531962, 14.584898370998701 ], [ 121.108227503679245, 14.584547128876579 ], [ 121.108201163867989, 14.58439384385315 ], [ 121.108224854426567, 14.584283378491648 ], [ 121.108260000000314, 14.584191000000317 ], [ 121.108272045654644, 14.584089354256946 ], [ 121.108188256697076, 14.583982545480524 ], [ 121.108154976173068, 14.583902804513627 ], [ 121.108166397586047, 14.583795252876541 ], [ 121.108222767511052, 14.583750613236816 ], [ 121.108358658035627, 14.583709116388206 ], [ 121.108390066920833, 14.583690556591989 ], [ 121.108397453766315, 14.583668295126813 ], [ 121.108435752572177, 14.583481639916045 ], [ 121.108478901533203, 14.583202238503986 ], [ 121.108583279154345, 14.583103781508214 ], [ 121.10873413698198, 14.582929604962658 ], [ 121.108712640675776, 14.582819947658777 ], [ 121.10871652897049, 14.582715453471963 ], [ 121.108880235887796, 14.582651683916993 ], [ 121.108937396824217, 14.582596353617362 ], [ 121.109002807102684, 14.582439679077538 ], [ 121.109073608786957, 14.582321676269828 ], [ 121.10906311964834, 14.582194495466183 ], [ 121.109026407664032, 14.582050269812555 ], [ 121.108954294837304, 14.581656927120434 ], [ 121.108942494556459, 14.58150767542088 ], [ 121.108965221022686, 14.581427258692884 ], [ 121.109073608786844, 14.581222720492974 ], [ 121.109084097925233, 14.581091606262021 ], [ 121.10908759430481, 14.580922031857199 ], [ 121.109043889561121, 14.58077693210862 ], [ 121.108867926091193, 14.580326509893212 ], [ 121.107662796000227, 14.58100445800045 ], [ 121.107513922000408, 14.581084579000049 ], [ 121.106920049000109, 14.581428686000379 ], [ 121.106861049000372, 14.581472432999988 ], [ 121.106185427000355, 14.581844664000357 ], [ 121.105376305000277, 14.582312514000307 ], [ 121.105019182000547, 14.582509503000381 ], [ 121.104693683000278, 14.58270111800033 ], [ 121.104143061000286, 14.583030975000156 ], [ 121.102971565000075, 14.583702940000421 ], [ 121.102848066000433, 14.583770561000449 ], [ 121.102605317000325, 14.583929178000346 ], [ 121.100886825953125, 14.584879367330757 ], [ 121.100856216946795, 14.584720625944328 ], [ 121.099876323000217, 14.584711520000383 ], [ 121.098811575000354, 14.584894764000296 ], [ 121.097446952000382, 14.585144507000223 ], [ 121.097413452000183, 14.585162256000388 ], [ 121.097407953000243, 14.585227377000365 ], [ 121.096294079000245, 14.585335752000162 ], [ 121.096040081000751, 14.585670732000381 ], [ 121.096038081000415, 14.58570685500041 ], [ 121.095659832000251, 14.585746229000108 ], [ 121.095232957000235, 14.585786230000338 ], [ 121.093968248666897, 14.585882472287722 ], [ 121.093668035244491, 14.58678311255585 ], [ 121.092726042640038, 14.590101937013969 ], [ 121.093333749835892, 14.590049457907924 ], [ 121.095133455593668, 14.589874226096811 ], [ 121.09581286100024, 14.589824336000277 ], [ 121.095970508000164, 14.589816582000367 ], [ 121.097172370169687, 14.589716710193898 ], [ 121.097341483155674, 14.591299844400567 ], [ 121.09735741954637, 14.591582418637813 ], [ 121.097402093067103, 14.59194022030681 ], [ 121.097439266749348, 14.592315941151469 ], [ 121.097442325303973, 14.592387435522426 ], [ 121.09744201784099, 14.592423212914525 ], [ 121.097430631701968, 14.59246594756803 ], [ 121.097430355292886, 14.592498111081454 ], [ 121.097443724627965, 14.592652001322449 ], [ 121.097465387495618, 14.592811380354362 ], [ 121.097465664345918, 14.592823538697189 ], [ 121.097528126000498, 14.592817643000274 ], [ 121.09773529500012, 14.592810233194143 ], [ 121.0977594581625, 14.593069205687016 ], [ 121.097758198948895, 14.593215748457453 ], [ 121.097760796435182, 14.593340908926848 ], [ 121.09777144583245, 14.593383913522985 ], [ 121.097832745549113, 14.59351669027933 ], [ 121.098029663030161, 14.595067259250527 ], [ 121.098462515000278, 14.594964750000372 ], [ 121.099068264000152, 14.59483550500039 ], [ 121.099986137000428, 14.594603014000427 ], [ 121.100090771518012, 14.594578019120149 ], [ 121.100172156740996, 14.595073738079179 ], [ 121.100443166362425, 14.595094827764569 ], [ 121.100494691124482, 14.596019110583711 ], [ 121.101250972215212, 14.596462755995674 ], [ 121.102082107527167, 14.597140964132791 ] ] ] ] } },
{ "type": "Feature", "properties": { "RTA_ID": "JRTA24", "TIME": 20 }, "geometry": { "type": "MultiPolygon", "coordinates": [ [ [ [ 121.026855557000204, 14.607714374000352 ], [ 121.027107590000014, 14.60751571100019 ], [ 121.027586543000325, 14.607194309000079 ], [ 121.027649563000068, 14.60714179200005 ], [ 121.027716785000052, 14.60704306000008 ], [ 121.027774641000065, 14.606735720000017 ], [ 121.027800638000031, 14.606313997000029 ], [ 121.02779661, 14.605940208000106 ], [ 121.02782391900007, 14.60576585299998 ], [ 121.027868033, 14.605675524000048 ], [ 121.027910046000216, 14.605597799000122 ], [ 121.028004577000274, 14.605471759000181 ], [ 121.028231648000315, 14.605237168000201 ], [ 121.028294469000116, 14.605183967000187 ], [ 121.028840489, 14.604817763000085 ], [ 121.028981436000208, 14.60473559400009 ], [ 121.029353207000099, 14.604553766000151 ], [ 121.029640640000025, 14.604424880000124 ], [ 121.029822401441152, 14.60431250596281 ], [ 121.030016565459277, 14.604175449008721 ], [ 121.030240710686144, 14.604041247408134 ], [ 121.030367594000154, 14.603947556000094 ], [ 121.030578607000052, 14.603822125000079 ], [ 121.030671414000039, 14.603798658000017 ], [ 121.030699782000283, 14.603794532000222 ], [ 121.030790101000207, 14.603801903000203 ], [ 121.031076783000117, 14.6038609000002 ], [ 121.031457533000207, 14.603964387000133 ], [ 121.031657459000371, 14.604028828000253 ], [ 121.031907534000197, 14.604117625000242 ], [ 121.03221216500026, 14.604235582000115 ], [ 121.032565657000191, 14.604448022000099 ], [ 121.032912578000378, 14.603841123000052 ], [ 121.033567946000289, 14.602786561000244 ], [ 121.033853944000157, 14.602433832000258 ], [ 121.03419794100023, 14.602072603000124 ], [ 121.035224567000114, 14.602292708000107 ], [ 121.03527463800026, 14.602280512000164 ], [ 121.035311768000156, 14.602265788000182 ], [ 121.035346848000131, 14.60224668900014 ], [ 121.035385275000294, 14.602218600000185 ], [ 121.035419265000087, 14.602185279000196 ], [ 121.035448111000164, 14.602147418000186 ], [ 121.03551831100026, 14.601958920000243 ], [ 121.03564956300022, 14.601617623000152 ], [ 121.035691937000252, 14.601518504000182 ], [ 121.035916309000299, 14.601016160000199 ], [ 121.035993058000145, 14.600885792000042 ], [ 121.036497678000046, 14.600083090000112 ], [ 121.036940423000487, 14.599396256000261 ], [ 121.03594567000016, 14.598933417000239 ], [ 121.035576294000293, 14.598710808000249 ], [ 121.035268543000143, 14.598530447000144 ], [ 121.034117884015245, 14.597929772255725 ], [ 121.03399040800025, 14.597870406000311 ], [ 121.033870302103423, 14.597820462818106 ], [ 121.0337482890003, 14.597775379000211 ], [ 121.033261913000274, 14.597588769000367 ], [ 121.032667909000111, 14.597424367000258 ], [ 121.032640425392515, 14.597411129727163 ], [ 121.032615656086477, 14.59739332367343 ], [ 121.032594352783576, 14.59737148921954 ], [ 121.032577162000166, 14.5973462890002 ], [ 121.032570482076835, 14.597304464046772 ], [ 121.032559865506187, 14.597263461162299 ], [ 121.032545408000374, 14.597223650000274 ], [ 121.032523769794352, 14.597179021025624 ], [ 121.032497310906024, 14.597137070047495 ], [ 121.032466358427087, 14.597098315675169 ], [ 121.032431295000265, 14.59706323700027 ], [ 121.032113908000156, 14.596801951000316 ], [ 121.030844086000116, 14.595913571000324 ], [ 121.03062227700002, 14.595810648000281 ], [ 121.030447630299363, 14.595718143750332 ], [ 121.030270067457764, 14.595631368502495 ], [ 121.030089776343289, 14.595550414067702 ], [ 121.029906947711197, 14.595475366099151 ], [ 121.029721775000212, 14.595406304000221 ], [ 121.029632251092721, 14.595395346606779 ], [ 121.029542219143536, 14.595389976073079 ], [ 121.02945202746821, 14.595390213176756 ], [ 121.029362025000296, 14.595396057000301 ], [ 121.029156725688722, 14.595224949611065 ], [ 121.029141540473915, 14.595239713013882 ], [ 121.029101805816481, 14.595253533764264 ], [ 121.02905717630972, 14.595258140681096 ], [ 121.029023776163058, 14.595252957899731 ], [ 121.028980010453211, 14.595235681961583 ], [ 121.028913786024077, 14.595198250762451 ], [ 121.028784792353576, 14.595119357312115 ], [ 121.028711657548911, 14.595083653706695 ], [ 121.028638378778624, 14.595061338953428 ], [ 121.028588278558118, 14.595059611359716 ], [ 121.028555886174104, 14.59506594587026 ], [ 121.02847987204666, 14.595106832256988 ], [ 121.028184885404357, 14.595292692557109 ], [ 121.028079767335612, 14.595357095881013 ], [ 121.028267777000337, 14.595660672000292 ], [ 121.029298409000262, 14.59666247700028 ], [ 121.029829287000439, 14.597162192000155 ], [ 121.030071538000016, 14.597449797000252 ], [ 121.030222664000348, 14.5976481590003 ], [ 121.030061667000268, 14.598076882000157 ], [ 121.029999793000115, 14.598148628000274 ], [ 121.029968565622539, 14.598178128081543 ], [ 121.029934096287775, 14.598203765336734 ], [ 121.029896860021267, 14.598225186456204 ], [ 121.029857369980505, 14.598242096233207 ], [ 121.029816170381537, 14.598254261632064 ], [ 121.029773829000646, 14.598261515000104 ], [ 121.029344487000117, 14.598319055000218 ], [ 121.029281038876434, 14.598330469888822 ], [ 121.029218789301694, 14.598347231587354 ], [ 121.02915818800011, 14.59836921900029 ], [ 121.029116437000425, 14.598387899000272 ], [ 121.029063974944393, 14.598415887205249 ], [ 121.029013866619948, 14.598447899121766 ], [ 121.028966420000188, 14.598483738000255 ], [ 121.028713922000293, 14.598735974000192 ], [ 121.028442424000218, 14.599010208000152 ], [ 121.028404175000333, 14.5990967030001 ], [ 121.027970936000202, 14.600788348000151 ], [ 121.027857938000125, 14.601143451000326 ], [ 121.027754440000308, 14.601398185000107 ], [ 121.027636066000241, 14.60164667000015 ], [ 121.027445319000321, 14.602014648000193 ], [ 121.02726732300016, 14.602304473000288 ], [ 121.027214023000283, 14.602385440000319 ], [ 121.027155046000416, 14.602462370000296 ], [ 121.02709069700029, 14.602534867000202 ], [ 121.026999933000639, 14.602622492000251 ], [ 121.026906003000022, 14.602706714000249 ], [ 121.026809034000166, 14.602787419000265 ], [ 121.02674236400037, 14.602839518000224 ], [ 121.026106328000196, 14.603322698000284 ], [ 121.025842204000014, 14.603513812000244 ], [ 121.025683705000233, 14.603604682000309 ], [ 121.025600226000165, 14.603646529000343 ], [ 121.025463868661632, 14.6037193087015 ], [ 121.025393076000114, 14.603750371000217 ], [ 121.025336111608681, 14.603772313500656 ], [ 121.025278307000121, 14.603791936000164 ], [ 121.025049832000491, 14.603855920000171 ], [ 121.02429758300002, 14.604011415000286 ], [ 121.02379495900027, 14.604185157000131 ], [ 121.023256961000243, 14.604402772000299 ], [ 121.022652588000255, 14.604712131000213 ], [ 121.022583339000221, 14.604767627000342 ], [ 121.022999597595799, 14.605341284241888 ], [ 121.022531597000238, 14.606118542000331 ], [ 121.021974426788574, 14.607086882720068 ], [ 121.022132836373089, 14.607278882343053 ], [ 121.02232171996252, 14.607539173142982 ], [ 121.022388520256186, 14.607669894407536 ], [ 121.022436892882752, 14.607815012287233 ], [ 121.022439196341224, 14.607927881749106 ], [ 121.022363182213894, 14.608183565632203 ], [ 121.022254919668512, 14.608411608014535 ], [ 121.022130532914616, 14.608591277770245 ], [ 121.021934862194485, 14.608808782991332 ], [ 121.022246497182209, 14.609148456996195 ], [ 121.022461860242174, 14.609299360399916 ], [ 121.02261441680298, 14.609388293282848 ], [ 121.022859611092031, 14.609497888498026 ], [ 121.023618099270834, 14.609755580994545 ], [ 121.024453260771679, 14.61001383049404 ], [ 121.024513145459196, 14.610037040608404 ], [ 121.024545531000285, 14.60995307800016 ], [ 121.024944365000238, 14.609034967000298 ], [ 121.025097738000227, 14.608685613000318 ], [ 121.025176737000379, 14.608550746000276 ], [ 121.02527536100024, 14.608403380000198 ], [ 121.025379485000144, 14.60830488500028 ], [ 121.025715733000425, 14.607998653000152 ], [ 121.026291228000218, 14.607301319000214 ], [ 121.026323728000193, 14.607241072000306 ], [ 121.02639335300023, 14.60729131900024 ], [ 121.026571919000389, 14.6074610940002 ], [ 121.026613000000111, 14.607505433000199 ], [ 121.026855557000204, 14.607714374000352 ] ] ] ] } },
{ "type": "Feature", "properties": { "RTA_ID": "JRTA18", "TIME": 30 }, "geometry": { "type": "MultiPolygon", "coordinates": [ [ [ [ 121.106658652621491, 14.595544875079554 ], [ 121.10829837567519, 14.592632335634562 ], [ 121.111491858732393, 14.594016844941734 ], [ 121.111559534027265, 14.594048556195958 ], [ 121.113151208478143, 14.591455063119838 ], [ 121.114539829823343, 14.589272943863364 ], [ 121.114650556189758, 14.589042127378491 ], [ 121.114335651576084, 14.588974647818077 ], [ 121.113895847953017, 14.589056092933617 ], [ 121.113195419961357, 14.589495896556457 ], [ 121.11242983587681, 14.589951989202291 ], [ 121.112071477369227, 14.589789098971721 ], [ 121.111778274954077, 14.589349295348882 ], [ 121.111436205469772, 14.588632578333886 ], [ 121.111273315239032, 14.588306797872633 ], [ 121.111191870124003, 14.587036254073382 ], [ 121.111566517654296, 14.58697109798112 ], [ 121.111876009092612, 14.586905941888858 ], [ 121.111664251792718, 14.585716843204978 ], [ 121.111452494493051, 14.585358484697508 ], [ 121.111143003054281, 14.585391062743554 ], [ 121.110752066500936, 14.58526075055903 ], [ 121.110589176270423, 14.584951259120658 ], [ 121.110377418970756, 14.58441372135951 ], [ 121.110247106785891, 14.584006495782887 ], [ 121.110051638509276, 14.583648137275418 ], [ 121.109002807102343, 14.582439679077368 ], [ 121.108937396824217, 14.582596353617191 ], [ 121.108880235887796, 14.582651683916993 ], [ 121.10871652897049, 14.582715453471963 ], [ 121.108712640675776, 14.582819947658777 ], [ 121.10873413698198, 14.582929604962487 ], [ 121.108583279154118, 14.583103781507987 ], [ 121.10847890153309, 14.583202238503816 ], [ 121.108435752572063, 14.583481639915874 ], [ 121.108397453766315, 14.583668295126643 ], [ 121.10839006692072, 14.583690556591989 ], [ 121.108358658035286, 14.583709116388036 ], [ 121.108222767510824, 14.583750613236646 ], [ 121.108166397585933, 14.583795252876371 ], [ 121.108154976173068, 14.583902804513627 ], [ 121.108188256696735, 14.583982545480353 ], [ 121.108272045654644, 14.584089354256776 ], [ 121.10826, 14.584191000000146 ], [ 121.108224854426339, 14.584283378491648 ], [ 121.108201163867989, 14.584393843852979 ], [ 121.108227503679245, 14.584547128876409 ], [ 121.10825586531962, 14.584898370998701 ], [ 121.108355000000302, 14.585278000000187 ], [ 121.108380629489943, 14.585423369566342 ], [ 121.108277935957858, 14.585572967125415 ], [ 121.10825776888862, 14.585680737777352 ], [ 121.10834046194816, 14.585884654869631 ], [ 121.108441463278268, 14.58622611023992 ], [ 121.108522364952591, 14.58652877767986 ], [ 121.108498570342363, 14.58679813266582 ], [ 121.108426703402301, 14.586942469078679 ], [ 121.108375790154469, 14.587098896536872 ], [ 121.108402440117743, 14.587222628509267 ], [ 121.108706928305651, 14.587722698313485 ], [ 121.107568855000181, 14.587996807000195 ], [ 121.106699668757074, 14.58820207787511 ], [ 121.106477351000308, 14.589562045000207 ], [ 121.106437978000145, 14.589784157000281 ], [ 121.106335982000246, 14.590385994000258 ], [ 121.106316358000072, 14.590486113000281 ], [ 121.106271734000302, 14.590673851000133 ], [ 121.106234235000443, 14.590819842000258 ], [ 121.106210610000176, 14.590870214000176 ], [ 121.106203861000267, 14.590925335000179 ], [ 121.106243986000209, 14.590996206000284 ], [ 121.1062979860003, 14.591040702000214 ], [ 121.105991535145563, 14.592406742183584 ], [ 121.10489698308254, 14.592406742183584 ], [ 121.104855342514952, 14.593477499636435 ], [ 121.104284271873667, 14.593614318644313 ], [ 121.103738461182957, 14.593642746356409 ], [ 121.10376079045227, 14.594417386733824 ], [ 121.102082107527167, 14.597140964132791 ], [ 121.102918270200462, 14.597823305021677 ], [ 121.106658652621491, 14.595544875079554 ] ] ] ] } },
{ "type": "Feature", "properties": { "RTA_ID": "JRTA89", "TIME": 30 }, "geometry": { "type": "MultiPolygon", "coordinates": [ [ [ [ 121.021252382165699, 14.556786587429542 ], [ 121.021421545770636, 14.556873031291218 ], [ 121.022764116579992, 14.557256453338937 ], [ 121.026275470686187, 14.558277251545576 ], [ 121.024783063093992, 14.555380722621692 ], [ 121.024434253669824, 14.554696417110222 ], [ 121.021252382165699, 14.556786587429542 ] ] ] ] } },
{ "type": "Feature", "properties": { "RTA_ID": "JRTA175", "TIME": 30 }, "geometry": { "type": "MultiPolygon", "coordinates": [ [ [ [ 121.0830664711076, 14.610151586519805 ], [ 121.082377998000084, 14.609903017000192 ], [ 121.082291922697692, 14.60992128595813 ], [ 121.082204802147515, 14.609933644042139 ], [ 121.082117041767944, 14.609940033743458 ], [ 121.082029049954869, 14.609940425327398 ], [ 121.081941236181166, 14.609934816971712 ], [ 121.081854009091188, 14.609923234775071 ], [ 121.081767774599143, 14.609905732635616 ], [ 121.081682934000128, 14.609882392000145 ], [ 121.081651087252993, 14.609862006429921 ], [ 121.081623177510835, 14.609836494999762 ], [ 121.081600020219781, 14.609806603083689 ], [ 121.081582291972339, 14.609773204041504 ], [ 121.081570510739283, 14.609737273701622 ], [ 121.081565020735951, 14.609699861850032 ], [ 121.081565982365177, 14.609662061558428 ], [ 121.08157336753078, 14.609624977247661 ], [ 121.08158696045848, 14.609589692419581 ], [ 121.081606364000208, 14.609557238000093 ], [ 121.082155971000134, 14.608942114000172 ], [ 121.082398099000102, 14.608677806000117 ], [ 121.082647746000021, 14.608436602000097 ], [ 121.082680683506965, 14.608366464713798 ], [ 121.082707547583922, 14.608293784319871 ], [ 121.082728144253437, 14.608219085621773 ], [ 121.082742324793102, 14.608142907996529 ], [ 121.082749986809446, 14.608065801500057 ], [ 121.082751074977352, 14.607988322895375 ], [ 121.082745581439482, 14.607911031632387 ], [ 121.082733545863022, 14.607834485808254 ], [ 121.082715055153287, 14.60775923813755 ], [ 121.082690242826189, 14.607685831961266 ], [ 121.082659288044141, 14.607614797323512 ], [ 121.082622414322373, 14.607546647144229 ], [ 121.08257988791506, 14.607481873515539 ], [ 121.082532015892696, 14.607420944148499 ], [ 121.082479143924886, 14.607364298995904 ], [ 121.082421653784351, 14.607312347075506 ], [ 121.082359960590225, 14.607265463516635 ], [ 121.082294509810694, 14.607223986851487 ], [ 121.082225774046321, 14.607188216570696 ], [ 121.082154249617545, 14.607158410960793 ], [ 121.082080452980961, 14.607134785239198 ], [ 121.082004917000063, 14.607117510000194 ], [ 121.081793846000096, 14.60712231500014 ], [ 121.081747170000085, 14.607132512000192 ], [ 121.081572643000186, 14.607197511000152 ], [ 121.081323936000103, 14.607326364000073 ], [ 121.080894788227624, 14.607485204662623 ], [ 121.080689012439962, 14.607487933111202 ], [ 121.080540534073293, 14.607474608129564 ], [ 121.079445030225997, 14.606996336467489 ], [ 121.078917038295344, 14.606752343376286 ], [ 121.078798913836295, 14.607065070309545 ], [ 121.078465469579896, 14.607601196368819 ], [ 121.077321298111428, 14.608843439677571 ], [ 121.076634795230234, 14.609529942558595 ], [ 121.076170588520313, 14.610079144863391 ], [ 121.075954830471915, 14.610438741610778 ], [ 121.075778301159517, 14.610935638934109 ], [ 121.075673691196698, 14.611295235681496 ], [ 121.07545139502588, 14.61228903032827 ], [ 121.075111412646379, 14.613982404101705 ], [ 121.074893703345651, 14.615019200975667 ], [ 121.074965115191162, 14.614947509055526 ], [ 121.075123252920207, 14.614890989594414 ], [ 121.075210581764622, 14.614880868442128 ], [ 121.075345245904373, 14.614874752169499 ], [ 121.075434923307284, 14.614867360885455 ], [ 121.075515317316103, 14.614897840810215 ], [ 121.075604547822991, 14.614968148588275 ], [ 121.075696386523873, 14.615011372234278 ], [ 121.075791061482278, 14.615001311509218 ], [ 121.07592568767177, 14.614929237541446 ], [ 121.076097043177356, 14.614796027172872 ], [ 121.076238021015456, 14.614688768083056 ], [ 121.076431429268609, 14.61452763989314 ], [ 121.076724659564661, 14.614362907838313 ], [ 121.076797700210022, 14.61435899282742 ], [ 121.076885167778642, 14.614376881332703 ], [ 121.076911243283462, 14.614423176055027 ], [ 121.076937008549976, 14.614487538651701 ], [ 121.076995994512231, 14.614506999205446 ], [ 121.077087873116511, 14.614510467681043 ], [ 121.077194227493919, 14.614556521051952 ], [ 121.07727899874169, 14.614620466799352 ], [ 121.077316553038258, 14.614728386009631 ], [ 121.077339855706327, 14.614820737446166 ], [ 121.077366059158521, 14.614843541617518 ], [ 121.077483819978283, 14.614836381159648 ], [ 121.0776139226449, 14.614800409715883 ], [ 121.07772957637701, 14.614771547222858 ], [ 121.077786308194618, 14.614777436172119 ], [ 121.078011752446173, 14.614997947455663 ], [ 121.078484469711725, 14.61509055070394 ], [ 121.07866167431348, 14.614461760182053 ], [ 121.078862775577477, 14.613946438192329 ], [ 121.079139289815998, 14.613387125301415 ], [ 121.079371813152761, 14.613003776016285 ], [ 121.079836859826059, 14.612488454026789 ], [ 121.080433879204406, 14.612029691767816 ], [ 121.0830664711076, 14.610151586519805 ] ] ] ] } },
{ "type": "Feature", "properties": { "RTA_ID": "JRTA236", "TIME": 20 }, "geometry": { "type": "MultiPolygon", "coordinates": [ [ [ [ 121.079031501000259, 14.571990457000254 ], [ 121.079148375000159, 14.571951584000317 ], [ 121.079398000000538, 14.571953582000333 ], [ 121.079506625000136, 14.571938207000358 ], [ 121.079698125000277, 14.571924457000307 ], [ 121.079964875000314, 14.571885958000223 ], [ 121.080214749000106, 14.571872707000296 ], [ 121.080453249000129, 14.571870081000213 ], [ 121.08128087300031, 14.571801955000296 ], [ 121.081781248000311, 14.571750955000141 ], [ 121.082247747000338, 14.57168245700035 ], [ 121.082739996000328, 14.571597959000258 ], [ 121.082552494000424, 14.571214985000211 ], [ 121.082014363000326, 14.570145181000328 ], [ 121.081375730000332, 14.568947886000331 ], [ 121.080944975000307, 14.568128441000283 ], [ 121.080721348000225, 14.567774965000353 ], [ 121.08049659600033, 14.567505608000317 ], [ 121.080249095000113, 14.567236877000198 ], [ 121.079868218000229, 14.567016018000345 ], [ 121.079595092000091, 14.566875529000356 ], [ 121.079306092000365, 14.566750289000311 ], [ 121.080033962000243, 14.566090325999937 ], [ 121.080073462000314, 14.566038205000154 ], [ 121.080164209000259, 14.565525611999931 ], [ 121.079837583000426, 14.565457743000252 ], [ 121.079485208000051, 14.565400749 ], [ 121.079211083000018, 14.565375877000065 ], [ 121.078745958000241, 14.565326883000296 ], [ 121.078490208000062, 14.565284137000276 ], [ 121.078369833000465, 14.565251515000284 ], [ 121.078255832000536, 14.565205394000259 ], [ 121.078052707000097, 14.56511877600002 ], [ 121.077564706000317, 14.564918665999983 ], [ 121.077466080000249, 14.564860045000216 ], [ 121.077118455000345, 14.564717932000235 ], [ 121.076795204000064, 14.56461131600031 ], [ 121.076550704000169, 14.56452344800033 ], [ 121.075846954000212, 14.564489704000209 ], [ 121.075757204000183, 14.564482580000174 ], [ 121.075537329000213, 14.564447334000249 ], [ 121.075259079000148, 14.564439711000261 ], [ 121.075060454000322, 14.564438087000099 ], [ 121.074789329000168, 14.56444033899993 ], [ 121.074544954000316, 14.564436465000142 ], [ 121.074169079000171, 14.56445146700014 ], [ 121.074100329000203, 14.564457217000268 ], [ 121.073353048295303, 14.56448717445619 ], [ 121.073539241846902, 14.566178510844111 ], [ 121.072439157433791, 14.56624859699042 ], [ 121.071691466055881, 14.566293161377246 ], [ 121.07117982666432, 14.566292619796059 ], [ 121.070913832980978, 14.566243877498039 ], [ 121.070635205000372, 14.566154943000413 ], [ 121.070567028689879, 14.566126098711152 ], [ 121.070479252841437, 14.565738169708823 ], [ 121.070314199557288, 14.565338740760922 ], [ 121.069855351427009, 14.564394635974907 ], [ 121.069112611647824, 14.563265671510635 ], [ 121.069040512647803, 14.563172260227816 ], [ 121.068659140000364, 14.563043993000235 ], [ 121.068456026000263, 14.562973065000222 ], [ 121.068256135000183, 14.562898912000207 ], [ 121.068085261000192, 14.562850551000224 ], [ 121.067975722000142, 14.562821602000213 ], [ 121.067866518000187, 14.562806267000269 ], [ 121.067710281000132, 14.562803609000241 ], [ 121.067517674000214, 14.562810186000149 ], [ 121.067036697000162, 14.562864486000194 ], [ 121.066528948000155, 14.562976857000194 ], [ 121.066362987000161, 14.563027892000036 ], [ 121.066074154000148, 14.563109250000196 ], [ 121.065791781000144, 14.563217149000138 ], [ 121.065558373000158, 14.563335894000318 ], [ 121.06548080724906, 14.563449126905141 ], [ 121.065466530482809, 14.563511944675668 ], [ 121.065459472634302, 14.563681848456667 ], [ 121.065463096174085, 14.563713142661584 ], [ 121.065581403307419, 14.564493165769932 ], [ 121.065679870000167, 14.564967323000189 ], [ 121.066094017000069, 14.567425827000591 ], [ 121.066184230000545, 14.567918044000351 ], [ 121.066315110000573, 14.568715368000596 ], [ 121.066448865000552, 14.569558688000598 ], [ 121.066552345001128, 14.570228093000651 ], [ 121.066604491000021, 14.570485060000294 ], [ 121.066774753000345, 14.571496313000239 ], [ 121.066851881000275, 14.572062526000252 ], [ 121.066897882000262, 14.572184893000326 ], [ 121.067046132000314, 14.572197892000247 ], [ 121.067875755000046, 14.571893906000355 ], [ 121.068175254000266, 14.571725040000217 ], [ 121.068522377000136, 14.571524301000238 ], [ 121.068767126000239, 14.571343686000318 ], [ 121.069125124000038, 14.571062951000272 ], [ 121.06924662300014, 14.570977956000206 ], [ 121.069680371000231, 14.570662723000169 ], [ 121.07012486900021, 14.570319243000199 ], [ 121.071124488000237, 14.569561160000262 ], [ 121.071182283577741, 14.569512965873173 ], [ 121.071567139358308, 14.571136899420083 ], [ 121.071641922000254, 14.571114316000489 ], [ 121.073895243000266, 14.570394590000433 ], [ 121.074457465693513, 14.570199726242606 ], [ 121.074729226279487, 14.571292954055593 ], [ 121.07491697466719, 14.571959954906617 ], [ 121.075662501000465, 14.571772866000288 ], [ 121.076057500000388, 14.571611749000169 ], [ 121.076233874000422, 14.571532753000213 ], [ 121.076315249000231, 14.57150362900029 ], [ 121.076634248000346, 14.571463630000267 ], [ 121.077048623000223, 14.571437254000216 ], [ 121.077273748000039, 14.571424629000319 ], [ 121.077447623000126, 14.571390880000308 ], [ 121.07766750000053, 14.571847224000237 ], [ 121.077814752000222, 14.572133080000242 ], [ 121.077904253000497, 14.572302819000356 ], [ 121.078171627000415, 14.572208323000325 ], [ 121.07834712700037, 14.572154701000329 ], [ 121.07848075200036, 14.572098828000264 ], [ 121.078589376000423, 14.57208257900021 ], [ 121.078722626000285, 14.572060204000252 ], [ 121.078881126000169, 14.572045204000062 ], [ 121.079031501000259, 14.571990457000254 ] ] ] ] } },
{ "type": "Feature", "properties": { "RTA_ID": "JRTA18", "TIME": 30 }, "geometry": { "type": "MultiPolygon", "coordinates": [ [ [ [ 121.090105235492842, 14.586813678781709 ], [ 121.090174838302573, 14.587559340102132 ], [ 121.088903063521798, 14.587695225445827 ], [ 121.088742996592941, 14.586980984696993 ], [ 121.088329218000126, 14.587050066000529 ], [ 121.088304969000433, 14.58705569100033 ], [ 121.088040844000602, 14.587083066000389 ], [ 121.087958344000526, 14.587072567000348 ], [ 121.08791609400032, 14.587060443000382 ], [ 121.087753468000187, 14.586990448000392 ], [ 121.087709218000441, 14.586978200000431 ], [ 121.087687093000113, 14.586976075000337 ], [ 121.086334594000391, 14.587012081000466 ], [ 121.086054470000363, 14.58719082100032 ], [ 121.084764139000299, 14.587307656000348 ], [ 121.084426340000505, 14.586299638000412 ], [ 121.083524230675039, 14.585739886711337 ], [ 121.083584632961674, 14.586335280680885 ], [ 121.08357600406373, 14.587433307964886 ], [ 121.083455199490004, 14.588227166590855 ], [ 121.082989238992354, 14.590203184257291 ], [ 121.082975456187228, 14.590266972081054 ], [ 121.083106371924146, 14.590293330633358 ], [ 121.083767179000233, 14.590417892000289 ], [ 121.084427741000354, 14.59055167600053 ], [ 121.085582177345714, 14.590710834768458 ], [ 121.085879302205626, 14.59073910969181 ], [ 121.086739958911835, 14.590658967569368 ], [ 121.089940417148455, 14.590394150121426 ], [ 121.092726042640152, 14.590101937014026 ], [ 121.093668035244605, 14.586783112555906 ], [ 121.092608307000546, 14.586640880000402 ], [ 121.092130572000542, 14.586678558000301 ], [ 121.091367943000591, 14.586658597000337 ], [ 121.090105235492842, 14.586813678781709 ] ] ] ] } },
{ "type": "Feature", "properties": { "RTA_ID": "JRTA203", "TIME": 30 }, "geometry": { "type": "MultiPolygon", "coordinates": [ [ [ [ 121.008055272341267, 14.623434498386757 ], [ 121.005882325262974, 14.621429664517507 ], [ 121.003565216701531, 14.619296847413978 ], [ 121.0019783555814, 14.617923208328989 ], [ 121.001755812255965, 14.617741008413589 ], [ 121.001181522473075, 14.617252456432652 ], [ 121.001017502328637, 14.617118258133075 ], [ 121.000583112080221, 14.616753817651897 ], [ 121.000441766000336, 14.616930772000501 ], [ 120.999536553000667, 14.61786201900054 ], [ 120.998670592000167, 14.618861834000427 ], [ 120.998588437000535, 14.618952515000387 ], [ 121.000393328000541, 14.620600486000399 ], [ 121.000973315000351, 14.621074653000278 ], [ 121.001738372000659, 14.621433141000296 ], [ 121.002539322000075, 14.62183074900031 ], [ 121.003389737000361, 14.622235559000387 ], [ 121.004669490000197, 14.623374368000384 ], [ 121.006510943000876, 14.625041679000219 ], [ 121.007195042000035, 14.624324177 ], [ 121.008055272341267, 14.623434498386757 ] ] ] ] } },
{ "type": "Feature", "properties": { "RTA_ID": "JRTA162", "TIME": 20 }, "geometry": { "type": "MultiPolygon", "coordinates": [ [ [ [ 120.999865385023327, 14.537574625780167 ], [ 121.00083553032016, 14.537495729006253 ], [ 121.001309169657929, 14.537496663691286 ], [ 121.001418895725465, 14.537501936715273 ], [ 121.001514624000379, 14.537379613000383 ], [ 121.001884797000343, 14.536637291000432 ], [ 121.001888847000146, 14.536545174000196 ], [ 121.001867418000415, 14.536385041000131 ], [ 121.001813418000211, 14.536193892999961 ], [ 121.001762406000012, 14.536031733000414 ], [ 121.001714176000178, 14.535885862000328 ], [ 121.001687898000114, 14.535777123000116 ], [ 121.001690148000307, 14.535300033999988 ], [ 121.001717148000239, 14.535143772000026 ], [ 121.001663265000161, 14.535127674000307 ], [ 121.001686387000291, 14.534874022000281 ], [ 121.001703906000216, 14.534552932000167 ], [ 121.00167757800034, 14.534394471000098 ], [ 121.001642437000214, 14.533927842000139 ], [ 121.001629277000347, 14.533221405000404 ], [ 121.001821906000373, 14.532418514000142 ], [ 121.002173238000069, 14.531969674000322 ], [ 121.002445597000133, 14.531599662000247 ], [ 121.002753957000323, 14.531208824000089 ], [ 121.001724691000277, 14.530735827000285 ], [ 121.001342093615563, 14.530616125715483 ], [ 121.000233072790479, 14.530166902090059 ], [ 120.999931250667487, 14.529907194681414 ], [ 120.999779213080615, 14.529596013733055 ], [ 120.999527501560465, 14.529472561055286 ], [ 120.999129996000192, 14.529439772000217 ], [ 120.997924316000308, 14.529406744000198 ], [ 120.997563687000252, 14.529402772000196 ], [ 120.997472238000228, 14.529397471000209 ], [ 120.997204062000151, 14.529390488000274 ], [ 120.996546918000377, 14.529315381000174 ], [ 120.996426808000137, 14.529308033000291 ], [ 120.996130027000277, 14.529297354 ], [ 120.995709687000044, 14.529264842000146 ], [ 120.995603699000071, 14.529250392999927 ], [ 120.995134066000219, 14.529219283000202 ], [ 120.994947515000149, 14.529200514000138 ], [ 120.994878777000281, 14.529205322999928 ], [ 120.994525117000194, 14.52917431100019 ], [ 120.994201797000073, 14.529154373000154 ], [ 120.993484364000324, 14.529106574000195 ], [ 120.993418765300135, 14.529098894828621 ], [ 120.993312283449882, 14.529977370090364 ], [ 120.993096366542659, 14.532025939461221 ], [ 120.992759451314669, 14.534676339255782 ], [ 120.992479319552558, 14.537035816645073 ], [ 120.994418798780885, 14.537467550034762 ], [ 120.995439587552596, 14.53768170152523 ], [ 120.995953551129901, 14.53769597829131 ], [ 120.997545410542557, 14.53771739344046 ], [ 120.999865385023327, 14.537574625780167 ] ] ] ] } },
{ "type": "Feature", "properties": { "RTA_ID": "JRTA211", "TIME": 30 }, "geometry": { "type": "MultiPolygon", "coordinates": [ [ [ [ 121.016813013173305, 14.560463690815197 ], [ 121.016387881496257, 14.560013789756567 ], [ 121.01633516270158, 14.559947782528809 ], [ 121.016045554031393, 14.560195620717707 ], [ 121.01578083237348, 14.56052115681058 ], [ 121.01566278082305, 14.560796610427815 ], [ 121.015553878415062, 14.561200695679474 ], [ 121.015961291000167, 14.561288874000127 ], [ 121.016391093000379, 14.561350274000233 ], [ 121.01708184600011, 14.561442374000194 ], [ 121.017119058429785, 14.561445871945978 ], [ 121.017185953612056, 14.560828147687175 ], [ 121.017141695637292, 14.560815298597731 ], [ 121.016813013173305, 14.560463690815197 ] ] ] ] } },
{ "type": "Feature", "properties": { "RTA_ID": "JRTA211", "TIME": 20 }, "geometry": { "type": "MultiPolygon", "coordinates": [ [ [ [ 121.018008630000736, 14.568674915000258 ], [ 121.017878317002669, 14.568357310000351 ], [ 121.017148976002773, 14.566456730000482 ], [ 121.016381535003006, 14.564300954000089 ], [ 121.016046104000338, 14.564427448000288 ], [ 121.015662355000472, 14.564565941000296 ], [ 121.015521355000146, 14.564628938000226 ], [ 121.014970107000181, 14.564907049000055 ], [ 121.014451359000645, 14.565196283000375 ], [ 121.014192236000213, 14.565386648000413 ], [ 121.013982362000434, 14.565545764000433 ], [ 121.013842363000322, 14.565670132000264 ], [ 121.013545614000577, 14.565944116000196 ], [ 121.01296774500031, 14.566682823000292 ], [ 121.011626496000417, 14.566801698000234 ], [ 121.011273496000513, 14.56681682500016 ], [ 121.010711872000456, 14.566860825000276 ], [ 121.009784997000224, 14.566912452000167 ], [ 121.009208873000489, 14.566946454000174 ], [ 121.00895074800053, 14.566946955000446 ], [ 121.008378248000213, 14.566980082000441 ], [ 121.00780362400053, 14.56702395700006 ], [ 121.007234624000262, 14.567075207999949 ], [ 121.006648625000253, 14.567106334000414 ], [ 121.006037875000175, 14.56711921200025 ], [ 121.00438715300038, 14.567234313000426 ], [ 121.004786240902604, 14.567645893718009 ], [ 121.006368495607603, 14.569162166826686 ], [ 121.011290446919588, 14.574048837819021 ], [ 121.012124753000194, 14.573276758000077 ], [ 121.012636159000067, 14.572787186000085 ], [ 121.01361577800003, 14.571894487 ], [ 121.014391648000014, 14.571189902000071 ], [ 121.015016706000438, 14.570600040000102 ], [ 121.015603641000212, 14.570130212000151 ], [ 121.01585423400013, 14.569910743000207 ], [ 121.016347887000052, 14.569537370000148 ], [ 121.016781760000299, 14.569276259000105 ], [ 121.017168133000155, 14.569057271000077 ], [ 121.017607007000265, 14.568847782000262 ], [ 121.018008630000736, 14.568674915000258 ] ] ] ] } },
{ "type": "Feature", "properties": { "RTA_ID": "JRTA81", "TIME": 20 }, "geometry": { "type": "MultiPolygon", "coordinates": [ [ [ [ 121.029091482671106, 14.571755577805959 ], [ 121.031767860702303, 14.569387007037449 ], [ 121.031420978917595, 14.569040480799856 ], [ 121.031384646397669, 14.569000724283057 ], [ 121.031197687150552, 14.56883313063031 ], [ 121.030928608371937, 14.56859678136567 ], [ 121.030799573332388, 14.568415679555699 ], [ 121.030745242789294, 14.56827419376674 ], [ 121.030719209404083, 14.568123652887266 ], [ 121.030711286199903, 14.56797084823512 ], [ 121.030704496000226, 14.567683513000418 ], [ 121.030227995000359, 14.56783389400033 ], [ 121.029706496000244, 14.568006636000234 ], [ 121.028619749000313, 14.568361620000303 ], [ 121.028100000000222, 14.568519863000347 ], [ 121.027648376000343, 14.568638984000302 ], [ 121.027188877000413, 14.568789602000152 ], [ 121.026718628000481, 14.568929346 ], [ 121.02562075600008, 14.56926620600035 ], [ 121.025089257000332, 14.569427074000316 ], [ 121.023306137000304, 14.570005798000238 ], [ 121.022172389000048, 14.570369407000214 ], [ 121.021121517000552, 14.57067589400026 ], [ 121.020833267000512, 14.570762015000241 ], [ 121.020468768000455, 14.570859261000294 ], [ 121.019843270000251, 14.571003881000308 ], [ 121.019662895000238, 14.571035880000238 ], [ 121.01899877100152, 14.571177500000033 ], [ 121.019237024001768, 14.571746087000292 ], [ 121.019752648000122, 14.571572470000206 ], [ 121.020176647000881, 14.571422352000411 ], [ 121.020427649000339, 14.571739954999941 ], [ 121.020828402000234, 14.572252920000381 ], [ 121.020915903001423, 14.57237578700034 ], [ 121.0208720280026, 14.572426909000114 ], [ 121.021260664002398, 14.574139047000187 ], [ 121.021625675002497, 14.575867185000391 ], [ 121.021655175002365, 14.575889184000346 ], [ 121.022127885949999, 14.576703280067136 ], [ 121.025246242673688, 14.574744155403948 ], [ 121.028587173421101, 14.572146245424392 ], [ 121.029091482671106, 14.571755577805959 ] ] ] ] } },
{ "type": "Feature", "properties": { "RTA_ID": "JRTA84", "TIME": 30 }, "geometry": { "type": "MultiPolygon", "coordinates": [ [ [ [ 121.007839532835192, 14.557913353248125 ], [ 121.007765153000037, 14.557882338000184 ], [ 121.007348495000087, 14.557735226000261 ], [ 121.005694435, 14.556885741000201 ], [ 121.0044653690004, 14.556267203000175 ], [ 121.003977180000447, 14.556082177000178 ], [ 121.003099458000293, 14.555737975000113 ], [ 121.002226868000207, 14.555532460000052 ], [ 121.002080627183091, 14.555484466417624 ], [ 121.001475768195405, 14.555319331823796 ], [ 121.001146450792248, 14.55522129803029 ], [ 121.000515536706416, 14.555000840968091 ], [ 121.0002269359926, 14.554887262622742 ], [ 121.000222229020096, 14.554897853311104 ], [ 121.000118666547905, 14.555294497580178 ], [ 120.999986106583833, 14.556122997359012 ], [ 120.999948824093849, 14.556218274833611 ], [ 120.999812121630043, 14.556388117288179 ], [ 120.999737556650075, 14.556429542276987 ], [ 120.999716844155387, 14.556491679760597 ], [ 120.999687846662709, 14.556607669729658 ], [ 120.999687846662709, 14.556715374700673 ], [ 120.999737556650075, 14.557222830815476 ], [ 120.999762411643133, 14.557342963283361 ], [ 120.999816264128526, 14.557434098258852 ], [ 120.999886686610012, 14.557558373225845 ], [ 120.999990249082089, 14.557753070673698 ], [ 121.000089669056024, 14.557877345640406 ], [ 121.000106239051661, 14.557914628130732 ], [ 121.000097954053786, 14.557985050611933 ], [ 121.000002676578902, 14.558092755583061 ], [ 120.999899114106256, 14.558146608068739 ], [ 120.999820406628032, 14.558212888050946 ], [ 120.999783124138048, 14.558275025534385 ], [ 120.999778981638542, 14.558399300501037 ], [ 120.999754126645371, 14.558598140448055 ], [ 120.999745841648064, 14.558766947278059 ], [ 120.999725129152694, 14.558969929723844 ], [ 120.999687846662709, 14.559181197167391 ], [ 120.999642279175077, 14.559313757132031 ], [ 120.999547001700535, 14.559400749608869 ], [ 120.999310879263817, 14.559467029591076 ], [ 120.999049901833132, 14.559529167074515 ], [ 120.998996049347738, 14.559570592063267 ], [ 120.998954624359044, 14.559599589555717 ], [ 120.99893805436318, 14.559653442041167 ], [ 120.998933911864924, 14.559773574509052 ], [ 120.998954624359044, 14.560009696946224 ], [ 120.998978859617637, 14.560089851721159 ], [ 120.998994075349515, 14.560196361843282 ], [ 120.999045808836968, 14.560360691745302 ], [ 120.999188836715575, 14.56068326525758 ], [ 120.999374468641577, 14.561136694061929 ], [ 120.999410986398402, 14.561261463061726 ], [ 120.999417072690676, 14.561343628013162 ], [ 120.999414029544937, 14.561392318354365 ], [ 120.999371425495497, 14.56144709498858 ], [ 120.999280131105934, 14.561492742183759 ], [ 120.999061024568846, 14.561486655891088 ], [ 120.999009291081393, 14.56150795791541 ], [ 120.998945385008369, 14.561562734549454 ], [ 120.998857133764545, 14.5616783741105 ], [ 120.998814529715901, 14.561711848720051 ], [ 120.998978594003802, 14.561806843000625 ], [ 120.999074220003308, 14.561921461000338 ], [ 120.999452222003015, 14.562284310000564 ], [ 120.999723474003076, 14.562560416000508 ], [ 120.999976975003278, 14.562812898000459 ], [ 121.000258852003071, 14.563090004000458 ], [ 121.000527728003362, 14.563357985000493 ], [ 121.001015021003809, 14.563839406000454 ], [ 121.00128585800303, 14.564119932000608 ], [ 121.001529094003445, 14.564376874000516 ], [ 121.001815734003003, 14.564682006000396 ], [ 121.001997737003762, 14.564882379000323 ], [ 121.002039383003421, 14.564917657000592 ], [ 121.002279489003627, 14.56517398400058 ], [ 121.002546616003428, 14.565430216000266 ], [ 121.003264690279025, 14.566108201709653 ], [ 121.003381572504168, 14.566210990217826 ], [ 121.005570482000621, 14.561962584000412 ], [ 121.006517381843423, 14.560224364755641 ], [ 121.00671165756944, 14.559894096020969 ], [ 121.007420763970572, 14.558709014090766 ], [ 121.007839532835192, 14.557913353248125 ] ] ] ] } },
{ "type": "Feature", "properties": { "RTA_ID": "JRTA24", "TIME": 30 }, "geometry": { "type": "MultiPolygon", "coordinates": [ [ [ [ 121.044638995681908, 14.603400610917276 ], [ 121.04459987200039, 14.603346685000531 ], [ 121.04451244500035, 14.603243590000261 ], [ 121.044167817000357, 14.602854867000701 ], [ 121.044120817000362, 14.602788497000176 ], [ 121.043680314000426, 14.602281532000063 ], [ 121.0432419360003, 14.60176094200051 ], [ 121.042932183000516, 14.601403217000666 ], [ 121.042811933000507, 14.60126935100061 ], [ 121.042688557000247, 14.601140860000555 ], [ 121.042388929000481, 14.600735388000032 ], [ 121.042156677000207, 14.600385412000207 ], [ 121.041332801000522, 14.60012555800057 ], [ 121.041265675000204, 14.600051687999951 ], [ 121.041007049000541, 14.599878826000577 ], [ 121.040832674000171, 14.599853829000551 ], [ 121.040681174000156, 14.599867079000433 ], [ 121.040081800000394, 14.599989449999953 ], [ 121.039493176000633, 14.600093820999973 ], [ 121.039353051000489, 14.600096197000539 ], [ 121.03913855100086, 14.600087199000313 ], [ 121.03893905100017, 14.600070201000506 ], [ 121.038683551000872, 14.600021955999978 ], [ 121.038487551000117, 14.59997596000062 ], [ 121.038299176000351, 14.599909341000341 ], [ 121.038087550000682, 14.599798224000324 ], [ 121.037973800000145, 14.599716855000224 ], [ 121.037897924000617, 14.599636610000459 ], [ 121.037671423000802, 14.599496496000199 ], [ 121.037607923000337, 14.599462498000264 ], [ 121.037549798000327, 14.599441250000609 ], [ 121.037469548000445, 14.599432500999967 ], [ 121.037275423000892, 14.59942725200051 ], [ 121.036986048000131, 14.599416630000519 ], [ 121.036940423000715, 14.599396256000432 ], [ 121.036497678000046, 14.600083090000282 ], [ 121.035993058000372, 14.600885792000042 ], [ 121.035916309000527, 14.60101616000037 ], [ 121.035691937000365, 14.601518504000353 ], [ 121.03564956300022, 14.601617623000323 ], [ 121.035518311000374, 14.601958920000413 ], [ 121.035448111000164, 14.602147418000357 ], [ 121.035419265000087, 14.602185279000366 ], [ 121.035385275000294, 14.602218600000185 ], [ 121.035346848000131, 14.60224668900031 ], [ 121.035311768000156, 14.602265788000182 ], [ 121.035274638000374, 14.602280512000334 ], [ 121.035224567000228, 14.602292708000277 ], [ 121.034197941000457, 14.602072603000295 ], [ 121.033853944000157, 14.602433832000429 ], [ 121.033567946000289, 14.602786561000414 ], [ 121.032912578000605, 14.603841123000052 ], [ 121.032565657000532, 14.60444802200027 ], [ 121.032827384000257, 14.604628919000049 ], [ 121.033049266000148, 14.604830630000151 ], [ 121.033204615000159, 14.605015396000169 ], [ 121.033377047000045, 14.605148325000073 ], [ 121.035214825000025, 14.604946181 ], [ 121.035559467000098, 14.604901505000043 ], [ 121.035693495000032, 14.604892995000057 ], [ 121.035799148000137, 14.604889345000117 ], [ 121.035945030838548, 14.604892533610041 ], [ 121.036068167945473, 14.604871118460892 ], [ 121.036160372059271, 14.60483304708481 ], [ 121.036241868598836, 14.604808062744155 ], [ 121.036304329450218, 14.604800924361314 ], [ 121.036372144088773, 14.604812226801016 ], [ 121.036415569252313, 14.60483066762373 ], [ 121.036504799039903, 14.604908000106548 ], [ 121.036585105848985, 14.605041844788047 ], [ 121.036627304000035, 14.605134202000045 ], [ 121.036738060000175, 14.605297205000113 ], [ 121.036825836000162, 14.605473066 ], [ 121.036869960000104, 14.605541859000084 ], [ 121.03707698900007, 14.605719499000088 ], [ 121.037230431000012, 14.605865946 ], [ 121.038103278000335, 14.606629798000142 ], [ 121.038583661000075, 14.607053060000169 ], [ 121.03870809700004, 14.607165083000098 ], [ 121.039176133135015, 14.607550831512526 ], [ 121.040057433465904, 14.606909645336543 ], [ 121.041815855149366, 14.605570008790153 ], [ 121.042865197453239, 14.604753853664988 ], [ 121.044638995681908, 14.603400610917276 ] ] ] ] } }
]
}
